VB_ID,ID_Num,FIRE_NAME,FIRE_YEAR,WFU,Veg,AGENCY,ICS_CODE,PCT_FS,FIRESIZE_HA,BA90_HA,BA90_PCT,MaxPatch_HA,IGNITION_DATE,CONT_DATE,q,TMAX,MAXTMIN,T_dist,MAX_WSF5,W_dist
1984BADGER,6,BADGER,1984,no,Forest,"USF,NPS",LNF,25.71,450,79,17.5,34,19840718,19840725.0,0.00920423503473247,28.3,15.6,14.2,NA,NA
1984BODFISH,8,BODFISH,1984,no,Shrub/Grass,USF,SQF,53.26,9530,2999,31.5,1318,19840707,19840714.0,NA,40.0,25.0,23.2,NA,NA
1985BARTLETT,29,BARTLETT,1985,yes,Forest,NPS,YNP,0.0,427,88,20.7,70,19850725,19851110.0,0.0111586734621403,33.9,18.3,7.7,NA,NA
1985BUCK,31,BUCK,1985,yes,Forest,NPS,YNP,0.0,141,24,17.2,11,19850809,19851110.0,0.01977462759454,29.4,17.8,15.2,NA,NA
1985CAENF00000066,21,1985CAENF00000066,1985,no,Forest,USF,ENF,42.04,129,43,33.6,37,19850810,19850812.0,0.00747139549046534,21.7,11.7,21.6,NA,NA
1985CAINF00000070,22,1985CAINF00000070,1985,no,Forest,USF,INF,88.54,87,5,5.8,1,19850817,19850817.0,0.0276911588980529,31.1,15.0,39.7,NA,NA
1985CALNF00000031,24,1985CALNF00000031,1985,no,Forest,USF,LNF,98.81,89,42,47.0,42,19850717,19850720.0,0.0108948558908885,31.1,11.1,44.8,NA,NA
1985CALNF00000069,25,1985CALNF00000069,1985,no,Forest,USF,LNF,99.98,217,127,58.4,121,19851020,19851024.0,0.00496931243193866,13.9,0.0,26.4,NA,NA
1985DELTA,33,DELTA,1985,no,Forest,USF,SHF,5.64,848,401,47.3,386,19850718,19850721.0,0.00185435784993555,41.7,21.1,27.0,NA,NA
1985DOUGHERTY,34,DOUGHERTY,1985,yes,Forest,NPS,KNP,0.0,1072,79,7.4,26,19850625,19851013.0,0.0145927477731078,30.0,16.1,38.5,NA,NA
1985MAMMOTH,40,MAMMOTH,1985,no,Forest,USF,SNF,70.7,316,29,9.3,29,19850702,19850704.0,0.00842938784173958,38.9,15.6,7.0,NA,NA
1985OWENS,41,OWENS,1985,no,Grass,CDF,BDU,94.27,1220,267,21.9,99,19850807,19850808.0,NA,29.4,10.0,39.1,NA,NA
1985PATE_VALLEY,42,PATE VALLEY,1985,no,Forest,NPS,YNP,0.0,713,138,19.3,77,19850630,19850707.0,0.00783881469040722,33.9,15.0,18.8,NA,NA
1985RICH_BAR,43,RICH BAR,1985,no,Forest,USF,SQF,79.38,3295,1307,39.7,507,19850628,19850630.0,0.00662937752794894,43.9,27.2,6.4,NA,NA
1985RIVER,44,RIVER,1985,no,Forest,USF,STF,100.0,134,8,6.2,5,19850831,19850902.0,0.0250676675524445,35.0,14.4,17.0,NA,NA
1985TRELOAR_CMPLX,48,TRELOAR COMPLEX,1985,no,Forest,USF,SHF,100.0,1612,243,15.1,115,19850726,19850806.0,0.0085996334266624,42.8,16.7,8.5,NA,NA
1986CAENF00000082,52,1986CAENF00000082,1986,no,Forest,USF,ENF,99.95,239,24,10.1,22,19861029,19861105.0,0.00889738977893074,25.0,12.2,28.6,NA,NA
1986CASCADE_CREEK,58,CASCADE CREEK,1986,yes,Forest,NPS,YNP,0.0,837,16,1.9,7,19860727,19860922.0,0.0235462322079303,35.0,18.3,9.8,NA,NA
1986DEER,59,DEER,1986,no,Forest,USF,SNF,100.0,5349,1204,22.5,206,19860909,19860920.0,0.00611190942795152,20.0,6.1,14.5,NA,NA
1986GLACIER_POINT,61,GLACIER POINT,1986,no,Forest,NPS,YNP,0.0,278,122,43.8,98,19860627,19860701.0,0.00534442251634017,31.7,15.6,4.3,NA,NA
1987ASSIST_PNF,71,ASSIST P.N.F.,1987,no,Forest,CDF,LMU,63.24,499,244,49.0,201,19870831,19870908.0,0.00322922930476037,35.0,15.6,13.8,NA,NA
1987BEAR,72,BEAR,1987,no,Forest,USF,SHF,97.58,2132,147,6.9,35,19870830,19870914.0,0.0118641101860774,40.0,14.4,18.5,NA,NA
1987BEARCAT,73,BEARCAT,1987,no,Forest,USF,KNF,94.96,1157,40,3.4,16,19870830,19870918.0,0.01596695219577,NA,NA,NA,NA,NA
1987BETTY_BLAKE,74,BETTY BLAKE,1987,yes,Forest,NPS,YNP,0.0,159,16,9.8,13,19870717,19871120.0,0.0146488291332706,37.2,19.4,11.1,NA,NA
1987BIG,75,BIG,1987,no,Forest,USF,TNF,72.3,427,37,8.6,18,19870831,19870906.0,0.00922448167301534,37.8,21.7,24.2,NA,NA
1987BLAKE,76,BLAKE,1987,no,Forest,USF,SRF,99.5,1413,345,24.4,281,19870830,19870905.0,0.00413184005400445,NA,NA,NA,NA,NA
1987CEDAR,78,CEDAR,1987,no,Forest,USF,MDF,83.26,283,29,10.3,10,19870901,19870912.0,0.018904558244924,34.4,14.4,5.2,NA,NA
1987CHAWANAKEE,79,CHAWANAKEE,1987,no,Forest,USF,SNF,100.0,713,48,6.7,12,19870622,19870626.0,0.018769696373898,NA,NA,NA,NA,NA
1987CHINA,80,CHINA,1987,no,Hardwood,USF,SNF,50.95,126,10,7.8,7,19870830,19870901.0,NA,28.9,13.9,13.3,NA,NA
1987CHINA_KNF,81,CHINA,1987,no,Forest,USF,KNF,96.11,1332,112,8.4,25,19870830,19870907.0,0.0118799390008056,42.2,12.2,8.7,NA,NA
1987CHINA_SHF,82,CHINA,1987,no,Forest,USF,SHF,100.0,3696,726,19.6,380,19870830,19871013.0,0.00556141434552405,39.4,14.4,8.9,NA,NA
1987CLARK,129,PLUMAS NF #531 (CLARK),1987,no,Forest,CDF,BTU,73.47,15861,5351,33.7,781,19870830,19870905.0,0.00370828677907718,35.6,16.1,25.2,NA,NA
1987CLAVEY_CMPLX,83,CLAVEY 87 CMPLX,1987,no,Forest,USF,STF,98.1,3537,708,20.0,324,19870831,19871012.0,0.00616985988901007,33.9,23.9,15.2,NA,NA
1987COLD,84,COLD,1987,no,Forest,USF,SHF,98.37,6678,387,5.8,96,19870830,19870911.0,0.0112507762581717,NA,NA,NA,NA,NA
1987DOE,85,DOE,1987,no,Forest,USF,SHF,100.0,932,256,27.5,121,19870830,19870907.0,0.00612260519760728,33.9,11.7,14.4,NA,NA
1987DOG_CREEK,86,DOG CREEK,1987,yes,Forest,NPS,KNP,0.0,170,11,6.3,4,19870708,19871027.0,0.0226298369442311,29.4,16.1,35.1,NA,NA
1987EAST,87,EAST,1987,no,Forest,USF,SHF,97.44,4643,932,20.1,584,19870830,19870907.0,0.00208613532706111,41.7,13.3,14.5,NA,NA
1987ELK_LICK,88,ELK LICK,1987,no,Forest,USF,KNF,100.0,448,28,6.3,12,19870830,19870907.0,0.0144359852649516,37.8,19.8,15.9,NA,NA
1987EVER,89,EVER,1987,no,Forest,USF,STF,92.16,215,161,74.8,160,19870828,19870829.0,0.00254196906766541,NA,NA,NA,NA,NA
1987FAY,90,FAY,1987,no,Forest,USF,SQF,81.37,4640,1147,24.7,664,19870830,19870905.0,0.00281403632664553,38.9,22.8,13.7,NA,NA
1987FLUME,92,FLUME,1987,no,Forest,USF,SHF,100.0,5277,813,15.4,198,19870830,19870910.0,0.00640504936585152,NA,NA,NA,NA,NA
1987FORT_COPPER,93,FORT COPPER,1987,no,Forest,USF,KNF,94.59,14703,2842,19.3,290,19870830,19871007.0,0.00582756584187584,42.2,12.2,18.0,NA,NA
1987FOUTS,94,FOUTS,1987,no,Forest,USF,MNF,91.72,6965,1752,25.2,399,19870901,19870914.0,0.00536071142909847,40.6,20.0,20.8,NA,NA
1987FRIENDLY,95,FRIENDLY,1987,no,Forest,USF,SHF,88.92,1466,407,27.7,297,19870830,19870910.0,0.00457211887687436,NA,NA,NA,NA,NA
1987FROG,96,FROG,1987,yes,Forest,NPS,YNP,0.0,1554,66,4.2,10,19870628,19871104.0,0.0199798209941104,36.1,18.3,8.6,NA,NA
1987GLASGOW,97,GLASGOW,1987,no,Forest,USF,KNF,96.56,6156,1273,20.7,480,19870830,19870922.0,0.0024930763483544,NA,NA,NA,NA,NA
1987GLEN_AULIN,98,GLEN AULIN,1987,yes,Forest,NPS,YNP,0.0,106,23,21.5,10,19870921,19871120.0,0.0164805908421668,33.9,16.7,23.1,NA,NA
1987GULCH_KNF,99,GULCH,1987,no,Forest,USF,KNF,98.74,4435,181,4.1,18,19870830,19871012.0,0.0159320608523717,42.2,12.2,9.7,NA,NA
1987GULCH_SHF,100,GULCH,1987,no,Forest,USF,SHF,89.93,2652,789,29.8,520,19870830,19870911.0,0.00387449599761072,40.0,14.4,23.7,NA,NA
1987HAMM_CMPLX,102,HAMM 87 CMPLX,1987,no,Forest,USF,STF,93.66,13624,2993,22.0,431,19870830,19870913.0,0.00491943930383619,NA,NA,NA,NA,NA
1987HASLOE_CMPLX,103,HASLOE 87 CMPLX,1987,no,Forest,USF,STF,70.47,2783,1073,38.5,790,19870901,19870907.0,0.00405407694009318,NA,NA,NA,NA,NA
1987HIGHROCK,104,HIGHROCK,1987,no,Forest,USF,MDF,95.35,455,33,7.3,17,19870901,19870912.0,0.0103839730743477,30.6,12.2,12.3,NA,NA
1987HOTELLING,105,HOTELLING,1987,no,Forest,USF,KNF,100.0,7453,696,9.3,268,19870830,19871017.0,0.00780612280044944,39.4,14.4,13.9,NA,NA
1987INDIAN,106,INDIAN,1987,no,Forest,USF,TNF,99.93,3791,1523,40.2,939,19870829,19870911.0,0.00208642129362071,35.0,16.7,11.7,NA,NA
1987JARREL,107,JARREL,1987,no,Forest,"USF,NPS",STF,22.55,742,25,3.3,13,19870903,19870912.0,0.0149624928119349,NA,NA,NA,NA,NA
1987JESSIE,109,JESSIE,1987,no,Forest,USF,SHF,61.0,1385,148,10.7,37,19870830,19870912.0,0.0117015515902741,NA,NA,NA,NA,NA
1987KELSEY,110,KELSEY,1987,no,Forest,USF,KNF,96.4,1753,96,5.5,46,19870830,19870925.0,0.00924270677042257,37.8,12.8,25.3,NA,NA
1987KING_TITUS,111,KING TITUS,1987,no,Forest,USF,KNF,99.21,28891,2092,7.2,132,19870830,19871018.0,0.0101770669558678,42.2,12.2,18.9,NA,NA
1987LAKE,112,LAKE,1987,no,Forest,USF,KNF,99.79,7655,247,3.2,41,19870830,19870928.0,0.0131608523916823,42.2,12.2,18.5,NA,NA
1987LARSON_CMPLX,113,LARSON 87 CMPLX,1987,no,Forest,USF,STF,93.35,19551,3752,19.2,754,19870830,19870910.0,0.00468796356409194,NA,NA,NA,NA,NA
1987LAUREL,115,LAUREL,1987,no,Forest,USF,INF,85.1,469,112,23.9,51,19870830,19870904.0,0.0105148315692118,26.1,12.2,50.7,NA,NA
1987LAZYMAN,116,LAZYMAN,1987,no,Forest,USF,SHF,100.0,606,20,3.3,8,19870901,19870921.0,0.0199251883750033,37.8,12.2,30.0,NA,NA
1987LIGHTNING120,117,LIGHTNING #120 (CRANK),1987,no,Forest,CDF,LMU,12.39,1725,853,49.5,661,19870831,19870908.0,0.00210651191497664,35.6,8.3,22.5,NA,NA
1987LOST,118,LOST,1987,no,Forest,USF,LNF,95.64,9672,4685,48.4,1674,19870831,19870908.0,0.00164237596867033,37.8,12.2,19.5,NA,NA
1987LOST_BEAR,119,LOST BEAR,1987,yes,Forest,NPS,YNP,0.0,809,33,4.1,5,19870723,19871120.0,0.0229766905876468,37.2,19.4,9.6,NA,NA
1987MAMMOTH,120,MAMMOTH,1987,no,Forest,USF,INF,99.82,183,36,19.8,36,19870822,19870825.0,0.00730380369389973,19.4,3.9,50.7,NA,NA
1987MENDENHALL,121,MENDENHALL,1987,no,Forest,CDF,MEU,57.86,21919,8586,39.2,4875,19870831,19870917.0,0.00114660561368948,41.7,15.6,21.4,NA,NA
1987NIELON,122,NIELON,1987,no,Forest,USF,KNF,100.0,649,199,30.6,186,19870830,19870921.0,0.00290618697399389,NA,NA,NA,NA,NA
1987PALMER,123,PALMER,1987,no,Forest,USF,TNF,57.56,862,187,21.7,105,19870829,19870908.0,0.00668563532592155,27.2,16.7,9.1,NA,NA
1987PAPER_CMPLX,126,PAPER 87 CMPLX,1987,no,Forest,USF,STF,71.61,15232,4120,27.1,1775,19870831,19871012.0,0.00294865504851201,33.9,23.9,19.9,NA,NA
1987PEANUT,127,PEANUT,1987,no,Forest,USF,SHF,84.67,2608,599,23.0,208,19870830,19870912.0,0.00667322038651171,NA,NA,NA,NA,NA
1987PIERCE,128,PIERCE,1987,no,Forest,CDF,TUU,74.57,290,37,12.7,13,19870829,19870905.0,0.0125372390104163,26.1,13.9,7.5,NA,NA
1987QUAKING,130,QUAKING,1987,no,Forest,USF,MDF,96.75,1787,464,25.9,201,19870715,19870721.0,0.00721039127532091,33.3,18.3,30.5,NA,NA
1987RIPSTEIN,131,RIPSTEIN,1987,no,Forest,USF,SHF,100.0,1378,459,33.3,189,19870830,19870926.0,0.00509196041675799,41.7,13.3,20.9,NA,NA
1987RIVER,132,RIVER II,1987,no,Forest,USF,STF,93.81,285,7,2.6,6,19870830,19870904.0,0.0217858641340565,40.0,15.0,18.4,NA,NA
1987SAINT_CLAIRE,134,SAINT CLAIRE,1987,no,Forest,USF,KNF,100.0,3497,114,3.2,17,19870830,19871010.0,0.0207386645408269,39.4,14.4,6.2,NA,NA
1987SLATER,136,SLATER,1987,no,Forest,USF,KNF,96.89,2577,328,12.7,99,19870830,19870920.0,0.00980671112858863,42.2,12.2,4.1,NA,NA
1987SLIDES,137,SLIDES,1987,no,Forest,USF,MNF,100.0,398,8,2.0,8,19870901,19870919.0,NA,37.8,12.2,32.7,NA,NA
1987SNAG_CMPLX,138,SNAG COMPLEX,1987,no,Forest,NPS,LNP,0.0,325,29,8.9,11,19870901,19870909.0,0.0182257245437484,31.7,12.2,21.7,NA,NA
1987STRAUSE,139,STRAUSE,1987,no,Forest,USF,SHF,100.0,2646,783,29.6,193,19870830,19871013.0,0.00547946262370704,39.4,14.4,16.6,NA,NA
1987TEN_BALD,140,TEN BALD,1987,no,Forest,USF,KNF,100.0,7946,969,12.2,86,19870830,19871015.0,0.00941060015002436,42.2,12.2,13.7,NA,NA
1987THOMPSON,141,THOMPSON,1987,no,Forest,USF,KNF,100.0,2039,88,4.3,13,19870830,19871020.0,0.0163716444408818,42.2,12.2,14.6,NA,NA
1987TRAVIS,142,TRAVIS,1987,no,Forest,USF,SRF,92.86,4781,725,15.2,234,19870831,19870906.0,0.00561088474590567,41.1,12.8,32.3,NA,NA
1987TRINITY,143,TRINITY,1987,no,Forest,USF,SHF,100.0,570,20,3.4,6,19870830,19870912.0,0.017216179521777,NA,NA,NA,NA,NA
1987USF05141987000282,68, ,1987,no,Forest,USF,SHF,100.0,420,24,5.7,12,19870830,19870912.0,0.0126951615943668,NA,NA,NA,NA,NA
1987WALLOW,145,WALLOW,1987,no,Forest,USF,SHF,96.05,1395,21,1.5,13,19870830,19870920.0,0.0138344735991456,NA,NA,NA,NA,NA
1987YELLOW2,146,YELLOW #2,1987,no,Forest,USF,KNF,99.99,21741,2305,10.6,451,19870830,19871120.0,0.00470575595259311,NA,NA,NA,NA,NA
1988ALASKA,156,ALASKA,1988,yes,Forest,NPS,YNP,0.0,770,8,1.1,4,19880818,19881119.0,0.0215802430451433,37.8,20.6,11.3,NA,NA
1988BUCKEYE,160,BUCKEYE,1988,yes,Forest,NPS,KNP,0.0,1290,302,23.4,255,19881016,19881023.0,0.00431746946267346,21.7,2.8,7.9,NA,NA
1988CALNF00000155,153,1988CALNF00000155,1988,no,Forest,USF,LNF,85.0,375,235,62.5,226,19880828,19880901.0,0.0021516586312401,36.7,14.4,31.6,NA,NA
1988CLEARINGHOUSE,163,CLEARHOUSE,1988,no,Forest,USF,STF,93.99,1021,36,3.5,10,19880702,19880708.0,0.0169593784829452,NA,NA,NA,NA,NA
1988EAST_LECONTE,166,EAST LECONTE,1988,yes,Forest,NPS,YNP,0.0,1519,20,1.3,11,19880620,19881119.0,0.017400028263472,37.2,23.9,11.2,NA,NA
1988ECHO,167,ECHO,1988,yes,Forest,NPS,YNP,0.0,577,35,6.0,7,19880621,19881110.0,0.0251103616436347,38.3,20.6,13.4,NA,NA
1988ELBOW,170,ELBOW,1988,yes,Forest,NPS,YNP,0.0,184,3,1.7,3,19880810,19881110.0,0.0188436260845806,24.0,9.5,18.9,NA,NA
1988GARNET,172,GARNET,1988,no,Forest,USF,SNF,100.0,924,33,3.5,13,19880829,19880902.0,0.0155248307178002,38.9,22.8,7.5,NA,NA
1988HAVILAH,174,HAVILAH,1988,no,Shrub,USF,SQF,51.77,652,216,33.1,196,19880811,19880814.0,NA,31.1,8.3,31.5,NA,NA
1988HERMIT,175,HERMIT,1988,no,Forest,USF,SHF,97.71,3391,1158,34.1,356,19880928,19881002.0,0.00365459601168164,32.2,3.9,20.7,NA,NA
1988LETTS,178,LETTS,1988,no,Forest,USF,MNF,96.15,1340,193,14.4,72,19881205,19881212.0,0.00865927549583648,NA,NA,NA,NA,NA
1988LIGHTNING97,179,LIGHTNING #97 (BISON),1988,no,Forest,CDF,LMU,20.45,1386,769,55.5,689,19880810,19880817.0,0.00201191421605343,32.2,12.2,22.4,NA,NA
1988OBELISK,181,OBELISK,1988,no,Forest,USF,SNF,99.91,3045,289,9.5,36,19880724,19880801.0,0.0131734348636591,28.3,16.1,18.5,NA,NA
1988POWDERHOUSE,182,POWDERHOUSE,1988,no,Shrub,USF,MNF,80.59,906,6,0.7,3,19880826,19880828.0,NA,42.2,19.4,10.3,NA,NA
1988QUARTZITE,183,QUARTZITE,1988,yes,Forest,NPS,YNP,0.0,248,42,17.1,11,19880902,19881110.0,0.019011299493962,37.8,20.6,16.1,NA,NA
1988SIMPSON,185,SIMPSON,1988,yes,Forest,NPS,KNP,0.0,492,10,2.0,7,19880721,19880901.0,0.020083557210901,29.4,16.7,40.5,NA,NA
1988USF05131988000061,148, ,1988,no,Forest,USF,SQF,97.29,286,67,23.5,33,19880704,19880705.0,0.00864328361164306,32.2,10.0,28.7,NA,NA
1988USF05131988000066,149, ,1988,no,Shrub,USF,SQF,100.0,310,152,49.2,108,19880708,19880709.0,NA,32.8,10.6,26.7,NA,NA
1988USF05131988000074,150, ,1988,no,Shrub,USF,SQF,99.32,397,313,78.7,310,19880721,19880722.0,NA,41.7,26.1,26.7,NA,NA
1988USFS_ASSIST3,188,USFS ASSIST 3,1988,no,Forest,CDF,NEU,87.89,244,7,3.1,5,19880327,19880404.0,0.02326781422218,23.3,3.9,13.8,NA,NA
1988VERN,189,VERN,1988,yes,Forest,NPS,YNP,0.0,289,4,1.3,3,19880910,19881110.0,0.0213010531832737,31.1,13.3,6.8,NA,NA
1988WALKER,190,WALKER,1988,no,Forest,NPS,YNP,0.0,1247,283,22.7,176,19880620,19881110.0,0.00487047219649457,38.3,20.6,12.9,NA,NA
1989BALCH,193,BALCH,1989,no,Forest,USF,SNF,100.0,3584,574,16.0,161,19890729,19890809.0,0.00871150795426734,36.7,22.2,4.2,NA,NA
1989BURROUGH,194,BURROUGH,1989,no,Hardwood,CDF,FKU,64.41,637,3,0.5,2,19890723,19890730.0,NA,36.1,21.1,19.0,NA,NA
1989LAYMAN,197,LAYMAN,1989,no,Forest,USF,PNF,90.8,2012,580,28.8,212,19890906,19890912.0,0.00527200653238726,26.1,4.4,15.2,NA,NA
1989POWERHOUSE,202,POWDERHOUSE,1989,no,Forest,USF,SNF,62.04,4863,480,9.9,99,19890728,19890803.0,0.00887807523500612,36.1,20.0,4.8,NA,NA
1989RACK,203,RACK,1989,no,Forest,USF,PNF,100.0,1400,552,39.4,189,19890708,19890712.0,0.00534420018178785,34.4,16.1,20.6,NA,NA
1990A_ROCK,210,A-ROCK,1990,no,Forest,NPS,YNP,59.24,7281,2682,36.8,1513,19900807,19900821.0,0.00216668440027353,37.8,19.4,17.6,NA,NA
1990AVALANCHE,211,AVALANCHE,1990,yes,Forest,NPS,KNP,0.0,1157,161,13.9,38,19900713,19901029.0,0.0113447592772815,31.1,25.6,21.0,NA,NA
1990BUTTES,214,BUTTES,1990,no,Forest,USF,TNF,68.18,122,44,36.3,41,19900807,19900813.0,0.00638192316917178,37.2,16.7,1.5,NA,NA
1990CALNF00000109,207,1990CALNF00000109,1990,no,Forest,USF,LNF,100.0,136,71,51.9,71,19900911,19900913.0,0.00549599479148872,27.8,15.0,4.5,NA,NA
1990COTTONWOOD,216,COTTONWOOD,1990,no,Forest,CDF,TCU,85.83,991,326,32.9,205,19900913,19900920.0,0.00404593400078806,33.9,11.1,16.8,NA,NA
1990CROWDER_MTN,217,CROWDER MOUNTAIN,1990,no,Shrub,USF,MDF,100.0,412,133,32.4,32,19900712,19900906.0,NA,38.3,13.3,29.8,NA,NA
1990GREENHORN,221,GREENHORN,1990,no,Forest,USF,PNF,79.06,165,45,27.3,22,19900629,19900703.0,0.00908970790957527,NA,NA,NA,NA,NA
1990KIRCH,222,KIRCH,1990,no,Forest,USF,SNF,95.36,1507,165,11.0,66,19900720,19900724.0,0.0106769025380116,37.8,23.9,8.1,NA,NA
1990LAUREL_LAKE2,223,LAUREL LAKE 2,1990,no,Forest,NPS,YNP,0.0,336,5,1.4,1,19900813,19900820.0,0.0392852594833056,31.7,16.7,4.9,NA,NA
1990PIUTE,227,PIUTE,1990,no,Forest,NPS,YNP,0.0,224,14,6.1,3,19900813,19900914.0,0.0276579644973995,NA,NA,NA,NA,NA
1990RECER,228,RECER,1990,no,Forest,USF,MNF,95.38,1389,207,14.9,74,19900808,19900902.0,0.0083069093269736,40.6,17.8,32.2,NA,NA
1990SAVAGE,229,SAVAGE,1990,no,Forest,USF,SNF,94.27,786,224,28.5,106,19900830,19900902.0,0.00692247108756059,24.4,7.2,26.2,NA,NA
1990STEAMBOAT,230,STEAMBOAT,1990,no,Forest,NPS,YNP,0.0,2470,338,13.7,132,19900807,19900820.0,0.00600249713798137,37.8,19.4,13.1,NA,NA
1990STORMY,231,STORMY,1990,no,Forest,USF,SQF,98.39,9493,6114,64.4,5218,19900805,19900901.0,7.45561047712956e-4,42.8,26.7,8.0,NA,NA
1990T_GROVE4,232,T-GROVE 4,1990,no,Forest,NPS,YNP,0.0,301,4,1.3,3,19900807,19900816.0,0.020330105449764,NA,NA,NA,NA,NA
1990WALKER,233,WALKER,1990,no,Forest,USF,PNF,100.0,472,134,28.4,93,19900806,19900808.0,0.00623445372179553,43.3,14.4,20.6,NA,NA
1991BEAR,236,BEAR,1991,no,Forest,USF,MNF,100.0,339,15,4.5,13,19910128,19910201.0,0.0155722751918322,19.4,0.0,23.1,NA,NA
1991FROG,238,FROG,1991,yes,Forest,NPS,YNP,0.0,1232,32,2.6,4,19910906,19910921.0,0.0266643134347765,32.8,16.7,1.8,NA,NA
1991ILL,239,ILL,1991,no,Forest,NPS,YNP,0.0,1430,250,17.5,91,19910907,19910924.0,0.00988491377085986,33.9,14.4,6.8,NA,NA
1991ROCK,242,ROCK,1991,no,Forest,USF,SHF,94.0,451,240,53.2,231,19910918,19910922.0,0.00370085503880493,NA,NA,NA,NA,NA
1992ABERDEEN,246,ABERDEEN,1992,no,Shrub,USF,INF,81.72,210,136,64.8,67,19920624,19920701.0,NA,37.2,16.7,21.7,NA,NA
1992CALLBOX,248,CALLBOX,1992,no,Forest,USF,SQF,100.0,648,253,39.0,93,19920524,19920524.0,0.0092247049383178,29.4,6.7,20.2,NA,NA
1992CHAGOOPA,249,CHAGOOPA,1992,yes,Forest,NPS,KNP,0.0,255,17,6.7,5,19920715,19920920.0,0.0180206414000344,30.0,12.2,31.2,NA,NA
1992CLEVELAND,250,CLEVELAND,1992,no,Forest,USF,ENF,46.52,9258,5252,56.7,2307,19920929,19921012.0,9.67463384018037e-4,32.8,11.1,16.9,NA,NA
1992DOME,253,DOME,1992,no,Forest,NPS,YNP,0.0,100,15,14.9,7,19920621,19920627.0,0.0183428790157766,NA,NA,NA,NA,NA
1992ITALIAN,256,ITALIAN,1992,no,Forest,USF,SNF,74.13,888,11,1.2,4,19920813,19920820.0,0.0312827358947,38.9,25.6,10.7,NA,NA
1992OSTRANDER,259,OSTRANDER,1992,yes,Forest,NPS,YNP,0.0,165,6,3.8,6,19920811,19920822.0,0.0162600726556691,37.2,20.6,12.7,NA,NA
1992RAINBOW,260,RAINBOW,1992,no,Forest,USF,INF,92.22,3422,828,24.2,287,19920820,19920916.0,0.00504891358687863,23.3,9.4,37.1,NA,NA
1992RATTLESNAKE,261,RATTLESNAKE,1992,yes,Forest,NPS,KNP,0.0,138,13,9.3,10,19920716,19921018.0,0.0155251798105054,30.0,12.2,32.7,NA,NA
1992RUBY,262,RUBY,1992,no,Forest,USF,STF,77.43,1718,1209,70.4,1168,19920907,19920909.0,0.00118553882639211,24.4,10.0,17.9,NA,NA
1993BUCK_PEAK,267,BUCK PEAK,1993,yes,Forest,NPS,KNP,0.0,836,50,6.0,17,19930622,19931116.0,0.0179201414500926,28.9,16.1,13.7,NA,NA
1993CAINF00000035,264,1993CAINF00000035,1993,no,Grass,USF,INF,100.0,207,38,18.2,14,19930802,19930803.0,NA,32.2,13.9,27.8,NA,NA
1993ROAD,274,ROAD,1993,no,Forest,USF,ENF,62.05,128,17,13.1,8,19930510,19930512.0,NA,28.3,12.8,4.9,NA,NA
1994BARKLEY,280,BARKLEY,1994,no,Forest,CDF,TGU,71.4,18124,544,3.0,332,19940918,19940925.0,0.00435821917013021,32.8,12.8,17.0,NA,NA
1994BEAR,281,BEAR,1994,no,Forest,USF,KNF,100.0,834,197,23.6,161,19940721,19940728.0,0.00304046529889787,41.7,18.9,16.4,NA,NA
1994BIG_CREEK,282,BIG CREEK,1994,no,Forest,USF,SNF,99.54,2383,546,22.9,187,19940824,19940902.0,0.00612950908995627,NA,NA,NA,NA,NA
1994COTTONWOOD,284,COTTONWOOD,1994,no,Forest,USF,TNF,74.15,19621,8780,44.7,4805,19940816,19940901.0,0.00148834659967394,31.5,3.9,13.8,NA,NA
1994CREEK,285,CREEK,1994,no,Forest,CDF,TCU,85.25,591,103,17.4,77,19940809,19940816.0,0.00764869488407149,40.6,17.8,11.9,NA,NA
1994FOUR_LANE,290,FOUR LANE,1994,no,Forest,CDF,FKU,93.3,90,23,25.8,23,19940730,19940807.0,0.0135381682829553,39.4,23.9,6.1,NA,NA
1994HIRSCHDALE,292,HIRSCHDALE,1994,no,Forest,USF,TNF,79.18,445,99,22.2,41,19940811,19940822.0,0.0101273309831955,31.7,4.4,3.0,NA,NA
1994HORIZON,293,HORIZON,1994,yes,Forest,NPS,YNP,0.0,1337,66,4.9,21,19940531,19940819.0,0.0139330970003199,37.2,19.4,11.1,NA,NA
1994JACK1,295,JACK #1,1994,no,Forest,USF,KNF,100.0,11305,1252,11.1,154,19940721,19940810.0,0.00837002230021863,41.7,18.9,26.5,NA,NA
1994LUCAS4,298,LUCAS #4,1994,no,Forest,USF,SQF,78.79,2808,820,29.2,270,19940627,19940702.0,0.00750805462019529,36.7,13.3,29.5,NA,NA
1994PEAK,300,PEAK,1994,no,Shrub,USF,SQF,99.44,1197,558,46.6,532,19940627,19940702.0,NA,36.7,13.3,26.1,NA,NA
1994SPECIMEN,306,SPECIMEN,1994,no,Forest,USF,KNF,100.0,3432,997,29.0,446,19940918,19941012.0,0.00325279640687803,NA,NA,NA,NA,NA
1994SUGARFOOT,307,SUGARFOOT,1994,no,Forest,USF,MNF,86.97,1106,162,14.7,46,19940827,19940910.0,0.0092438752339817,35.6,21.7,16.2,NA,NA
1994WHITE_BLANKET,308,WHITE BLANKET,1994,no,Shrub/Grass,USF,SQF,56.55,1060,820,77.4,811,19940621,19940626.0,NA,36.7,15.6,14.1,NA,NA
1995CASTLE,313,CASTLE WF,1995,no,Forest,NPS,KNP,0.0,736,17,2.3,3,19951109,19951211.0,0.0342432492431476,16.7,-0.6,8.6,NA,NA
1995HELESTER,316,HELESTER,1995,no,Forest,USF,TNF,100.0,258,55,21.5,55,19950811,19950816.0,0.00564040220856302,NA,NA,NA,NA,NA
1995PONY,320,PONY,1995,no,Forest,USF,KNF,100.0,852,179,21.0,146,19950801,19950815.0,0.00349413934372642,38.9,14.4,24.6,NA,NA
1995ROCKY,322,ROCKY,1995,no,Shrub,USF,SQF,100.0,698,624,89.4,621,19950717,19950719.0,NA,32.2,13.3,27.7,NA,NA
1996ACKERSON,327,ACKERSON,1996,no,Forest,NPS,YNP,18.97,24123,4078,16.9,319,19960814,19960821.0,0.00531742012768292,NA,NA,NA,NA,NA
1996BIG_ARROYO,333,BIG ARROYO,1996,yes,Forest,NPS,KNP,0.0,1410,48,3.4,7,19960802,19961105.0,0.0240609777611934,NA,NA,NA,NA,NA
1996BOREL,335,BOREL,1996,no,Forest,USF,SQF,100.0,1099,130,11.8,71,19960801,19960805.0,0.00879437041852958,34.4,15.0,19.7,NA,NA
1996CASTLE_COMPLEX,337,CASTLE COMPLEX,1996,no,Forest,NPS,KNP,0.0,1148,48,4.2,11,19960726,19961105.0,0.0173672673458318,30.0,13.3,10.4,19.7,97.8
1996DAMON,340,DAMON/LONG,1996,no,Grass,USF,MDF,95.87,9462,122,1.3,45,19960826,19960830.0,NA,33.3,17.2,14.9,NA,NA
1996DIXIE,342,DIXIE FIRE,1996,no,Forest,CDF,LMU,50.68,576,289,50.2,285,19960816,19960823.0,0.0025571952564027,31.7,10.6,14.3,NA,NA
1996FORK,345,FORK,1996,no,Forest,USF,MNF,74.47,33673,12366,36.7,2848,19960811,19960907.0,0.00241072435422186,NA,NA,NA,NA,NA
1996HORSE,349,HORSE,1996,no,Grass,USF,MDF,0.01,1053,706,67.0,548,19960810,19960813.0,NA,35.0,12.8,11.8,NA,NA
1996HOSPITAL,350,HOSPITAL,1996,no,Forest,NPS,KNP,0.0,119,28,23.3,15,19960728,19960810.0,0.00941436726486221,41.7,25.6,5.4,9.8,88.6
1996ILL,351,ILL,1996,yes,Forest,NPS,YNP,0.0,233,3,1.3,1,19961001,19961023.0,0.0340536829369612,33.3,17.2,12.5,NA,NA
1996KAWEAH,352,KAWEAH,1996,no,Forest,NPS,KNP,0.0,1824,426,23.4,190,19960813,19960825.0,0.00610500301347531,45.6,27.2,3.3,9.8,82.7
1996KIBBIE,354,KIBBIE,1996,no,Forest,NPS,YNP,56.01,118,9,7.8,9,19960814,19961120.0,0.0148350243989773,35.0,17.2,7.8,NA,NA
1996MADDALENA,355,MADDALENA,1996,no,Forest,USF,PNF,53.9,1819,408,22.4,83,19960725,19960730.0,0.0118880760503479,NA,NA,NA,13.9,57.4
1996ROCK,360,ROCK,1996,no,Forest,USF,SHF,100.0,1042,23,2.2,12,19960813,19960821.0,0.015067293191904,NA,NA,NA,NA,NA
1996ROGGE,361,ROGGE,1996,no,Forest,USF,STF,92.75,8561,470,5.5,147,19960814,19960901.0,0.0092772815890584,35.0,17.2,15.3,NA,NA
1996SIERRA,363,SIERRA,1996,no,Shrub,USF,SQF,92.11,466,236,50.6,153,19960624,19960624.0,NA,NA,NA,NA,NA,NA
1997AMPHITHEATER,370,AMPHITHEATER,1997,no,Forest,NPS,KNP,0.0,101,2,1.8,1,19970923,19970930.0,0.0377177801738281,39.4,18.9,7.5,9.8,87.6
1997CHOKE,373,CHOKE,1997,no,Forest,USF,SQF,99.93,1592,517,32.5,372,19970806,19970812.0,0.00311212573994752,28.3,16.7,13.7,17.9,67.3
1997COFFEE,374,COFFEE,1997,no,Shrub,USF,SQF,83.08,914,410,44.9,272,19970924,19970927.0,NA,36.7,18.3,5.4,11.2,85.4
1997HUFFER,377,HUFFER,1997,no,Forest,NPS,LNP,0.0,927,192,20.7,130,19970730,19970817.0,0.00439640811900859,33.3,6.1,19.2,10.7,86.0
1997JACKS,378,JACKS,1997,no,Forest,USF,SQF,98.94,2320,1501,64.7,1482,19970808,19970818.0,0.00127298399014187,37.8,22.2,5.4,11.2,89.9
1997MAYBERT,380,MAYBERT,1997,no,Forest,USF,TNF,58.09,206,50,24.4,49,19970521,19970523.0,0.00488323095955022,18.3,8.9,9.7,NA,NA
1997SUGARLOAF,383,SUGARLOAF,1997,yes,Forest,NPS,KNP,0.0,135,7,5.1,5,19970815,19971026.0,0.013585621350965,26.1,13.3,0.6,NA,NA
1998ROUGH,389,ROUGH,1998,no,Forest,USF,SNF,100.0,379,8,2.0,2,19981020,19981022.0,0.0357298029875514,27.8,12.8,9.0,NA,NA
1998TOM,390,TOM,1998,no,Shrub,USF,INF,87.81,1420,519,36.5,230,19980830,19980910.0,NA,38.3,21.1,9.2,NA,NA
1999BEAN_CREEK,391,BEAN CREEK,1999,no,Hardwood/Shrub,USF,PNF,50.17,722,78,10.7,33,19990823,19990902.0,NA,NA,NA,NA,NA,NA
1999BELL_WEST,392,BELL WEST,1999,no,Forest,USF,MDF,79.67,941,84,9.0,46,19990522,19990526.0,0.00751477785548792,29.4,12.2,4.2,NA,NA
1999BOHEMOTASH,394,BOHEMOTASH,1999,no,Forest,USF,SHF,45.79,2309,195,8.4,37,19990823,19990907.0,0.0129658405530072,39.4,23.9,8.0,NA,NA
1999BUCKS,396,BUCKS,1999,no,Forest,USF,PNF,80.83,13893,1377,9.9,107,19990823,19991010.0,0.00979290405850768,37.2,30.0,27.8,NA,NA
1999CINDER,398,CINDER,1999,no,Forest,USF,LNF,42.05,298,107,35.9,106,19990817,19990822.0,0.00509616775809373,29.4,10.0,18.7,NA,NA
1999DEER,400,DEER,1999,yes,Forest,USF,STF,100.0,140,4,2.9,2,19990806,19990806.0,0.0289663208057836,9.7,3.2,7.6,NA,NA
1999DEVILSGAP,402,DEVILS GAP,1999,no,Forest,USF,PNF,97.88,606,177,29.3,147,19990822,19990828.0,0.0049846395121571,33.3,18.3,17.0,NA,NA
1999DIVISION,403,DIVISION,1999,no,Grass,USF,INF,78.05,1289,15,1.2,3,19990329,19990407.0,NA,22.2,10.6,11.2,NA,NA
1999EAST,405,EAST,1999,no,Forest,USF,KNF,100.0,475,122,25.8,76,19990724,19990810.0,0.00831817064397618,35.6,15.6,6.7,NA,NA
1999GUN2,411,GUN II,1999,no,Forest,CDF,TGU,55.92,24609,1032,4.2,348,19990928,19991006.0,0.00465672110579045,26.7,17.2,15.0,NA,NA
1999HIGH,412,HIGH,1999,no,Forest,USF,SHF,38.62,1332,105,7.9,30,19990823,19991005.0,0.012768247631165,40.6,19.4,12.3,NA,NA
1999HIRAM,413,HIRAM,1999,yes,Forest,USF,STF,100.0,1118,110,9.8,45,19990810,19990817.0,0.0111784319364303,19.8,9.3,15.8,NA,NA
1999HORTON2,414,HORTON 2,1999,no,Forest,USF,PNF,97.96,1643,365,22.2,90,19990824,19990907.0,0.00960056374097439,32.8,12.8,14.8,NA,NA
1999JACKASS,415,JACKASS,1999,no,Forest,USF,SHF,90.91,2217,50,2.3,10,19990823,19990907.0,0.019688856950296,39.4,23.9,13.7,NA,NA
1999LECONTE,422,LECONTE,1999,yes,Hardwood,NPS,YNP,0.0,3584,1097,30.6,600,19990811,19991122.0,0.00412703597460515,26.1,10.0,9.6,NA,NA
1999LOOKOUT,424,LOOKOUT,1999,no,Forest,USF,PNF,92.33,1062,124,11.6,65,19990823,19991010.0,0.00783156792602776,35.6,13.9,15.5,NA,NA
1999LOST_BEAR,425,LOST BEAR,1999,yes,Forest,NPS,YNP,0.0,868,9,1.0,3,19990711,19991122.0,0.0288362625718191,35.0,18.9,12.1,NA,NA
1999LOST_VALLEY,426,LOST VALLEY,1999,no,Forest,NPS,YNP,0.0,363,33,9.0,6,19991106,19991108.0,0.0230227564718316,21.7,3.9,10.6,NA,NA
1999LUNCH,428,LUNCH,1999,no,Forest,USF,SHF,88.54,825,34,4.1,17,19990823,19991005.0,0.0141632895853842,40.6,19.4,19.5,NA,NA
1999ONION,433,ONION,1999,no,Forest,USF,SHF,99.12,6775,237,3.5,85,19990823,19990901.0,0.0101838584240769,NA,NA,NA,NA,NA
1999PIDGEN,435,PIDGEON,1999,no,Forest,USF,PNF,95.79,1916,169,8.8,31,19990823,19990917.0,0.0115510612230206,35.6,13.9,12.1,NA,NA
1999PILOT,436,PILOT,1999,no,Forest,USF,STF,95.95,1647,734,44.5,348,19990823,19990830.0,0.00417536986641078,NA,NA,NA,NA,NA
1999PINE,437,PINE,1999,no,Grass,USF,MDF,99.17,12374,323,2.6,64,19990823,19990830.0,NA,33.3,10.6,34.3,NA,NA
1999REPTILE,440,REPTILE,1999,no,Forest,USF,SHF,95.35,735,134,18.2,24,19990823,19991005.0,0.0113094075126406,40.6,19.4,16.0,NA,NA
1999RICHBAR_CMPLX,441,RICHBAR COMPLEX,1999,no,Forest,USF,SQF,76.87,1027,386,37.6,238,19990908,19990911.0,0.00463874949224456,35.6,20.6,26.6,NA,NA
1999SHEEP2,443,SHEEP #2,1999,no,Forest,USF,SHF,78.13,1059,111,10.5,54,19990823,19990919.0,0.00933358921358154,39.4,23.9,19.3,NA,NA
1999STAG,446,STAG,1999,no,Forest,USF,PNF,100.0,190,6,3.2,5,19990823,19990906.0,0.0269172129781894,35.6,13.9,21.5,NA,NA
1999SUGAR,447,SUGAR,1999,no,Forest,USF,SHF,79.5,2065,120,5.8,22,19990823,19990907.0,0.0184566828406923,39.4,23.9,18.2,NA,NA
2000JOURNEY,465,JOURNEY,2000,no,Forest,USF,SRF,78.32,418,106,25.4,46,20001007,20001013.0,0.00883384379532808,27.8,13.9,18.8,NA,NA
2001BELL,479,BELL,2001,no,Forest,USF,MDF,100.0,1236,409,33.1,222,20010808,20010819.0,0.00481576476432993,34.7,12.8,26.2,NA,NA
2001BLUE,480,BLUE,2001,no,Forest,USF,MDF,95.18,13926,4086,29.3,1535,20010808,20010821.0,0.00365307977636173,35.0,13.9,9.4,NA,NA
2001BRICEBURG,481,BRICEBURG,2001,no,Forest,USF,SNF,74.12,300,44,14.8,28,20010724,20010806.0,0.0112930114580897,39.4,18.9,15.0,NA,NA
2001BURNT,482,BURNT,2001,yes,Forest,NPS,KNP,0.0,948,84,8.9,22,20010730,20011217.0,0.0148338347443714,37.8,15.0,19.0,NA,NA
2001DARBY,486,DARBY,2001,no,Forest,CDF,TCU,75.29,5830,1273,21.8,253,20010905,20010924.0,0.00616720207080271,26.7,13.3,9.1,NA,NA
2001GAP,489,GAP,2001,no,Forest,USF,TNF,55.53,1013,663,65.5,663,20010812,20010820.0,0.00176703516435763,28.9,19.4,7.8,NA,NA
2001HIGHWAY,491,HIGHWAY,2001,no,Forest,USF,SQF,80.63,1691,169,10.0,32,20010703,20010930.0,0.0146963296961607,31.1,17.2,11.5,NA,NA
2001HOOVER,493,HOOVER,2001,yes,Forest,NPS,YNP,0.0,3054,317,10.4,80,20010710,20011115.0,0.00961143887672041,40.0,18.3,13.6,NA,NA
2001HYAMPOM,494,HYAMPOM,2001,no,Forest,USF,SHF,96.92,481,135,28.1,79,20010831,20010903.0,0.00585413831612487,35.6,8.9,5.7,NA,NA
2001JONES,495,JONES,2001,no,Forest,USF,KNF,92.73,637,77,12.1,18,20010509,20010515.0,0.0130368796359334,35.6,10.6,8.2,NA,NA
2001MCLAUGHLIN,498,MCLAUGHLIN,2001,no,Grass,USF,INF,83.21,1108,77,7.0,40,20010702,20010705.0,NA,30.6,8.3,10.8,NA,NA
2001MOORE,499,MOORE,2001,no,Forest,CDF,TCU,100.0,238,10,4.2,6,20011027,20011030.0,0.0196413612973218,23.9,10.6,6.4,NA,NA
2001MUSIC,500,MUSIC,2001,no,Forest,USF,SNF,95.04,93,3,3.7,1,20010817,20010821.0,0.0395737793616802,33.3,20.6,5.7,NA,NA
2001NORTH_FORK,501,NORTH FORK,2001,no,Forest,USF,SNF,93.83,1697,471,27.8,141,20010820,20010903.0,0.00488998606076382,39.4,18.9,3.8,NA,NA
2001OREGON,502,OREGON,2001,no,Forest,CDF,SHU,51.29,693,396,57.2,378,20010828,20010902.0,NA,37.2,12.2,2.6,NA,NA
2001ROCK,505,ROCK,2001,no,Forest,USF,MDF,100.0,711,73,10.3,15,20010808,20010817.0,0.0197216294658628,34.7,12.8,8.1,NA,NA
2001ROCK_CREEK,506,ROCK CREEK,2001,no,Forest,USF,TNF,100.0,231,50,21.8,44,20010510,20010514.0,0.00639067810566527,26.7,6.1,11.0,NA,NA
2001STAR,510,STAR,2001,no,Forest,USF,ENF,71.75,6842,2424,35.4,1055,20010824,20010825.0,0.0021391449653209,30.0,17.8,6.5,NA,NA
2001STREAM,511,STREAM,2001,no,Forest,USF,PNF,100.0,1469,797,54.2,627,20010725,20010803.0,0.00218404200050918,34.4,15.6,7.8,NA,NA
2001SWILLUP2,512,SWILLUP II,2001,no,Forest,USF,KNF,98.74,3327,328,9.9,86,20010915,20011030.0,0.00892402822590925,32.2,9.4,24.7,NA,NA
2001TREASURE,514,TREASURE,2001,no,Forest,USF,TNF,87.83,152,38,24.9,34,20010910,20010914.0,0.00632877478994466,29.4,7.2,4.0,NA,NA
2001TROUGH,515,TROUGH,2001,no,Forest,USF,MNF,96.03,10242,3188,31.1,773,20010808,20010820.0,0.00316289237749096,42.2,17.8,9.8,NA,NA
2001WHITE,517,WHITE,2001,no,Forest,USF,STF,99.92,101,26,25.3,26,20010819,20010823.0,0.0101547375493176,30.0,13.3,22.3,NA,NA
2001WHITE_SQF,518,WHITE,2001,no,Forest,USF,SQF,100.0,138,6,4.4,4,20010512,20010612.0,0.0219077349211208,22.8,6.1,14.8,NA,NA
2002BIRCH,521,BIRCH,2002,no,Shrub,USF,INF,100.0,1092,793,72.7,787,20020701,20020730.0,NA,45.6,12.8,1.2,NA,NA
2002CONE,527,CONE,2002,no,Forest,USF,LNF,83.06,824,338,41.0,308,20020926,20020930.0,0.00335763423970362,24.4,12.8,13.1,NA,NA
2002FORKS,534,FORKS,2002,no,Forest,USF,KNF,99.37,580,152,26.2,100,20020609,20020613.0,0.00777581879829429,25.6,12.8,11.3,NA,NA
2002FULLER,536,FULLER,2002,no,Shrub,USF,INF,97.38,2720,1203,44.2,940,20020712,20020716.0,NA,40.6,20.0,29.9,NA,NA
2002GONDOLA,538,GONDOLA,2002,no,Forest,USF,TMU,60.69,260,50,19.2,14,20020703,20020710.0,NA,32.8,14.4,3.4,NA,NA
2002MCNALLY,543,MCNALLY,2002,no,Forest,USF,SQF,99.04,61516,16836,27.4,2577,20020721,20020828.0,0.0025658180129192,32.8,12.8,12.1,NA,NA
2002PALISADE,545,PALISADE,2002,yes,Forest,NPS,KNP,0.0,612,111,18.2,34,20020826,20021110.0,0.0133282411767226,35.0,10.6,31.7,NA,NA
2002PIUTE,548,PIUTE,2002,no,Forest,USF,INF,100.0,158,44,27.5,12,20020924,20021020.0,0.0165477606257146,33.9,12.8,19.0,NA,NA
2002PLUM,549,PLUM,2002,no,Forest,USF,ENF,54.75,745,40,5.4,7,20021112,20021220.0,0.0216626166367058,25.0,5.0,13.2,NA,NA
2002SAINTPAULI,552,SAINT PAULI,2002,no,Forest,USF,ENF,94.03,133,17,13.2,17,20020726,20020730.0,0.00837594221668513,37.2,12.2,15.9,NA,NA
2002SHOWERS,553,SHOWERS,2002,no,Forest,USF,TMU,100.0,117,31,26.4,14,20020819,20020825.0,0.0117886587297057,27.2,4.4,7.4,NA,NA
2002SPI3SOURGRASS,555,SPI #3 SOURGRASS,2002,no,Forest,CDF,TCU,55.32,271,9,3.3,3,20021125,20021130.0,NA,16.1,2.2,10.5,NA,NA
2002STANZA,556,STANZA,2002,no,Forest,USF,KNF,100.0,1171,220,18.8,57,20021125,20021130.0,0.00861772377854026,17.2,1.1,16.2,NA,NA
2003ALBANITA,561,ALBANITA,2003,yes,Forest,USF,SQF,100.0,928,97,10.5,24,20030903,20031101.0,0.0142707748187704,29.4,8.9,3.2,NA,NA
2003COD_FISH,567,COD FISH,2003,no,Forest,USF,TNF,100.0,341,14,4.3,7,20030831,20030910.0,0.0154600423639181,34.4,22.2,2.9,NA,NA
2003COONEY,568,COONEY,2003,yes,Forest,USF,SQF,100.0,818,164,20.1,47,20030731,20030825.0,0.0089484161290641,26.7,14.4,11.8,NA,NA
2003DEAFY,570,DEAFY,2003,no,Forest,USF,MNF,100.0,1964,826,42.1,402,20030701,20030703.0,0.00461474614860273,32.8,6.7,15.7,NA,NA
2003DEXTER,572,DEXTER,2003,yes,Forest,USF,INF,100.0,995,74,7.4,26,20030902,20031013.0,0.013228134693053,29.4,10.6,17.8,NA,NA
2003HAPPY_CAMP,574,HAPPY CAMP,2003,no,Forest,USF,MNF,100.0,622,13,2.0,5,20030903,20030915.0,0.024476163734781,31.1,20.6,12.6,NA,NA
2003HOOKER,578,HOOKER,2003,yes,Forest,USF,SQF,100.0,969,48,5.0,18,20030903,20031101.0,0.014450464661126,29.4,8.9,5.0,NA,NA
2003KIBBIE,579,KIBBIE CMPLX,2003,yes,Forest,NPS,YNP,53.03,2788,497,17.8,73,20030729,20031107.0,0.0119075207699017,35.0,19.4,9.0,NA,NA
2003LOMA,581,LOMA,2003,no,Forest,USF,SHF,99.65,1516,125,8.3,59,20030914,20030922.0,0.00766541942918692,41.7,13.3,8.4,NA,NA
2003MOUNTAIN,583,MOUNTAIN CMPLX,2003,yes,Forest,USF,STF,100.0,1708,153,9.0,36,20030720,20031002.0,0.0152338721600759,36.7,19.4,19.7,NA,NA
2003MUD,584,MUD,2003,yes,Forest,USF,STF,100.0,1761,481,27.3,101,20030831,20031027.0,0.00791142934886726,23.5,11.6,17.8,NA,NA
2003SNAKE_CARGYLE2,592,SNAKE/CARGYLE2,2003,no,Forest,USF,SNF,100.0,336,15,4.5,10,20030903,20031120.0,0.0126706833493515,27.2,11.1,20.5,NA,NA
2003SPANISH,593,SPANISH,2003,no,Forest,USF,MNF,100.0,2487,877,35.3,528,20030927,20030928.0,0.00223095033409357,30.6,21.1,10.0,NA,NA
2003SUMMIT,594,SUMMIT,2003,yes,Forest,USF,INF,99.99,2420,344,14.2,63,20030825,20031018.0,0.00934782365006194,29.4,10.0,18.2,NA,NA
2003TUOLUMNE,595,TUOLUMNE,2003,no,Forest,NPS,YNP,0.0,1456,174,11.9,49,20030831,20031107.0,0.0110102781785849,27.8,10.6,7.0,NA,NA
2003WEST_KERN,596,WEST KERN,2003,yes,Forest,NPS,KNP,55.82,3233,76,2.3,19,20030821,20031115.0,0.0155625244088732,27.2,11.7,8.1,NA,NA
2003WHISKEY,597,WHISKEY,2003,yes,Forest,NPS,YNP,0.0,455,61,13.4,14,20030731,20031107.0,0.0126405135474068,28.3,10.6,5.8,NA,NA
2003WHIT,598,WHIT,2003,yes,Forest,USF,STF,100.0,423,35,8.2,11,20030831,20031027.0,0.0190399500221793,23.5,11.6,24.2,NA,NA
2003WILLIAMS,600,WILLIAMS,2003,yes,Forest,NPS,KNP,0.1,1478,48,3.2,18,20030728,20031015.0,0.014612912232362,28.3,15.6,2.5,NA,NA
2004BEAR,602,BEAR,2004,no,Forest,CDF,SHU,34.13,4226,679,16.1,372,20040811,20040818.0,0.00305114354199419,40.0,22.8,20.9,NA,NA
2004BLUFF,603,BLUFF,2004,yes,Forest,NPS,LNP,0.0,1379,81,5.9,12,20040628,20041020.0,0.0188255651813545,31.7,11.1,21.1,NA,NA
2004COTTONWOOD,605,COTTONWOOD,2004,no,Forest,USF,PNF,100.0,258,21,8.0,16,20040504,20040510.0,0.0101580738753793,27.2,9.4,12.4,NA,NA
2004CRAG,606,CRAG,2004,no,Forest,USF,SQF,100.0,352,94,26.7,47,20040616,20040702.0,0.00722677473391822,25.6,7.2,13.3,NA,NA
2004DEEP,609,DEEP,2004,no,Shrub,USF,SQF,100.0,1276,803,62.9,736,20040812,20040817.0,NA,40.6,24.4,1.8,NA,NA
2004EARLY,610,EARLY,2004,no,Forest,USF,STF,100.0,700,161,23.0,93,20040809,20041026.0,0.00739574445056107,NA,NA,NA,NA,NA
2004EDDY54,612,EDDY 54,2004,no,Forest,USF,KNF,99.83,377,4,1.2,2,20040410,20040417.0,0.0307803813041051,20.0,8.9,4.3,NA,NA
2004FREDS,614,FREDS,2004,no,Forest,USF,ENF,56.9,3148,1602,50.9,1280,20041013,20041017.0,0.00166434833869136,28.3,12.8,8.4,NA,NA
2004HETCHY,618,HETCHY,2004,no,Forest,NPS,YNP,0.0,784,148,18.9,54,20041015,20041018.0,0.0138599826438752,27.8,9.4,6.4,NA,NA
2004HOT_SPRINGS,619,HOTSPRINGS,2004,yes,Forest,NPS,KNP,0.0,135,49,36.5,41,20040812,20041018.0,0.00722006013874298,28.3,13.3,7.5,NA,NA
2004MEADOW,623,MEADOW WFU,2004,yes,Forest,NPS,YNP,0.0,2036,292,14.3,38,20040630,20040730.0,0.0119401419239851,35.0,15.6,8.7,NA,NA
2004NEHOUSE,624,NEHOUSE,2004,no,Forest,USF,SNF,100.0,105,18,17.6,9,20040911,20040915.0,0.0127758107171587,19.4,11.1,11.7,NA,NA
2004POWER,629,POWER,2004,no,Forest,USF,ENF,79.89,6857,2573,37.5,1701,20041006,20041021.0,0.00281605746950184,30.6,17.8,4.0,NA,NA
2004SIMS,632,SIMS,2004,no,Forest,USF,SRF,80.45,1633,794,48.6,754,20040727,20040815.0,0.00146861588060595,38.9,17.8,4.7,NA,NA
2004SOURCE,633,SOURCE,2004,no,Forest,USF,SNF,100.0,158,16,10.1,16,20040616,20040622.0,0.00898402329199209,36.7,16.7,10.3,NA,NA
2004STRAYLOR,635,STRAYLOR,2004,no,Forest,CDF,LMU,95.73,1341,526,39.2,239,20040722,20040729.0,0.00451060688757489,32.8,13.9,17.3,NA,NA
2004TUOLUMNE,636,TUOLUMNE,2004,no,Forest,USF,STF,93.44,293,139,47.2,130,20040912,20040917.0,0.00388320194386385,31.1,11.1,7.9,NA,NA
2005COMB,641,COMB,2005,yes,Forest,NPS,KNP,11.15,4143,398,9.6,73,20050722,20051201.0,0.0118392573444585,36.1,14.4,3.2,NA,NA
2005CRAG,643,CRAG,2005,yes,Forest,USF,SQF,100.0,584,19,3.3,9,20051015,20050724.0,0.0191073813688705,NA,NA,NA,NA,NA
2005DEER,644,DEER,2005,no,Forest,USF,MNF,68.26,720,380,52.7,371,20050809,20050818.0,0.00260942490928952,39.4,13.3,12.5,NA,NA
2005HARDING,646,HARDING,2005,no,Forest,USF,TNF,64.77,931,448,48.2,271,20050824,20050827.0,NA,31.1,6.1,7.1,NA,NA
2005HOGBACK,647,HOGBACK,2005,no,Forest,USF,INF,100.0,270,19,7.1,15,20050722,20050805.0,0.00876869211733813,37.8,23.3,9.0,NA,NA
2005LAUREL,650,LAUREL,2005,yes,Forest,NPS,YNP,0.0,195,7,3.5,6,20050926,20051104.0,0.0192293240315103,28.3,11.7,7.4,NA,NA
2005WAPAMA,655,WAPAMA,2005,yes,Forest,NPS,YNP,0.0,428,8,1.9,4,20050926,20051104.0,0.0256309390485853,28.3,11.7,1.9,NA,NA
2005WOOLEY,657,WOOLEY,2005,no,Forest,USF,KNF,100.0,1352,88,6.5,15,20050920,20050921.0,0.0159166795724042,35.0,10.0,22.6,NA,NA
2006BAKEOVEN_PIGEON,658,BAKE OVEN & PIGEON,2006,no,Forest,USF,SHF,99.81,41153,7475,18.2,887,20060723,20061130.0,0.00441873167940037,51.7,23.3,7.0,NA,NA
2006BASSETTS,660,BASSETTS,2006,no,Forest,USF,TNF,93.76,1054,274,26.0,136,20060919,20061006.0,0.00546850926542026,28.9,7.2,19.4,NA,NA
2006BOULDER_CMPLX,661,BOULDER CMPLX,2006,no,Forest,USF,PNF,99.79,1416,507,35.8,335,20060625,20060705.0,0.00301632782129668,33.9,15.6,7.5,NA,NA
2006BOUNDARY,662,BOUNDARY,2006,no,Forest,NPS,YNP,0.0,192,10,5.2,9,20060821,20060830.0,0.0146304440126043,33.9,11.7,5.3,NA,NA
2006BRODER_BECK,663,BRODER BECK WFU,2006,yes,Forest,USF,SQF,100.0,1413,136,9.7,33,20060726,20060929.0,0.0151565819143144,30.6,12.8,10.2,NA,NA
2006FROG,669,FROG,2006,yes,Forest,NPS,YNP,0.0,2502,57,2.3,16,20060721,20061111.0,0.021041985911689,37.8,20.6,4.0,NA,NA
2006GREASE,671,GREASE,2006,no,Forest,USF,PNF,100.0,150,15,10.2,6,20060716,20060801.0,0.019888229788323,38.9,19.4,13.2,NA,NA
2006HANCOCK,672,HANCOCK,2006,no,Forest,USF,KNF,99.97,8837,533,6.0,52,20060723,20061113.0,0.0129125049145604,45.0,21.7,16.3,NA,NA
2006HARVEY,673,HARVEY,2006,no,Forest,USF,MNF,100.0,514,11,2.2,8,20060626,20061127.0,NA,38.9,27.8,25.1,NA,NA
2006HIGH,674,HIGH,2006,no,Forest,USF,MDF,95.13,425,52,12.2,15,20060626,20060715.0,0.0200641131782308,35.0,18.9,13.5,NA,NA
2006HOTLUM,676,HOTLUM,2006,no,Shrub,USF,SHF,58.94,1220,491,40.2,277,20060224,20060304.0,NA,15.0,3.9,11.9,NA,NA
2006HUNTER,677,HUNTER,2006,no,Forest,USF,MNF,92.7,6592,775,11.7,198,20060725,20060907.0,0.00676948244516,NA,NA,NA,NA,NA
2006KINGSLEY,680,KINGSLEY,2006,no,Forest,USF,MNF,100.0,237,10,4.4,4,20060725,20060809.0,NA,NA,NA,NA,NA,NA
2006LAKIN,681,LAKIN,2006,no,Forest,USF,SHF,100.0,200,114,57.1,100,20060724,20060729.0,0.0032467000800204,35.0,21.7,5.9,NA,NA
2006LAVA,682,LAVA,2006,no,Forest,USF,MDF,100.0,85,5,5.7,4,20060628,20060709.0,0.0214249623844385,32.8,18.9,9.5,NA,NA
2006MIDDLET,684,MIDDLET,2006,no,Forest,NPS,YNP,0.0,192,12,6.1,10,20060721,20060828.0,0.0137654267380358,28.9,12.8,5.3,NA,NA
2006PANTHER,687,PANTHER,2006,no,Forest,USF,SRF,84.5,366,8,2.2,2,20060724,20060812.0,0.0310304474223606,40.6,20.6,1.6,NA,NA
2006RALSTON,691,RALSTON,2006,no,Forest,USF,TNF,72.87,3524,85,2.4,18,20060905,20060919.0,0.0188990922128485,33.3,19.4,9.0,NA,NA
2006RUSH,696,RUSH,2006,no,Forest,USF,KNF,99.73,1972,171,8.7,62,20060724,20060823.0,0.00884399757633129,32.8,21.1,20.6,NA,NA
2006SAGE,697,SAGE,2006,no,Shrub,USF,MDF,59.57,2073,1024,49.4,380,20060724,20060728.0,NA,30.8,15.2,21.5,NA,NA
2006SAWMILL,698,SAWMILL,2006,no,Forest,USF,INF,80.17,3017,1907,63.2,1727,20060914,20060923.0,0.00120488314631394,28.3,13.3,13.8,NA,NA
2006SMITH,700,SMITH,2006,no,Forest,USF,SQF,100.0,94,40,42.5,27,20060627,20060706.0,0.00707155652125491,35.0,19.4,5.4,NA,NA
2006SOMES,701,SOMES,2006,no,Forest,USF,SRF,99.53,6275,239,3.8,77,20060724,20061018.0,0.00719641885997398,40.0,21.1,6.0,NA,NA
2006TAMARACK,702,TAMARACK WFU,2006,yes,Forest,USF,SQF,100.0,1891,133,7.0,26,20060709,20061211.0,0.0165303286098995,26.7,11.7,11.6,NA,NA
2006TITUS,703,TITUS,2006,no,Forest,USF,KNF,100.0,2499,402,16.1,76,20060725,20060930.0,0.00847816251172939,38.9,17.8,21.4,NA,NA
2006UNCLES,704,UNCLES,2006,no,Forest,USF,KNF,100.0,1571,375,23.9,236,20060723,20061113.0,0.00496439073608644,43.3,18.9,12.0,NA,NA
2007ANTELOPE_CMPLX,707,ANTELOPE CMPLX,2007,no,Forest,USF,PNF,98.05,9369,4860,51.9,3683,20070705,20070713.0,0.0014648828622415,40.0,18.9,12.8,NA,NA
2007BABCOCK,708,BABCOCK,2007,yes,Forest,NPS,YNP,0.0,107,5,5.0,2,20070711,20070920.0,0.0360931752585646,35.6,18.9,16.6,NA,NA
2007BALD,709,BALD WFU,2007,yes,Forest,NPS,YNP,0.0,169,26,15.5,12,20070830,20070905.0,0.0148236548451368,25.6,11.1,7.3,NA,NA
2007CHINA,712,CHINA,2007,no,Forest,USF,KNF,92.83,1198,218,18.2,80,20070914,20070920.0,0.00803488599106111,28.9,10.0,13.0,NA,NA
2007COLBY,713,COLBY,2007,no,Forest,USF,LNF,100.0,118,19,15.8,13,20070810,20070819.0,0.016420801199899,29.4,16.1,11.4,NA,NA
2007ELK,715,ELK,2007,no,Forest,USF,KNF,100.0,466,65,13.9,24,20070710,20070804.0,0.0116508154015153,40.0,18.3,21.1,NA,NA
2007ELK_CMPLX,716,ELK CMPLX,2007,no,Forest,USF,KNF,99.08,5532,784,14.2,196,20070710,20071206.0,0.0101350420169062,40.0,18.3,15.2,NA,NA
2007FLETCHER,717,FLETCHER,2007,no,Forest,USF,MDF,27.42,3298,2474,75.0,1490,20070710,20070719.0,0.00131193216481327,34.8,12.2,19.4,NA,NA
2007GOLDLEDGE,718,GOLDLEDGE,2007,no,Forest,USF,SQF,100.0,1781,966,54.3,866,20070603,20070622.0,0.00172511725758435,33.3,9.4,14.7,NA,NA
2007GROUSE,720,GROUSE,2007,no,Forest,USF,SQF,100.0,449,159,35.5,82,20070827,20071218.0,0.00634830514718685,27.8,11.7,25.9,NA,NA
2007INYO_CMPLX,723,INYO CMPLX,2007,no,Shrub,USF,INF,64.72,11584,9709,83.8,9614,20070706,20070713.0,NA,56.1,23.9,1.6,NA,NA
2007JAMES,725,JAMES,2007,no,Shrub,USF,SQF,97.82,546,46,8.4,4,20070429,20070802.0,NA,42.2,25.0,10.2,NA,NA
2007LITTLEGRIDER,727,LITTLE GRIDER,2007,no,Forest,USF,KNF,99.36,891,47,5.2,6,20070710,20071206.0,0.022972633173573,40.0,18.3,3.3,NA,NA
2007MOONLIGHT,729,MOONLIGHT,2007,no,Forest,USF,PNF,71.17,26390,14706,55.7,5136,20070903,20070925.0,0.00101690102776922,31.7,13.3,8.2,NA,NA
2007OHAREL,731,OHAREL,2007,yes,Forest,USF,INF,100.0,264,5,1.9,3,20071029,20071218.0,0.0224207015748688,20.6,0.6,22.3,NA,NA
2007SAGE,736,SAGE,2007,no,Shrub,USF,INF,72.27,2615,2311,88.4,2302,20070706,20070711.0,NA,28.9,16.1,23.6,NA,NA
2007VISTA,740,VISTA,2007,no,Forest,USF,SQF,100.0,170,47,27.8,36,20070822,20070826.0,0.0118839327997979,30.6,11.7,11.0,NA,NA
2007WALLOW,741,WALLOW,2007,no,Forest,USF,SHF,54.7,582,242,41.5,109,20070829,20070903.0,NA,35.0,20.0,1.5,NA,NA
2008ANTELOPE,745,ANTELOPE,2008,no,Grass,CDF,TGU,58.36,1467,410,28.0,142,20080621,20080629.0,NA,36.1,20.0,17.0,NA,NA
2008ANTHONYMILNE,746,ANTHONY MILNE,2008,no,Forest,USF,KNF,100.0,777,59,7.7,33,20080628,20081216.0,0.00980284663942604,42.8,17.8,22.8,NA,NA
2008BACK,747,BACK,2008,no,Forest,USF,MNF,84.36,636,41,6.4,7,20080621,20080629.0,0.019189092746916,37.8,12.8,5.8,NA,NA
2008BEAR,749,BEAR,2008,no,Forest,USF,PNF,59.25,603,0,0.0,0,20080621,20080901.0,NA,NA,NA,NA,NA,NA
2008BONANZA,752,BONANZA,2008,no,Forest,USF,SRF,100.0,555,6,1.0,3,20080621,20080705.0,0.026431465252227,36.1,12.2,8.8,NA,NA
2008BUCKHORN,753,BUCKHORN,2008,no,Forest,USF,SHF,99.18,12343,2093,17.0,309,20080621,20080801.0,0.00517289461216826,37.2,25.0,10.8,NA,NA
2008CAREY,755,CAREY,2008,no,Forest,USF,SHF,99.99,1527,220,14.4,53,20080621,20080801.0,0.00971113791075522,25.6,13.3,23.8,NA,NA
2008CARIBOU,756,CARIBOU,2008,no,Forest,USF,KNF,100.0,5319,1084,20.4,133,20080621,20081216.0,0.00689570687738777,38.3,25.0,21.3,NA,NA
2008CASCADEL,757,CASCADEL,2008,no,Forest,USF,SNF,100.0,112,30,27.0,30,20080911,20080917.0,0.0102983674982783,37.2,15.6,5.4,NA,NA
2008CEDAR,758,CEDAR,2008,no,Forest,USF,SHF,95.88,10297,1926,18.7,606,20080621,20080801.0,0.0039433492089685,43.3,17.8,10.5,NA,NA
2008CELINA,759,CELINA,2008,no,Forest,USF,TNF,52.83,132,0,0.0,0,20080621,20080702.0,NA,NA,NA,NA,NA,NA
2008CLOVER,762,CLOVER,2008,no,Forest,USF,SQF,100.0,5992,3542,59.1,2923,20080531,20080607.0,0.00145635224041366,36.1,14.4,12.4,NA,NA
2008COLD,763,COLD,2008,no,Forest,USF,PNF,99.3,2299,1105,48.1,836,20080621,20080901.0,0.00173899065733644,41.1,16.7,16.4,NA,NA
2008CORRAL,764,CORRAL,2008,no,Forest,CDF,LMU,37.38,4879,1659,34.0,701,20080623,20080710.0,0.00400749772608203,32.8,12.8,10.9,NA,NA
2008CUB,767,CUB,2008,no,Forest,USF,LNF,98.81,6106,1159,19.0,336,20080621,20080801.0,0.00633580447375837,35.6,23.3,15.6,NA,NA
2008DOME_ROCK,770,DOME ROCK,2008,no,Forest,USF,STF,100.0,374,75,20.1,40,20080928,20081001.0,0.00750368167012826,18.6,8.4,27.6,NA,NA
2008EAGLE,771,EAGLE,2008,no,Forest,USF,SHF,88.17,12994,1403,10.8,215,20080621,20081004.0,0.00760653339668727,40.0,17.8,4.4,NA,NA
2008FALL,772,FALL,2008,no,Forest,USF,TNF,57.54,982,100,10.2,94,20080621,20080623.0,0.00565462776559615,28.3,11.7,9.9,NA,NA
2008FRIENDDARNELL,774,FRIEND DARNELL,2008,no,Forest,USF,PNF,48.16,1671,491,29.4,427,20080621,20080721.0,0.00260184937944505,41.1,26.1,18.2,NA,NA
2008GOVERNMENT,776,"GOVERNMENT, WESTVILLE",2008,no,Forest,USF,TNF,92.01,8360,2052,24.5,1516,20080621,20080801.0,0.00200737994340369,31.7,21.7,8.6,NA,NA
2008GRANITE,777,GRANITE,2008,no,Forest,USF,SHF,100.0,275,33,12.0,33,20080621,20080914.0,0.00651790756016198,38.3,25.0,11.6,NA,NA
2008GROUSE,778,GROUSE,2008,no,Forest,USF,MNF,100.0,2611,176,6.7,130,20080621,20080705.0,0.00566407092199717,32.2,17.2,21.3,NA,NA
2008GULCH,779,GULCH,2008,no,Forest,USF,SHF,96.88,1165,600,51.5,449,20080907,20080911.0,0.0030200268676885,32.8,24.4,9.6,NA,NA
2008HALF,780,HALF,2008,no,Forest,USF,SRF,93.17,6184,105,1.7,27,20080620,20080825.0,0.0172864421691755,40.0,20.0,6.5,NA,NA
2008HIDDEN,783,HIDDEN,2008,no,Forest,NPS,KNP,0.0,1492,68,4.6,14,20080910,20081008.0,0.0195241758402456,25.6,8.3,9.0,NA,NA
2008HONEYBEE,784,HONEYBEE,2008,yes,Forest,USF,INF,100.0,563,185,32.8,77,20080506,20080526.0,0.00789500269112472,41.1,18.3,11.6,NA,NA
2008IRON,788,"IRON,HARVEY,SLIDES,THOMES,VINEGAR",2008,no,Forest,USF,MNF,97.31,21310,1723,8.1,347,20080622,20080625.0,0.00530927257378243,29.4,15.0,17.3,NA,NA
2008IRONSIDE,789,IRONSIDE,2008,no,Forest,USF,SHF,99.83,5350,189,3.5,30,20080621,20080801.0,0.0109144763722808,38.3,19.4,11.6,NA,NA
2008JAKE,791,JAKE,2008,no,Forest,USF,KNF,99.84,15649,2518,16.1,409,20080621,20081003.0,0.00736670889750272,34.4,21.1,12.6,NA,NA
2008LIME,793,LIME,2008,no,Forest,USF,SHF,91.43,10898,621,5.7,63,20080620,20080813.0,0.0124528586108837,37.8,23.9,5.3,NA,NA
2008MILL,800,MILL,2008,no,Forest,CDF,TGU,34.95,5612,757,13.5,44,20080621,20080629.0,0.0179608953230839,36.1,20.0,24.2,NA,NA
2008MILL_MNF,801,MILL,2008,no,Forest,USF,MNF,80.51,1238,51,4.1,22,20080621,20080726.0,0.014406815359876,45.0,13.9,11.6,NA,NA
2008MINERS,802,MINERS,2008,no,Forest,USF,SHF,98.82,10346,962,9.3,107,20080621,20081101.0,0.00879813183342134,42.2,15.0,11.6,NA,NA
2008MONKEYROCK,803,MONKEY ROCK,2008,no,Forest,USF,MNF,100.0,783,51,6.5,35,20080621,20080714.0,0.0110191981871268,45.0,13.9,12.6,NA,NA
2008MOSES,805,MOSES,2008,no,Forest,"USF,NPS",SQF,51.33,102,1,1.3,1,20081015,20081101.0,NA,30.6,16.1,15.1,NA,NA
2008NORTHMOUNTAIN,809,NORTH MOUNTAIN,2008,no,Forest,USF,STF,71.6,1207,163,13.5,62,20080621,20080719.0,0.00832178210747767,38.9,23.9,9.0,NA,NA
2008OLIVER,810,OLIVER,2008,no,Forest,USF,SNF,94.77,1138,112,9.8,47,20080621,20080714.0,0.0100233484089001,41.1,22.8,9.5,NA,NA
2008ONION2,811,ONION2,2008,no,Forest,USF,LNF,48.64,2145,386,18.0,137,20080621,20080722.0,0.00663085845737247,34.4,15.6,16.5,NA,NA
2008PANTHER_MERRILL_HAYPRESS,813,"PANTHER, MERRILL, HAYPRESS",2008,no,Forest,USF,KNF,99.92,28457,7333,25.8,2200,20080722,20081014.0,0.00271073809064688,42.2,17.8,23.6,NA,NA
2008PEAVINE,815,PEAVINE,2008,no,Forest,USF,TNF,70.02,259,3,1.0,2,20080621,20080801.0,0.0229837731922932,37.8,24.4,11.3,NA,NA
2008PIUTE,819,PIUTE,2008,no,Forest,USF,SQF,89.15,15041,7852,52.2,5373,20080628,20080730.0,0.00216819412643878,42.2,30.6,27.4,NA,NA
2008RICH,821,RICH,2008,no,Forest,USF,PNF,88.52,2594,773,29.8,658,20080729,20080902.0,0.00251595887327433,36.7,15.6,14.6,NA,NA
2008SCOTCH,823,"SCOTCH, SOUTH FREY",2008,no,Forest,USF,PNF,91.81,10421,701,6.7,55,20080621,20080901.0,0.0113095053353118,36.1,18.3,18.7,NA,NA
2008SCOTCHMAN,824,SCOTCHMAN,2008,no,Forest,USF,TNF,45.06,508,83,16.3,38,20080621,20080623.0,0.0116201563216759,31.7,17.8,7.0,NA,NA
2008SHERWIN,825,SHERWIN,2008,no,Forest,USF,INF,100.0,137,13,9.3,12,20080803,20081014.0,0.0133328075844975,31.1,16.1,4.2,NA,NA
2008SISKIYOUBLUE2COMPLEX,827,SISKIYOU BLUE2 COMPLEX,2008,no,Forest,USF,SRF,99.82,40593,6545,16.1,681,20080621,20081003.0,0.00469559326192004,30.6,23.3,20.7,NA,NA
2008SLIDE,828,SLIDE,2008,no,Forest,USF,SHF,93.06,478,13,2.7,2,20080621,20080708.0,0.0281512552511347,38.3,18.3,6.8,NA,NA
2008TEHIPITE,836,TEHIPITE,2008,no,Forest,"USF,NPS",SNF,61.95,4881,326,6.7,30,20080724,20081028.0,0.0131681181358234,38.3,14.4,21.7,NA,NA
2008TELEPHONE,838,TELEPHONE,2008,no,Forest,USF,SHF,98.46,2983,424,14.2,70,20080620,20080813.0,0.00929155889677807,38.9,21.1,10.1,NA,NA
2008TROUGH,840,TROUGH,2008,no,Forest,USF,SHF,96.88,1515,525,34.7,186,20080621,20080813.0,0.00453039392756336,38.9,21.1,17.9,NA,NA
2008VENTURE,842,VENTURE,2008,no,Forest,CDF,SHU,56.81,828,368,44.5,357,20080621,20080704.0,NA,37.2,18.3,6.1,NA,NA
2008WHISKEY,843,WHISKEY,2008,no,Shrub,USF,MNF,64.58,3150,1447,45.9,826,20080612,20081027.0,NA,45.0,30.6,4.8,NA,NA
2008YELLOW,845,"YELLOW,CAMP,JOHNSON",2008,no,Forest,USF,MNF,99.91,13257,1848,13.9,809,20080621,20081120.0,0.00250626626704434,44.4,19.4,25.2,NA,NA
2008ZEIGLER,846,ZEIGLER,2008,no,Forest,USF,SHF,99.95,1006,20,1.9,9,20080621,20080801.0,0.0152327939426804,39.4,14.4,15.5,NA,NA
2009BACKBONE,868,LT-17(BACKBONE),2009,no,Forest,USF,SRF,100.0,2102,530,25.2,343,20090701,20090903.0,0.00365669768980821,35.6,23.3,16.5,NA,NA
2009BIG_MEADOW,847,BIG MEADOW,2009,no,Forest,NPS,YNP,2.77,3091,485,15.7,159,20090826,20090904.0,0.0062376826990395,26.6,19.4,7.0,NA,NA
2009BLACKJACK,848,BLACKJACK,2009,no,Forest,USF,INF,100.0,113,11,9.5,9,20090718,20090825.0,0.0138987959999445,38.3,25.6,11.8,NA,NA
2009BROWN,849,BROWN,2009,no,Forest,USF,LNF,91.46,734,309,42.0,271,20090801,20090812.0,0.00277592539274706,35.6,12.8,11.2,NA,NA
2009CHALK,852,CHALK,2009,no,Forest,CDF,SHU,96.71,2786,483,17.4,257,20090801,20090901.0,0.00634972123010936,41.1,21.1,14.1,NA,NA
2009ELEPHANT,855,ELEPHANT,2009,no,Forest,USF,PNF,77.77,174,5,3.2,2,20090816,20090901.0,0.029633900163537,36.1,22.8,17.1,NA,NA
2009FAIRFIELD,856,FAIRFIELD,2009,yes,Forest,NPS,LNP,0.0,673,33,4.9,12,20090803,20090930.0,0.0166129389894285,31.7,13.3,19.9,NA,NA
2009FORKS,857,FORKS,2009,no,Shrub,USF,INF,97.37,1171,944,80.6,941,20090718,20090724.0,NA,27.8,16.1,5.5,NA,NA
2009GOOSE,858,GOOSE,2009,no,Forest,CDF,SHU,61.48,1684,383,22.7,224,20090801,20091020.0,0.00359574653971483,37.2,13.3,14.1,NA,NA
2009GRANITE,859,GRANITE,2009,no,Forest,USF,SQF,100.0,577,12,2.1,5,20090720,20091102.0,0.0209966481558541,30.0,11.7,7.8,NA,NA
2009GROUSE,860,GROUSE,2009,yes,Forest,NPS,YNP,0.0,1253,45,3.6,12,20090530,20090711.0,0.010583241467979,27.2,11.1,11.7,NA,NA
2009HARDEN,861,HARDEN,2009,yes,Forest,NPS,YNP,0.0,681,180,26.5,144,20090608,20090711.0,0.00769575289625377,27.2,12.2,6.6,NA,NA
2009KNIGHT,864,KNIGHT,2009,no,Forest,USF,STF,83.87,2501,74,3.0,30,20090726,20090811.0,0.0127004239426184,34.4,22.8,11.7,NA,NA
2009MILFORD_GRADE,869,MILFORD_GRADE,2009,no,Forest,USF,PNF,100.0,132,1,1.0,1,20090422,20090422.0,0.037743525638701,25.6,7.8,4.6,NA,NA
2009MILLCREEK,870,MILL CREEK #4,2009,no,Forest,BIA,SRF,53.98,1220,168,13.7,55,20091007,20091018.0,NA,23.9,11.7,12.2,NA,NA
2009REDROCK,873,REDROCK,2009,no,Forest,USF,KNF,100.0,555,58,10.4,15,20090821,20090904.0,0.0153910628026152,34.4,18.3,19.9,NA,NA
2009REDSPOT,874,REDSPOT,2009,no,Forest,USF,SHF,100.0,468,170,36.4,124,20090701,20090726.0,0.00465158739244015,39.4,16.7,19.5,NA,NA
2009SHOTGUN,876,SHOTGUN,2009,yes,Forest,USF,SQF,100.0,386,33,8.4,18,20090617,20091012.0,0.0178492488682083,37.2,22.8,20.8,NA,NA
2009SILVER,877,SILVER,2009,no,Forest,USF,PNF,100.0,127,52,40.8,52,20090919,20090927.0,0.00814675140226464,36.7,8.9,12.2,NA,NA
2009SUGARLOAF,879,SUGARLOAF,2009,no,Forest,USF,LNF,81.04,3807,1844,48.4,1478,20090801,20090812.0,0.00163417957219309,30.6,16.7,16.2,NA,NA
2009TENNANT,880,TENNANT,2009,no,Forest,USF,KNF,79.07,1288,848,65.8,531,20090719,20090724.0,0.00175294050772954,33.3,16.7,9.1,NA,NA
2009WILDCAT,881,WILDCAT,2009,yes,Forest,NPS,YNP,0.0,546,161,29.5,65,20090728,20091013.0,0.00861864570329533,28.9,12.8,17.9,NA,NA
2010BAR,883,BAR,2010,no,Forest,USF,PNF,100.0,421,20,4.8,10,20100731,20100818.0,0.0206070412951675,33.9,11.1,17.7,NA,NA
2010BULL,887,BULL,2010,no,Shrub,USF,SQF,96.01,6934,5221,75.3,5164,20100727,20100803.0,NA,36.1,17.2,10.9,NA,NA
2010CANYON,889,CANYON,2010,no,Shrub,USF,SQF,60.44,4031,2106,52.2,1615,20100912,20100919.0,NA,35.0,15.0,8.9,NA,NA
2010MONO,891,MONO,2010,no,Shrub,USF,INF,53.97,488,413,84.6,403,20100726,20100729.0,NA,28.9,12.2,8.6,NA,NA
2010PINECREST,893,PINECREST,2010,no,Forest,USF,STF,100.0,367,6,1.5,3,20100808,20101116.0,0.0215365047199642,22.4,13.1,27.2,NA,NA
2010SHEEP,896,SHEEP,2010,yes,Forest,NPS,KNP,65.26,3663,163,4.5,47,20100717,20101025.0,0.0129862260397032,37.8,15.0,6.1,NA,NA
2011BALD,904,BALD,2011,no,Forest,NPS,YNP,0.0,84,10,12.5,10,20110624,20110630.0,0.0161060479571334,22.2,13.3,10.6,NA,NA
2011COUGAR,909,COUGAR,2011,no,Forest,USF,MDF,100.0,729,491,67.4,485,20110608,20110613.0,0.00201384624890016,22.8,8.9,8.2,NA,NA
2011COVE,910,COVE,2011,no,Shrub,USF,SQF,62.35,457,325,71.1,323,20110527,20110602.0,NA,23.9,9.4,14.1,NA,NA
2011LION,913,LION,2011,no,Forest,USF,SQF,93.5,8472,1241,14.7,407,20110708,20110920.0,0.00441789993045375,39.4,22.2,21.0,NA,NA
2011MOTOR,916,MOTOR,2011,no,Forest,USF,SNF,95.59,2117,961,45.4,673,20110825,20110905.0,0.00261922735374593,26.3,18.9,9.8,NA,NA
2011ONION,917,ONION,2011,no,Forest,USF,KNF,100.0,231,34,14.7,34,20110819,20111011.0,0.0067878081643601,37.8,16.1,22.5,NA,NA
2011RUTH,918,RUTH,2011,no,Forest,USF,SRF,82.82,590,94,15.9,34,20110923,20110928.0,0.0105064750869774,35.6,7.2,1.4,NA,NA
2011SCORPION,919,SCORPION,2011,no,Grass,USF,MDF,96.45,555,237,42.7,212,20110715,20110905.0,NA,33.3,15.6,15.1,NA,NA
2011TAMARACK,921,TAMARACK,2011,no,Forest,NPS,YNP,0.0,414,151,36.4,130,20110913,20111004.0,0.00515746125102249,26.1,19.4,8.1,NA,NA
2011WILLOWS,922,WILLOWS,2011,no,Forest,USF,SQF,100.0,137,27,20.0,17,20110904,20110912.0,0.0121103090435949,33.9,11.1,4.8,NA,NA
2012BAGLEY,923,BAGLEY,2012,no,Forest,USF,SHF,70.36,18616,3855,20.7,1425,20120818,20120915.0,0.00292630410712405,NA,NA,NA,NA,NA
2012BEAR,925,BEAR,2012,no,Forest,USF,SNF,100.0,384,141,36.7,83,20120804,20120812.0,0.0037496230206095,NA,NA,NA,NA,NA
2012CASCADE,926,CASCADE,2012,yes,Forest,NPS,YNP,0.0,692,14,2.0,4,20120616,20121109.0,0.0264344413901302,NA,NA,NA,NA,NA
2012CHIPS,927,CHIPS,2012,no,Forest,USF,PNF,88.49,30898,6531,21.1,996,20120729,20120901.0,0.00375960455624871,NA,NA,NA,NA,NA
2012CLEAR,928,CLEAR,2012,no,Forest,CCO,KRN,91.04,590,220,37.3,207,20120804,20120810.0,0.00227496908755195,NA,NA,NA,NA,NA
2012FLAT,930,FLAT,2012,no,Forest,USF,SHF,99.15,685,60,8.8,23,20120711,20120718.0,0.0118145705344231,NA,NA,NA,NA,NA
2012GEORGE,931,GEORGE,2012,no,Forest,USF,SQF,100.0,694,99,14.3,62,20120601,20120612.0,0.00789194789166975,NA,NA,NA,NA,NA
2012GOFF,932,GOFF,2012,no,Forest,USF,KNF,94.68,9504,2224,23.4,206,20120805,20120910.0,0.00712895619392187,NA,NA,NA,NA,NA
2012MILL,936,MILL,2012,no,Forest,USF,MNF,89.02,11957,4888,40.9,2350,20120707,20120718.0,0.00257063208368946,NA,NA,NA,NA,NA
2012MILL_CDF,937,MILL,2012,no,Forest,CDF,BTU,40.76,670,84,12.5,51,20120813,20120823.0,0.00950913617112664,NA,NA,NA,NA,NA
2012NORTH_PASS,938,NORTH PASS,2012,no,Forest,USF,MNF,73.96,17008,4447,26.1,526,20120818,20120916.0,0.00449721888607577,NA,NA,NA,NA,NA
2012PEAK,939,PEAK,2012,no,Forest,USF,PNF,95.0,320,79,24.7,30,20120728,20120802.0,0.0208280662415851,NA,NA,NA,NA,NA
2012RAMSEY,941,RAMSEY,2012,no,Forest,USF,STF,95.05,482,78,16.2,34,20120811,20120823.0,0.0116410634427216,NA,NA,NA,NA,NA
2012READING,942,READING,2012,no,Forest,NPS,LNP,39.43,11361,3744,33.0,771,20120723,20120821.0,0.00376035887989273,NA,NA,NA,NA,NA
2012SALT_CREEK,946,SALT CREEK,2012,no,Forest,USF,SHF,82.18,422,253,60.0,227,20120801,20120815.0,0.00455401930569946,NA,NA,NA,NA,NA
2012STAFFORD,948,STAFFORD,2012,no,Forest,USF,SHF,93.26,1790,754,42.1,255,20120905,20120913.0,0.00338811267072161,NA,NA,NA,NA,NA
2012WOODS_CREEK,950,WOODS CREEK,2012,no,Forest,NPS,KNP,0.0,152,9,5.8,2,20120715,20121017.0,0.03039172018107,NA,NA,NA,NA,NA
2013AMERICAN,952,AMERICAN,2013,no,Forest,USF,TNF,81.4,11114,3506,31.5,1095,20130810,20131209.0,0.00415381767265253,NA,NA,NA,NA,NA
2013ASPEN,953,ASPEN,2013,no,Forest,USF,SNF,100.0,9337,1667,17.9,194,20130722,20131121.0,0.00629085012364125,NA,NA,NA,NA,NA
2013BUTLER,954,BUTLER,2013,no,Forest,USF,SRF,99.37,9146,1836,20.1,244,20130731,20131001.0,0.00797921173750454,NA,NA,NA,NA,NA
2013CARSTENS,955,CARSTENS,2013,no,Forest,USF,SNF,56.52,725,182,25.1,74,20130616,20130823.0,NA,NA,NA,NA,NA,NA
2013FISH,962,FISH,2013,no,Forest,USF,SQF,100.0,852,227,26.6,123,20130823,20131103.0,0.00583579240427876,NA,NA,NA,NA,NA
2013KYBURZ,965,KYBURZ,2013,no,Forest,USF,ENF,61.78,232,14,6.1,8,20130708,20130711.0,0.0201604173611507,NA,NA,NA,NA,NA
2013POWER,969,POWER,2013,no,Forest,USF,STF,100.0,435,100,22.9,90,20130805,20130818.0,0.00735284737369234,NA,NA,NA,NA,NA
2013RIM,972,RIM,2013,no,Forest,"USF,NPS",STF,60.07,104038,36774,35.3,16770,20130817,20131024.0,0.00113228827205363,NA,NA,NA,NA,NA
2013SHIRLEY,974,SHIRLEY,2013,no,Forest,USF,SQF,100.0,157,54,34.6,50,20130818,20130819.0,0.00694991769338454,NA,NA,NA,NA,NA
2013WINDY_PEAK,979,WINDY PEAK,2013,no,Forest,NPS,KNP,0.0,291,79,27.0,22,20130823,20131107.0,0.0123567872062855,NA,NA,NA,NA,NA
2014BALD,980,BALD,2014,no,Forest,USF,LNF,78.7,16128,8371,51.9,2425,20140730,20140814.0,0.00148206999954562,NA,NA,NA,NA,NA
2014BEAVER,981,BEAVER,2014,no,Forest,USF,KNF,45.23,13274,4534,34.2,1052,20140730,20140830.0,0.00255393548295864,NA,NA,NA,NA,NA
2014COFFEE_CMPLX,983,COFFEE COMPLEX,2014,no,Shrub,USF,SHF,99.72,2550,1384,54.3,1242,20140730,20141101.0,NA,NA,NA,NA,NA,NA
2014DARK_HOLE,986,DARK HOLE,2014,yes,Forest,NPS,YNP,0.0,440,32,7.3,8,20140717,20140820.0,NA,NA,NA,NA,NA,NA
2014EILER,988,EILER,2014,no,Forest,USF,LNF,44.99,13453,8015,59.6,4447,20140731,20140824.0,9.74720090071405e-4,NA,NA,NA,NA,NA
2014EL_PORTAL,989,EL PORTAL,2014,no,Shrub,NPS,YNP,74.78,1928,996,51.6,721,20140726,20140804.0,NA,NA,NA,NA,NA,NA
2014FRENCH,990,FRENCH,2014,no,Forest,USF,SNF,99.98,5621,1528,27.2,302,20140728,20140819.0,0.00522088272581253,NA,NA,NA,NA,NA
2014HAPPY_CAMP_CMPLX,993,HAPPY CAMP CMPLX,2014,no,Forest,USF,KNF,98.38,53948,14404,26.7,2115,20140811,20141101.0,0.00266244318659135,NA,NA,NA,NA,NA
2014KING,994,KING,2014,no,Forest,CDF,AEU,65.1,39265,18478,47.1,11296,20140913,20141008.0,0.00348767642737284,NA,NA,NA,NA,NA
2014LITTLE_DEER,995,LITTLE DEER,2014,no,Forest,USF,KNF,75.37,2226,1017,45.7,442,20140731,20140811.0,8.63871311132811e-4,NA,NA,NA,NA,NA
2014MEADOW,998,MEADOW,2014,no,Forest,NPS,YNP,0.0,1936,777,40.1,682,20140719,20140929.0,NA,NA,NA,NA,NA,NA
2014NICOLLS,999,NICOLLS,2014,no,Forest,USF,SQF,100.0,721,499,69.2,483,20140711,20140722.0,0.00327954532964948,NA,NA,NA,NA,NA
2015BARKER,1006,BARKER,2015,no,Forest,USF,SHF,76.79,1324,597,45.0,537,20150730,20150900.0,NA,NA,NA,NA,NA,NA
2015BEAR,1007,BEAR,2015,no,Forest,USF,SRF,100.0,4811,881,18.3,116,20150731,20151015.0,NA,NA,NA,NA,NA,NA
2015BIG_CREEK,1008,BIG CREEK,2015,no,Forest,CDF,TCU,89.43,83,43,51.8,22,20150729,20150909.0,NA,NA,NA,NA,NA,NA
2015BLUE,1010,BLUE,2015,no,Forest,USF,SHF,87.68,1141,473,41.4,458,20150730,20150900.0,NA,NA,NA,NA,NA,NA
2015BUCK,1011,BUCK,2015,no,Forest,USF,SRF,77.77,686,16,2.3,3,20150730,20150903.0,NA,NA,NA,NA,NA,NA
2015CABIN,1013,CABIN,2015,no,Forest,USF,SQF,99.93,2809,608,21.7,308,20150719,20150905.0,NA,NA,NA,NA,NA,NA
2015CASTLE,1015,"CASTLE, CASTLE 1, OLSEN",2015,no,Forest,USF,SHF,95.14,6273,1720,27.4,1090,20150730,20151001.0,NA,NA,NA,NA,NA,NA
2015COON,1016,COON,2015,no,Forest,USF,SRF,95.77,2330,332,14.3,47,20150731,20150900.0,NA,NA,NA,NA,NA,NA
2015FROG,1019,FROG,2015,no,Forest,USF,MDF,100.0,1976,485,24.5,296,20150730,20150811.0,NA,NA,NA,NA,NA,NA
2015GOBBLER,1020,GOBBLER,2015,no,Forest,USF,SRF,89.94,3352,579,17.3,290,20150730,20150903.0,NA,NA,NA,NA,NA,NA
2015JOHNSON,1023,"JOHNSON, BLAKE, PELLETREAU",2015,no,Forest,USF,SRF,65.89,13841,2537,18.3,932,20150730,20150903.0,NA,NA,NA,NA,NA,NA
2015LASSIC,1025,LASSIC,2015,no,Forest,USF,SRF,96.61,7391,1400,18.9,523,20150730,20150903.0,NA,NA,NA,NA,NA,NA
2015LUMPKIN,1027,LUMPKIN,2015,no,Forest,CDF,BTU,81.03,427,171,40.2,138,20150911,20150921.0,NA,NA,NA,NA,NA,NA
2015NICKOWITZ,1029,NICKOWITZ,2015,no,Forest,USF,SRF,100.0,3242,115,3.6,20,20150801,20150930.0,NA,NA,NA,NA,NA,NA
2015PATTISON,1032,"PATTISON ,CLARK",2015,no,Forest,USF,SHF,92.85,5509,1094,19.9,242,20150730,20151001.0,NA,NA,NA,NA,NA,NA
2015PEAK_SHF,1033,PEAK,2015,no,Forest,USF,SHF,81.46,2539,492,19.4,56,20150731,20150900.0,NA,NA,NA,NA,NA,NA
2015PEAK_SRF,1034,PEAK,2015,no,Forest,USF,SRF,100.0,5583,832,14.9,117,20150731,20151015.0,NA,NA,NA,NA,NA,NA
2015PICKETT,1035,PICKETT,2015,no,Forest,USF,SRF,85.32,4447,827,18.6,305,20150730,20150903.0,NA,NA,NA,NA,NA,NA
2015PINE,1036,PINE,2015,no,Forest,USF,SRF,97.98,719,20,2.8,8,20150730,20150800.0,NA,NA,NA,NA,NA,NA
2015RAIL,1037,RAIL,2015,no,Forest,USF,SHF,94.95,3503,846,24.2,510,20150730,20150900.0,NA,NA,NA,NA,NA,NA
2015RIVER_CMPLX,1038,RIVER COMPLEX,2015,no,Forest,USF,SHF,98.97,31620,4566,14.4,293,20150730,20151015.0,NA,NA,NA,NA,NA,NA
2015ROUGH,1040,ROUGH,2015,no,Forest,USF,SNF,92.93,59249,11573,19.5,2740,20150731,20151105.0,NA,NA,NA,NA,NA,NA
2015SADDLE,1042,SADDLE,2015,no,Forest,USF,SHF,68.43,654,199,30.4,162,20150609,20150624.0,NA,NA,NA,NA,NA,NA
2015SHIELL,1043,SHIELL,2015,no,Forest,USF,SHF,96.12,6223,1103,17.7,99,20150730,20150900.0,NA,NA,NA,NA,NA,NA
2015SKY,1044,SKY,2015,no,Forest,USF,SNF,100.0,202,73,36.4,67,20150618,20150621.0,NA,NA,NA,NA,NA,NA
2015TENAYA,1047,TENAYA,2015,no,Forest,NPS,YNP,0.0,165,43,25.9,37,20150907,20150921.0,NA,NA,NA,NA,NA,NA
2015WILLOW,1051,WILLOW,2015,no,Forest,USF,SNF,97.32,2356,668,28.4,262,20150725,20150812.0,NA,NA,NA,NA,NA,NA
2016CEDAR,1054,CEDAR,2016,no,Forest,USF,SQF,96.51,11818,6333,53.6,5367,20160816,20160930.0,NA,NA,NA,NA,NA,NA
2016CLARK,1055,CLARK,2016,no,Forest,USF,INF,100.0,1145,365,31.9,276,20160804,20160815.0,NA,NA,NA,NA,NA,NA
2016GAP,1058,GAP,2016,no,Forest,USF,KNF,63.5,13646,1562,11.4,431,20160829,20160917.0,NA,NA,NA,NA,NA,NA
2016PONY,1063,PONY,2016,no,Forest,USF,KNF,100.0,1171,168,14.3,65,20160607,20160930.0,NA,NA,NA,NA,NA,NA
2016SOUP_CMPLX,1068,SOUP COMPLEX,2016,no,Forest,USF,MDF,100.0,1016,218,21.5,61,20160917,20161101.0,NA,NA,NA,NA,NA,NA
