"","ID_Num","VB_ID","FIRE_NAME","FIRE_YEAR","WFU","Veg","NUM_ASSESS","AGENCY","ICS_CODE","PCT_FS","FIRESIZE_HA","BA90_HA","BA90_PCT","BA90_PCT_integer","MaxPatch_HA","MaxPatch_PCT_of_HS","MaxPatch_PCT_of_firesize","TCA100_BA90_HA","TCA100_Pct_of_fireSize","TCA100_Pct_of_BA90","TCA200_BA90_HA","TCA200_Pct_of_fireSize","TCA200_Pct_of_BA90","SDI_LOG","SEI_LOG","SDI_LOG200","SEI_LOG200","SDI_LOGMN1MX200","SEI_LOGMN1MX200","SIMDI_LOGMX200","SIMDI_LOGMN1MX200","SDI_LIN5","SEI_LIN5","SEI_LIN5_MaxP_GT_40ha","Nptype_LIN5","SDI_LIN5_max400","SEI_LIN5_max400","SDI_LIN5_max200","SEI_LIN5_max200","SDI_LIN5_min1max200","SEI_LIN5_min1max200","SIMDI_LIN5MAX200","SIMDI_LIN5MIN1MAX200","MPS","N","MEDPS","PSCOV","PSSD","q"
"1",1,"1984BADGER","BADGER",1984,"no","Forest",1,"USF","LNF",26,450,79,17.5,17,34,43.3,7.6,12,2.7,15.1,1.5,0.3,1.9,1.042,0.948,1.262,0.607,1.052,0.759,0.653,0.61,1.042,0.948,NA,3,1.042,0.948,1.042,0.948,0.99,0.902,0.632,0.605,4.39,18,0.99,179.05,7.851,-0.00920423503223648
"5",405,"1985CAENF00000066","1985CAENF00000066",1985,"no","Forest",1,"USF","ENF",NA,129,43,33.6,33,37,84.6,28.4,7.5,5.8,17.3,0,0,0,NA,NA,0.455,0.415,NA,NA,0.262,NA,NA,NA,NA,NA,NA,NA,0.455,0.415,NA,NA,0.262,NA,14.43,3,6.39,110.155,15.895,-0.00747139547506703
"6",5,"1985CAINF00000070","1985CAINF00000070",1985,"no","Forest",1,"USF","INF",89,87,5,5.8,5,1,26.8,1.6,0,0,0,0,0,0,0,NA,0.693,0.999,0,NA,0.499,0,0,NA,NA,NA,0,NA,0,NA,0,NA,0,0,1.01,5,0.81,24.223,0.244,-0.0276911589413136
"7",6,"1985CALNF00000031","1985CALNF00000031",1985,"no","Forest",1,"USF","LNF",99,89,42,47,46,42,100,47,1,1.1,2.3,0,0,0,0,NA,0,NA,0,NA,0,0,0,NA,NA,NA,0,NA,0,NA,0,NA,0,0,41.67,1,41.67,0,0,-0.0108948558658948
"8",7,"1985CALNF00000069","1985CALNF00000069",1985,"no","Forest",1,"USF","LNF",100,217,127,58.4,58,121,95.7,55.9,41.2,19,32.5,6,2.8,4.8,0.179,0.258,0.197,0.142,0.163,0.236,0.083,0.074,0.179,0.258,0.258,2,0.179,0.258,0.179,0.258,0.163,0.236,0.083,0.074,25.31,5,0.27,189.287,47.905,-0.0049693124395705
"9",406,"1985DELTA","DELTA",1985,"no","Forest",1,"USF","SHF",NA,848,401,47.3,47,386,96.1,45.5,215.2,25.4,53.6,111.9,13.2,27.9,NA,NA,0.191,0.107,NA,NA,0.076,NA,NA,NA,NA,NA,NA,NA,0.183,0.167,NA,NA,0.076,NA,30.884,13,0.27,331.775,102.465,-0.00185435785117377
"12",10,"1985MAMMOTH","MAMMOTH",1985,"no","Forest",1,"USF","SNF",71,316,29,9.3,9,29,97.6,9.1,2.8,0.9,9.5,0,0,0,0.115,0.166,0.115,0.166,0,NA,0.048,0,0.115,0.166,NA,2,0.115,0.166,0.115,0.166,0,NA,0.048,0,9.81,3,0.36,136.232,13.364,-0.00842938784750246
"14",13,"1985RICH_BAR","RICH BAR",1985,"no","Forest",1,"USF","SQF",79,3295,1307,39.7,39,507,38.8,15.4,108.3,3.3,8.3,1.4,0,0.1,1.608,0.826,1.737,0.699,1.622,0.78,0.761,0.746,1.906,0.795,0.795,11,1.906,0.795,1.906,0.795,1.887,0.787,0.792,0.784,8.17,160,0.72,539.164,44.033,-0.00662937753230671
"15",14,"1985RIVER","RIVER",1985,"no","Forest",1,"USF","STF",100,134,8,6.2,6,5,63,3.9,0,0,0,0,0,0,0.659,0.95,0.708,0.644,0,NA,0.474,0,0.659,0.95,NA,2,0.659,0.95,0.659,0.95,0,NA,0.466,0,1.38,6,0.765,125.993,1.739,-0.025067667674345
"16",15,"1985TRELOAR_CMPLX","TRELOAR COMPLEX",1985,"no","Forest",1,"USF","SHF",100,1612,243,15.1,15,115,47.5,7.2,26,1.6,10.7,1.6,0.1,0.7,1.391,0.865,1.595,0.693,1.46,0.815,0.716,0.696,1.391,0.865,0.865,5,1.391,0.865,1.391,0.865,1.373,0.853,0.699,0.688,5.28,46,0.9,326.178,17.218,-0.00859963342048574
"17",16,"1986CAENF00000082","1986CAENF00000082",1986,"no","Forest",1,"USF","ENF",100,239,24,10.1,10,22,91.4,9.2,2.5,1.1,10.5,0,0,0,0.294,0.423,0.309,0.281,0.285,0.412,0.158,0.152,0.294,0.423,NA,2,0.294,0.423,0.294,0.423,0.285,0.412,0.157,0.152,8.01,3,1.98,123.524,9.894,-0.00889738978604036
"19",18,"1986DEER","DEER",1986,"no","Forest",1,"USF","SNF",100,5349,1204,22.5,22,206,17.1,3.9,244.9,4.6,20.3,57.6,1.1,4.8,1.773,0.911,1.935,0.779,1.813,0.872,0.815,0.803,2.478,0.939,0.939,14,2.478,0.939,2.478,0.939,2.485,0.942,0.903,0.903,6.44,187,0.54,370.164,23.842,-0.00611190942717769
"22",20,"1987BEAR","BEAR",1987,"no","Forest",1,"USF","SHF",98,2132,147,6.9,6,35,23.6,1.6,10.8,0.5,7.4,0,0,0,1.269,0.916,1.695,0.771,1.403,0.872,0.759,0.709,1.538,0.955,NA,5,1.538,0.955,1.538,0.955,1.554,0.966,0.774,0.78,2.19,67,0.45,242.951,5.329,-0.0118641101752375
"23",21,"1987BEARCAT","BEARCAT",1987,"no","Forest",1,"USF","KNF",95,1157,40,3.4,3,16,41,1.4,0.1,0,0.3,0,0,0,1.085,0.988,1.488,0.765,0.985,0.897,0.716,0.599,1.085,0.988,NA,3,1.085,0.988,1.085,0.988,0.985,0.897,0.658,0.599,1.28,31,0.27,242.028,3.106,-0.0159669522041117
"25",23,"1987BIG","BIG",1987,"no","Forest",2,"USF","TNF",72,427,37,8.6,8,18,48.4,4.2,3.5,0.8,9.7,0,0,0,0.305,0.439,0.421,0.262,0.148,0.214,0.171,0.066,0.305,0.439,NA,2,0.305,0.439,0.305,0.439,0.148,0.214,0.165,0.066,4.07,9,0.45,165.93,6.753,-0.00922448168032943
"26",24,"1987BLAKE","BLAKE",1987,"no","Forest",1,"USF","SRF",99,1413,345,24.4,24,281,81.5,19.9,99.9,7.1,29,32,2.3,9.3,0.696,0.433,0.716,0.345,0.702,0.392,0.323,0.321,0.696,0.433,0.433,5,0.696,0.433,0.696,0.433,0.69,0.429,0.323,0.32,31.35,11,2.61,253.776,79.566,-0.00413184005131704
"27",25,"1987CEDAR","CEDAR",1987,"no","Forest",1,"USF","MDF",83,283,29,10.3,10,10,33.8,3.5,0,0,0,0,0,0,0.685,0.988,1.162,0.649,0.888,0.809,0.598,0.534,0.685,0.988,NA,2,0.685,0.988,0.685,0.988,0.67,0.966,0.492,0.477,1.95,15,0.36,145.461,2.836,-0.0189045582641456
"28",26,"1987CHAWANAKEE","CHAWANAKEE",1987,"no","Forest",1,"USF","SNF",100,713,48,6.7,6,12,25.2,1.7,0.4,0.1,0.8,0,0,0,1.078,0.981,1.65,0.794,1.307,0.943,0.775,0.712,1.078,0.981,NA,3,1.078,0.981,1.078,0.981,1.093,0.995,0.653,0.663,1.59,30,0.585,174.149,2.774,-0.0187696963764248
"29",27,"1987CHINA_KNF","CHINA",1987,"no","Forest",2,"USF","KNF",96,1332,112,8.4,8,25,22.7,1.9,5.7,0.4,5.1,0,0,0,1.38,0.995,1.679,0.807,1.463,0.909,0.784,0.752,1.38,0.995,NA,4,1.38,0.995,1.38,0.995,1.368,0.987,0.747,0.741,3.19,35,0.81,177.369,5.656,-0.0118799389996251
"30",28,"1987CHINA_SHF","CHINA",1987,"no","Forest",1,"USF","SHF",100,3696,726,19.6,19,380,52.3,10.3,180.7,4.9,24.9,55,1.5,7.6,1.411,0.787,1.536,0.641,1.447,0.744,0.677,0.665,1.53,0.786,0.786,7,1.53,0.786,1.53,0.786,1.513,0.778,0.686,0.677,8.64,84,0.945,486.854,42.08,-0.00556141434156596
"32",30,"1987CLAVEY_CMPLX","CLAVEY 87 CMPLX",1987,"no","Forest",1,"USF","STF",98,3537,708,20,20,324,45.7,9.2,68,1.9,9.6,2.6,0.1,0.4,1.37,0.851,1.556,0.676,1.421,0.793,0.714,0.693,1.66,0.798,0.798,8,1.66,0.798,1.66,0.798,1.651,0.794,0.735,0.727,6.16,115,0.9,496.248,30.553,-0.0061698598792803
"33",31,"1987COLD","COLD",1987,"no","Forest",1,"USF","SHF",98,6678,387,5.8,5,96,24.7,1.4,27.2,0.4,7,0,0,0,1.569,0.975,1.908,0.829,1.657,0.925,0.824,0.79,1.668,0.931,0.931,6,1.668,0.931,1.668,0.931,1.669,0.932,0.795,0.793,2.65,146,0.54,330.187,8.756,-0.0112507762511725
"34",32,"1987DOE","DOE",1987,"no","Forest",1,"USF","SHF",100,932,256,27.5,27,121,47.2,13,50.1,5.4,19.5,7.8,0.8,3.1,1.151,0.715,1.175,0.535,1.113,0.692,0.629,0.62,1.617,0.778,0.778,8,1.617,0.778,1.617,0.778,1.585,0.762,0.722,0.716,15.08,17,0.81,192.81,29.071,-0.00612260519992832
"36",34,"1987EAST","EAST",1987,"no","Forest",1,"USF","SHF",97,4643,932,20.1,20,584,62.7,12.6,417.4,9,44.8,241.5,5.2,25.9,1.287,0.661,1.401,0.564,1.287,0.619,0.584,0.561,1.287,0.661,0.661,7,1.287,0.661,1.287,0.661,1.251,0.643,0.579,0.559,8.96,104,0.63,646.951,57.979,-0.00208613532407595
"37",35,"1987ELK_LICK","ELK LICK",1987,"no","Forest",1,"USF","KNF",100,448,28,6.3,6,12,42.6,2.7,0,0,0,0,0,0,1.079,0.983,1.391,0.715,1.045,0.951,0.702,0.63,1.079,0.983,NA,3,1.079,0.983,1.079,0.983,1.045,0.951,0.653,0.63,2.01,14,0.855,166.427,3.338,-0.0144359852722958
"38",36,"1987EVER","EVER",1987,"no","Forest",1,"USF","STF",92,215,161,74.8,74,160,99.4,74.4,75.6,35.2,47.1,31.4,14.6,19.5,0.035,0.05,0.035,0.05,0,NA,0.011,0,0.035,0.05,0.05,2,0.035,0.05,0.035,0.05,0,NA,0.011,0,80.33,2,80.325,98.88,79.425,-0.00254196906991234
"39",37,"1987FAY","FAY",1987,"no","Forest",1,"USF","SQF",81,4640,1147,24.7,24,664,57.9,14.3,286.6,6.2,25,70.6,1.5,6.2,1.301,0.726,1.468,0.612,1.289,0.662,0.629,0.592,1.543,0.67,0.67,10,1.543,0.67,1.543,0.67,1.498,0.651,0.638,0.611,5.12,224,0.36,871.57,44.642,-0.00281403631421136
"40",38,"1987FLUME","FLUME",1987,"no","Forest",1,"USF","SHF",100,5277,813,15.4,15,198,24.3,3.7,142.8,2.7,17.6,24.5,0.5,3,1.593,0.889,1.817,0.758,1.669,0.858,0.795,0.778,2.029,0.881,0.881,10,2.029,0.881,2.029,0.881,2.036,0.884,0.845,0.845,5.08,160,0.72,389.768,19.793,-0.00640504935504358
"41",39,"1987FORT_COPPER","FORT COPPER",1987,"no","Forest",2,"USF","KNF",95,14703,2842,19.3,19,290,10.2,2,568.6,3.9,20,112.5,0.8,4,1.761,0.905,1.874,0.754,1.782,0.857,0.805,0.796,2.988,0.953,0.953,23,2.988,0.953,2.868,0.928,2.872,0.929,0.929,0.929,8.19,347,0.54,366.713,30.032,-0.00582756583949355
"42",408,"1987FOUTS","FOUTS",1987,"no","Forest",1,"USF","MNF",NA,6965,1752,25.2,25,399,22.8,5.7,316.8,4.5,18.1,30.3,0.4,1.7,NA,NA,1.812,0.729,NA,NA,0.759,NA,NA,NA,NA,NA,NA,NA,2.034,0.793,NA,NA,0.779,NA,6.443,272,0.54,536.304,34.552,-0.00536071142717665
"43",40,"1987FRIENDLY","FRIENDLY",1987,"no","Forest",1,"USF","SHF",89,1466,407,27.7,27,297,73.1,20.3,107,7.3,26.3,21.3,1.5,5.2,0.813,0.587,0.907,0.413,0.815,0.507,0.433,0.414,0.926,0.576,0.576,5,0.926,0.576,0.926,0.576,0.895,0.556,0.444,0.427,9.69,42,0.405,470.914,45.611,-0.00457211887791769
"45",42,"1987GLASGOW","GLASGOW",1987,"no","Forest",2,"USF","KNF",97,6156,1273,20.7,20,480,37.7,7.8,380.2,6.2,29.9,94,1.5,7.4,0.694,0.387,0.787,0.328,0.67,0.345,0.307,0.276,1.576,0.758,0.758,8,1.576,0.758,0.694,0.387,0.643,0.359,0.305,0.275,9.87,129,0.36,558.715,55.133,-0.00249307634643469
"47",44,"1987GULCH_KNF","GULCH",1987,"no","Forest",2,"USF","KNF",99,4435,181,4.1,4,18,9.8,0.4,1.8,0,1,0,0,0,0.984,0.896,1.529,0.736,1.205,0.869,0.714,0.65,1.293,0.932,NA,4,1.293,0.932,1.293,0.932,1.33,0.959,0.703,0.723,1.76,103,0.36,193.721,3.411,-0.0159320608634197
"48",45,"1987GULCH_SHF","GULCH",1987,"no","Forest",1,"USF","SHF",90,2652,789,29.8,29,520,65.8,19.6,183.2,6.9,23.2,44.8,1.7,5.7,1.088,0.676,1.178,0.512,1.076,0.601,0.535,0.515,1.289,0.62,0.62,8,1.289,0.62,1.289,0.62,1.254,0.603,0.548,0.531,9.87,80,0.54,587.145,57.929,-0.00387449598518785
"49",46,"1987HAMM_CMPLX","HAMM 87 CMPLX",1987,"no","Forest",1,"USF","STF",94,13624,2993,22,21,431,14.4,3.2,554.9,4.1,18.5,145.3,1.1,4.9,1.856,0.954,1.993,0.802,1.875,0.902,0.838,0.827,2.854,0.937,0.937,21,2.854,0.937,2.679,0.894,2.684,0.896,0.899,0.897,6.93,432,0.63,445.994,30.901,-0.00491943929480225
"50",47,"1987HASLOE_CMPLX","HASLOE 87 CMPLX",1987,"no","Forest",1,"USF","STF",70,2783,1073,38.5,38,790,73.6,28.4,239.6,8.6,22.3,27.6,1,2.6,0.867,0.539,0.912,0.396,0.864,0.482,0.429,0.421,0.885,0.494,0.494,6,0.885,0.494,0.885,0.494,0.866,0.483,0.429,0.421,20.63,52,0.63,534.413,110.235,-0.00405407694106688
"51",48,"1987HIGHROCK","HIGHROCK",1987,"no","Forest",1,"USF","MDF",95,455,33,7.3,7,17,51.2,3.8,3.4,0.7,10.2,0,0,0,0.42,0.605,0.578,0.359,0.313,0.451,0.265,0.171,0.992,0.903,NA,3,0.992,0.903,0.992,0.903,0.922,0.839,0.6,0.564,3.04,11,0.36,179.08,5.436,-0.0103839730734848
"52",49,"1987HOTELLING","HOTELLING",1987,"no","Forest",2,"USF","KNF",100,7453,696,9.3,9,268,38.5,3.6,76.8,1,11,1.6,0,0.2,1.47,0.913,1.722,0.748,1.552,0.866,0.768,0.745,1.625,0.907,0.907,6,1.625,0.907,1.625,0.907,1.62,0.904,0.768,0.762,4.24,164,0.72,505.692,21.455,-0.00780612279266825
"53",50,"1987INDIAN","INDIAN",1987,"no","Forest",1,"USF","TNF",100,3791,1523,40.2,40,939,61.7,24.8,503.9,13.3,33.1,142.5,3.8,9.4,0.997,0.556,1.039,0.433,0.994,0.511,0.534,0.527,1.31,0.63,0.63,8,1.31,0.63,1.31,0.63,1.294,0.622,0.588,0.582,20.86,73,0.45,538.2,112.25,-0.00208642129146841
"54",51,"1987JARREL","JARREL",1987,"no","Forest",1,"USF","STF",23,742,25,3.3,3,13,52,1.7,0.6,0.1,2.6,0,0,0,0.692,0.999,1.362,0.7,0.841,0.765,0.662,0.49,0.692,0.999,NA,2,0.692,0.999,0.692,0.999,0.635,0.917,0.499,0.443,1.55,16,0.675,194.553,3.009,-0.0149624928058368
"55",409,"1987JESSIE","JESSIE",1987,"no","Forest",1,"USF","SHF",NA,1385,148,10.7,10,37,25.3,2.7,7.5,0.5,5.1,0,0,0,NA,NA,1.434,0.69,NA,NA,0.651,NA,NA,NA,NA,NA,NA,NA,1.531,0.951,NA,NA,0.77,NA,3.365,44,0.495,215.848,7.263,-0.011701551589356
"56",52,"1987KELSEY","KELSEY",1987,"no","Forest",2,"USF","KNF",96,1753,96,5.5,5,46,47.3,2.6,11.8,0.7,12.2,0,0,0,0.728,0.663,0.953,0.49,0.845,0.61,0.449,0.425,1.199,0.865,0.865,4,1.199,0.865,1.199,0.865,1.191,0.859,0.662,0.657,4.01,24,1.125,247.052,9.913,-0.00924270677241361
"57",53,"1987KING_TITUS","KING TITUS",1987,"no","Forest",2,"USF","KNF",99,28891,2092,7.2,7,132,6.3,0.5,203.7,0.7,9.7,26.5,0.1,1.3,1.755,0.98,2.096,0.874,1.893,0.973,0.863,0.842,2.365,0.896,0.896,14,2.365,0.896,2.365,0.896,2.432,0.921,0.879,0.895,3.04,689,0.63,331.252,10.059,-0.0101770669480648
"58",54,"1987LAKE","LAKE",1987,"no","Forest",2,"USF","KNF",100,7655,247,3.2,3,41,16.6,0.5,10.1,0.1,4.1,0,0,0,1.059,0.964,1.532,0.737,1.192,0.86,0.741,0.672,1.457,0.905,0.905,5,1.457,0.905,1.457,0.905,1.527,0.949,0.731,0.766,2.23,111,0.63,236.985,5.282,-0.0131608523861851
"59",55,"1987LARSON_CMPLX","LARSON 87 CMPLX",1987,"no","Forest",1,"USF","STF",93,19551,3752,19.2,19,754,20.1,3.9,777.9,4,20.7,218.8,1.1,5.8,2.015,0.969,1.984,0.798,1.853,0.891,0.821,0.807,2.619,0.889,0.889,19,2.619,0.889,2.308,0.815,2.318,0.818,0.844,0.842,5.75,653,0.72,609.363,35.011,-0.00468796355275911
"60",56,"1987LAUREL","LAUREL",1987,"no","Forest",1,"USF","INF",85,469,112,23.9,23,51,45.2,10.8,6,1.3,5.4,0,0,0,1.259,0.908,1.489,0.678,1.25,0.777,0.7,0.657,1.447,0.899,0.899,5,1.447,0.899,1.447,0.899,1.396,0.868,0.72,0.696,3.29,34,0.315,275.158,9.054,-0.0105148315676065
"61",57,"1987LAZYMAN","LAZYMAN",1987,"no","Forest",1,"USF","SHF",100,606,20,3.3,3,8,39.7,1.3,0,0,0,0,0,0,0.598,0.863,0.823,0.593,0.489,0.705,0.449,0.31,0.598,0.863,NA,2,0.598,0.863,0.598,0.863,0.489,0.705,0.408,0.31,2.24,9,0.9,122.153,2.736,-0.0199251883162514
"63",58,"1987LOST","LOST",1987,"no","Forest",1,"USF","LNF",96,9672,4685,48.4,48,1674,35.7,17.3,1194.4,12.3,25.5,267.7,2.8,5.7,1.126,0.542,0.731,0.294,0.635,0.306,0.274,0.248,1.636,0.638,0.638,13,0.724,0.302,0.724,0.302,0.679,0.283,0.274,0.249,13.54,346,0.27,933.862,126.448,-0.00164237596762544
"65",60,"1987MAMMOTH","MAMMOTH",1987,"no","Forest",1,"USF","INF",100,183,36,19.8,19,36,98.5,19.5,5.4,3,15.1,0,0,0,0.078,0.112,0.078,0.112,0,NA,0.029,0,0.078,0.112,NA,2,0.078,0.112,0.078,0.112,0,NA,0.029,0,12.06,3,0.27,138.255,16.674,-0.00730380370327145
"67",61,"1987NIELON","NIELON",1987,"no","Forest",2,"USF","KNF",100,649,199,30.6,30,186,93.6,28.6,69.3,10.7,34.9,17.8,2.7,9,0.281,0.256,0.307,0.172,0.243,0.221,0.123,0.105,0.281,0.256,0.256,3,0.281,0.256,0.281,0.256,0.243,0.221,0.122,0.105,18.05,11,0.27,294.114,53.085,-0.00290618697543202
"68",412,"1987PALMER","PALMER",1987,"no","Forest",1,"USF","TNF",NA,862,187,21.7,21,105,56.3,12.2,29.3,3.4,15.7,5,0.6,2.7,NA,NA,1.384,0.601,NA,NA,0.636,NA,NA,NA,NA,NA,NA,NA,1.269,0.788,NA,NA,0.63,NA,8.91,21,1.26,255.031,22.723,-0.00668563531767923
"69",62,"1987PAPER_CMPLX","PAPER 87 CMPLX",1987,"no","Forest",1,"USF","STF",72,15232,4120,27.1,27,1775,43.1,11.7,1434.2,9.4,34.8,649.8,4.3,15.8,1.664,0.8,1.333,0.537,1.251,0.601,0.56,0.545,2.193,0.745,0.745,19,2.193,0.745,1.55,0.559,1.526,0.55,0.571,0.558,12.64,326,0.63,816.531,103.199,-0.00294865504230681
"70",63,"1987PEANUT","PEANUT",1987,"no","Forest",1,"USF","SHF",85,2608,599,23,22,208,34.8,8,121.2,4.6,20.2,34,1.3,5.7,1.605,0.896,1.765,0.736,1.628,0.837,0.781,0.765,1.761,0.847,0.847,8,1.761,0.847,1.761,0.847,1.747,0.84,0.785,0.777,5.76,104,0.495,433.228,24.943,-0.00667322037935689
"72",65,"1987QUAKING","QUAKING",1987,"no","Forest",1,"USF","MDF",97,1787,464,25.9,25,201,43.4,11.3,25.4,1.4,5.5,0,0,0,1.44,0.894,1.729,0.751,1.488,0.83,0.751,0.711,1.511,0.843,0.843,6,1.511,0.843,1.511,0.843,1.486,0.829,0.729,0.711,2.95,157,0.27,585.1,17.284,-0.00721039125192657
"73",66,"1987RIPSTEIN","RIPSTEIN",1987,"no","Forest",1,"USF","SHF",100,1378,459,33.3,33,189,41.2,13.8,85.5,6.2,18.6,9.8,0.7,2.1,0.888,0.552,0.925,0.402,0.881,0.492,0.446,0.438,1.384,0.772,0.772,6,1.384,0.772,1.384,0.772,1.367,0.763,0.703,0.699,19.98,23,0.72,238.756,47.694,-0.0050919604186368
"74",67,"1987RIVER","RIVER II",1987,"no","Forest",1,"USF","STF",94,285,7,2.6,2,6,86.6,2.2,0,0,0,0,0,0,0.394,0.569,0.473,0.43,0,NA,0.239,0,0.394,0.569,NA,2,0.394,0.569,0.394,0.569,0,NA,0.232,0,2.46,3,0.72,113.211,2.785,-0.0217858641799834
"75",68,"1987SAINT_CLAIRE","SAINT CLAIRE",1987,"no","Forest",2,"USF","KNF",100,3497,114,3.2,3,17,14.9,0.5,0,0,0,0,0,0,0.79,0.719,1.54,0.74,1.123,0.81,0.711,0.621,0.979,0.706,NA,4,0.979,0.706,0.979,0.706,1.063,0.767,0.513,0.566,1.32,86,0.36,196.514,2.595,-0.0207386645835535
"76",69,"1987SLATER","SLATER",1987,"no","Forest",2,"USF","KNF",97,2577,328,12.7,12,99,30.1,3.8,32.7,1.3,10,1.3,0.1,0.4,1.015,0.732,1.272,0.579,1.04,0.646,0.566,0.51,1.744,0.896,0.896,7,1.744,0.896,1.744,0.896,1.745,0.897,0.802,0.799,3.9,84,0.45,344.988,13.458,-0.00980671112393891
"78",71,"1987STRAUSE","STRAUSE",1987,"no","Forest",1,"USF","SHF",100,2646,783,29.6,29,193,24.6,7.3,180.5,6.8,23.1,38.3,1.4,4.9,1.408,0.786,1.508,0.629,1.409,0.724,0.673,0.659,2.145,0.931,0.931,10,2.145,0.931,2.145,0.931,2.13,0.925,0.865,0.862,8.6,91,0.72,318.876,27.428,-0.00547946262214567
"79",72,"1987TEN_BALD","TEN BALD",1987,"no","Forest",2,"USF","KNF",100,7946,969,12.2,12,86,8.9,1.1,82.1,1,8.5,2.9,0,0.3,1.529,0.95,1.787,0.776,1.608,0.898,0.799,0.777,2.273,0.948,0.948,11,2.273,0.948,2.273,0.948,2.309,0.963,0.883,0.892,3.92,247,0.54,272.651,10.7,-0.00941060014887321
"80",73,"1987THOMPSON","THOMPSON",1987,"no","Forest",2,"USF","KNF",100,2039,88,4.3,4,13,14.5,0.6,1.4,0.1,1.6,0,0,0,1.078,0.981,1.631,0.784,1.342,0.968,0.776,0.729,1.078,0.981,NA,3,1.078,0.981,1.078,0.981,1.096,0.998,0.652,0.665,1.95,45,0.9,145.819,2.849,-0.0163716444583342
"81",74,"1987TRAVIS","TRAVIS",1987,"no","Forest",1,"USF","SRF",93,4781,725,15.2,15,234,32.2,4.9,118.2,2.5,16.3,10.4,0.2,1.4,1.662,0.928,1.862,0.776,1.687,0.867,0.802,0.781,1.729,0.889,0.889,7,1.729,0.889,1.729,0.889,1.704,0.875,0.795,0.784,4.48,162,0.36,513.166,22.981,-0.00561088473624601
"82",75,"1987TRINITY","TRINITY",1987,"no","Forest",1,"USF","SHF",100,570,20,3.4,3,6,28.6,1,0,0,0,0,0,0,0.689,0.994,1.278,0.713,0.924,0.841,0.64,0.542,0.689,0.994,NA,2,0.689,0.994,0.689,0.994,0.664,0.957,0.496,0.471,1.95,10,1.08,98.731,1.928,-0.0172161795312423
"83",76,"1987USF05141987000282"," ",1987,"no","Forest",1,"USF","SHF",100,420,24,5.7,5,12,50.2,2.9,0,0,0,0,0,0,0.826,0.752,0.849,0.612,0.692,0.999,0.535,0.499,0.826,0.752,NA,3,0.826,0.752,0.826,0.752,0.692,0.999,0.535,0.499,3.43,7,0.63,123.165,4.228,-0.0126951616036824
"84",77,"1987WALLOW","WALLOW",1987,"no","Forest",1,"USF","SHF",96,1395,21,1.5,1,13,61,0.9,0.5,0,2.3,0,0,0,0.669,0.965,1.135,0.634,0.579,0.835,0.568,0.39,0.669,0.965,NA,2,0.669,0.965,0.669,0.965,0.579,0.835,0.476,0.39,1.52,14,0.18,222.786,3.38,-0.0138344736011655
"85",78,"1987YELLOW2","YELLOW #2",1987,"no","Forest",1,"USF","KNF",100,21741,2305,10.6,10,451,19.6,2.1,420.4,1.9,18.2,99.1,0.5,4.3,1.628,0.909,1.823,0.76,1.684,0.866,0.784,0.768,2.384,0.88,0.88,15,2.117,0.802,2.117,0.802,2.122,0.804,0.806,0.802,5.27,437,0.54,592.596,31.258,-0.00470575593344219
"88",81,"1988CALNF00000155","1988CALNF00000155",1988,"no","Forest",1,"USF","LNF",85,375,235,62.5,62,226,96.4,60.2,134.4,35.8,57.3,59.2,15.8,25.2,0.157,0.226,0.157,0.226,0.157,0.226,0.07,0.07,0.157,0.226,0.226,2,0.157,0.226,0.157,0.226,0.157,0.226,0.07,0.07,117.27,2,117.27,92.709,108.72,-0.00215165863431031
"89",82,"1988CLEARINGHOUSE","CLEARHOUSE",1988,"no","Forest",1,"USF","STF",94,1021,36,3.5,3,10,27.9,1,0,0,0,0,0,0,0.672,0.969,0.945,0.527,0.768,0.699,0.528,0.488,0.672,0.969,NA,2,0.672,0.969,0.672,0.969,0.66,0.952,0.479,0.467,2.56,14,0.765,116.814,2.989,-0.0169593785072641
"93",86,"1988GARNET","GARNET",1988,"no","Forest",1,"USF","SNF",100,924,33,3.5,3,13,40.1,1.4,0.3,0,1,0,0,0,1.028,0.936,1.465,0.705,1.292,0.932,0.726,0.701,1.028,0.936,NA,3,1.028,0.936,1.028,0.936,1.036,0.943,0.625,0.629,2.73,12,1.485,127.243,3.474,-0.0155248307255321
"94",87,"1988HERMIT","HERMIT",1988,"no","Forest",1,"USF","SHF",98,3391,1158,34.1,34,356,30.8,10.5,322.8,9.5,27.9,86,2.5,7.4,1.384,0.773,1.455,0.607,1.375,0.707,0.681,0.671,2.14,0.861,0.861,12,2.14,0.861,1.815,0.757,1.791,0.747,0.727,0.719,12.45,93,0.45,367.918,45.799,-0.00365459601245891
"95",413,"1988LETTS","LETTS",1988,"no","Forest",1,"USF","MNF",NA,1340,193,14.4,14,72,37.2,5.4,29.8,2.2,15.5,6.5,0.5,3.4,NA,NA,1.762,0.765,NA,NA,0.781,NA,NA,NA,NA,NA,NA,NA,1.477,0.918,NA,NA,0.747,NA,3.856,50,0.81,291.437,11.237,-0.00865927548960887
"97",88,"1988OBELISK","OBELISK",1988,"no","Forest",1,"USF","SNF",100,3045,289,9.5,9,36,12.3,1.2,11.7,0.4,4,0.1,0,0,1.374,0.991,1.767,0.804,1.523,0.947,0.799,0.767,1.815,0.933,NA,7,1.815,0.933,1.815,0.933,1.852,0.952,0.818,0.831,2.54,114,0.63,207.592,5.267,-0.0131734348510324
"100",91,"1988USF05131988000061"," ",1988,"no","Forest",1,"USF","SQF",97,286,67,23.5,23,33,49.3,11.6,1.3,0.5,2,0,0,0,0.508,0.733,0.779,0.4,0.506,0.461,0.354,0.267,1.035,0.942,NA,3,1.035,0.942,1.035,0.942,0.99,0.901,0.624,0.597,3.19,21,0.36,248.579,7.926,-0.00864328359619683
"104",97,"1989BALCH","BALCH",1989,"no","Forest",1,"USF","SNF",100,3584,574,16,16,161,28.1,4.5,60.9,1.7,10.6,2.2,0.1,0.4,1.709,0.954,1.917,0.799,1.752,0.9,0.821,0.803,1.918,0.922,0.922,8,1.918,0.922,1.918,0.922,1.908,0.917,0.832,0.827,4.19,137,0.45,375.515,15.739,-0.00871150795077742
"105",98,"1989LAYMAN","LAYMAN",1989,"no","Forest",1,"USF","PNF",91,2012,580,28.8,28,212,36.5,10.5,109.4,5.4,18.9,16.5,0.8,2.8,1.6,0.822,1.682,0.677,1.595,0.767,0.757,0.747,1.819,0.828,0.828,9,1.819,0.828,1.819,0.828,1.794,0.817,0.791,0.784,10.18,57,0.54,326.922,33.284,-0.00527200652635692
"106",415,"1989POWERHOUSE","POWDERHOUSE",1989,"no","Forest",1,"USF","SNF",NA,4863,480,9.9,9,99,20.5,2,18.1,0.4,3.8,0,0,0,NA,NA,1.681,0.73,NA,NA,0.741,NA,NA,NA,NA,NA,NA,NA,1.964,0.945,NA,NA,0.849,NA,3.665,131,0.54,323.708,11.865,-0.0088780752219478
"107",99,"1989RACK","RACK",1989,"no","Forest",1,"USF","PNF",100,1400,552,39.4,39,189,34.3,13.5,112.5,8,20.4,15.8,1.1,2.9,1.298,0.724,1.397,0.583,1.314,0.675,0.626,0.613,1.827,0.832,0.832,9,1.827,0.832,1.827,0.832,1.812,0.825,0.794,0.789,10.23,54,0.81,311.984,31.906,-0.00534420017959357
"110",102,"1990BUTTES","BUTTES",1990,"no","Forest",1,"USF","TNF",68,122,44,36.3,36,41,92.5,33.6,11.1,9,24.9,0,0,0,0.267,0.384,0.292,0.21,0.252,0.364,0.14,0.129,0.267,0.384,0.384,2,0.267,0.384,0.267,0.384,0.252,0.364,0.139,0.129,11.09,4,1.62,156.244,17.331,-0.00638192317564842
"111",103,"1990CALNF00000109","1990CALNF00000109",1990,"no","Forest",1,"USF","LNF",100,136,71,51.9,51,71,100,51.9,20.3,14.9,28.8,3.6,2.6,5.1,0,NA,0,NA,0,NA,0,0,0,NA,NA,NA,0,NA,0,NA,0,NA,0,0,70.56,1,70.56,0,0,-0.0054959947975123
"113",106,"1990GREENHORN","GREENHORN",1990,"no","Forest",1,"USF","PNF",79,165,45,27.3,27,22,49.3,13.5,3.8,2.3,8.5,0,0,0,0.99,0.901,1.133,0.582,1.027,0.741,0.612,0.593,0.99,0.901,NA,3,0.99,0.901,0.99,0.901,0.964,0.877,0.602,0.588,6.42,7,1.17,130.943,8.401,-0.00908970791918027
"114",107,"1990KIRCH","KIRCH",1990,"no","Forest",1,"USF","SNF",95,1507,165,11,10,66,40,4.4,5.6,0.4,3.4,0,0,0,1.298,0.937,1.606,0.731,1.426,0.886,0.747,0.722,1.461,0.907,0.907,5,1.461,0.907,1.461,0.907,1.461,0.908,0.735,0.732,3.44,48,0.585,282.363,9.726,-0.0106769025389374
"118",416,"1990RECER","RECER",1990,"no","Forest",1,"USF","MNF",NA,1389,207,14.9,14,74,35.5,5.3,24.9,1.8,12,0.9,0.1,0.4,NA,NA,0.999,0.454,NA,NA,0.473,NA,NA,NA,NA,NA,NA,NA,0.908,0.655,NA,NA,0.47,NA,7.673,27,0.27,255.019,19.568,-0.00830690934298561
"119",111,"1990SAVAGE","SAVAGE",1990,"no","Forest",1,"USF","SNF",94,786,224,28.5,28,106,47.4,13.5,36.9,4.7,16.5,5.2,0.7,2.3,1.362,0.846,1.488,0.677,1.402,0.782,0.697,0.685,1.524,0.85,0.85,6,1.524,0.85,1.524,0.85,1.509,0.842,0.717,0.71,7.72,29,1.62,256.329,19.8,-0.00692247109769091
"121",113,"1990STORMY","STORMY",1990,"no","Forest",1,"USF","SQF",98,9493,6114,64.4,64,5218,85.3,55,3214.5,33.9,52.6,1866.4,19.7,30.5,0.587,0.302,0.298,0.124,0.266,0.137,0.099,0.091,0.608,0.264,0.264,10,0.299,0.136,0.299,0.136,0.281,0.128,0.099,0.092,44.63,137,0.36,1000.334,446.424,-0.00074556104709813
"123",115,"1990WALKER","WALKER",1990,"no","Forest",1,"USF","PNF",100,472,134,28.4,28,93,69.7,19.8,31.8,6.7,23.7,6.6,1.4,4.9,0.791,0.72,0.861,0.48,0.747,0.68,0.462,0.437,0.933,0.673,0.673,4,0.933,0.673,0.933,0.673,0.893,0.644,0.481,0.46,9.58,14,0.63,248.952,23.846,-0.00623445372103658
"124",417,"1991BEAR","BEAR",1991,"no","Forest",1,"USF","MNF",NA,339,15,4.5,4,13,84.7,3.8,0,0,0,0,0,0,NA,NA,0.579,0.36,NA,NA,0.271,NA,NA,NA,NA,NA,NA,NA,0.428,0.617,NA,NA,0.259,NA,2.186,7,0.45,201.647,4.407,-0.0155722752036082
"127",118,"1991ROCK","ROCK",1991,"no","Forest",1,"USF","SHF",94,451,240,53.2,53,231,96.3,51.2,93,20.6,38.7,21.8,4.8,9.1,0.177,0.161,0.183,0.114,0.139,0.201,0.073,0.061,0.177,0.161,0.161,3,0.177,0.161,0.177,0.161,0.139,0.201,0.073,0.061,26.68,9,0.18,271.05,72.316,-0.00370085504346992
"128",120,"1992CALLBOX","CALLBOX",1992,"no","Forest",1,"USF","SQF",100,648,253,39,39,93,36.6,14.3,14.4,2.2,5.7,0.3,0,0.1,0.957,0.69,1.158,0.527,0.976,0.606,0.513,0.468,1.428,0.887,0.887,5,1.428,0.887,1.428,0.887,1.399,0.869,0.729,0.716,5.5,46,0.585,324.498,17.853,-0.00922470493842608
"130",418,"1992CLEVELAND","CLEVELAND",1992,"no","Forest",1,"USF","ENF",NA,9258,5252,56.7,56,2307,43.9,24.9,2800.5,30.2,53.3,1681.3,18.2,32,NA,NA,0.42,0.182,NA,NA,0.158,NA,NA,NA,NA,NA,NA,NA,0.438,0.211,NA,NA,0.158,NA,30.013,175,0.45,806.99,242.204,-0.000967463383412202
"132",123,"1992ITALIAN","ITALIAN",1992,"no","Forest",1,"USF","SNF",74,888,11,1.2,1,4,33.3,0.4,0,0,0,0,0,0,0,NA,1.487,0.83,0.692,0.999,0.731,0.499,0,NA,NA,NA,0,NA,0,NA,0,NA,0,0,0.62,17,0.27,135.652,0.84,-0.0312827358911414
"135",125,"1992RAINBOW","RAINBOW",1992,"no","Forest",1,"USF","INF",92,3422,828,24.2,24,287,34.7,8.4,177.1,5.2,21.4,46.4,1.4,5.6,1.668,0.857,1.777,0.715,1.686,0.811,0.78,0.77,1.873,0.814,0.814,10,1.873,0.814,1.873,0.814,1.858,0.807,0.795,0.789,9.41,88,0.54,396.955,37.354,-0.00504891358118383
"137",127,"1992RUBY","RUBY",1992,"no","Forest",1,"USF","STF",77,1718,1209,70.4,70,1168,96.6,68,612.2,35.6,50.6,303.3,17.7,25.1,0.165,0.15,0.176,0.085,0.16,0.115,0.065,0.061,0.165,0.15,0.15,3,0.165,0.15,0.165,0.15,0.155,0.141,0.065,0.061,71.1,17,0.27,385.891,274.369,-0.00118553882711885
"140",131,"1994BEAR","BEAR",1994,"no","Forest",1,"USF","KNF",100,834,197,23.6,23,161,81.9,19.4,80.5,9.7,40.8,31.1,3.7,15.7,0.594,0.541,0.664,0.341,0.628,0.453,0.315,0.308,0.594,0.541,0.541,3,0.594,0.541,0.594,0.541,0.583,0.531,0.312,0.306,13.15,15,1.08,304.184,39.988,-0.00304046530002328
"141",132,"1994BIG_CREEK","BIG CREEK",1994,"no","Forest",1,"USF","SNF",100,2383,546,22.9,22,187,34.2,7.8,106.1,4.5,19.4,25.6,1.1,4.7,1.568,0.875,1.706,0.711,1.6,0.822,0.762,0.75,1.883,0.857,0.857,9,1.883,0.857,1.883,0.857,1.872,0.852,0.807,0.802,6.28,87,0.45,349.328,21.939,-0.00612950907739622
"142",133,"1994COTTONWOOD","COTTONWOOD",1994,"no","Forest",1,"USF","TNF",74,19621,8780,44.7,44,4805,54.7,24.5,3292.6,16.8,37.5,1198.4,6.1,13.7,1.422,0.647,0.866,0.349,0.811,0.39,0.344,0.332,1.862,0.602,0.602,22,1.14,0.387,1.018,0.352,0.993,0.343,0.348,0.336,22.86,384,0.45,1103.913,252.391,-0.00148834659736094
"145",136,"1994HIRSCHDALE","HIRSCHDALE",1994,"no","Forest",1,"USF","TNF",79,445,99,22.2,22,41,41.7,9.2,10.6,2.4,10.7,0,0,0,1.288,0.929,1.624,0.739,1.388,0.862,0.741,0.704,1.288,0.929,0.929,4,1.288,0.929,1.288,0.929,1.267,0.914,0.702,0.688,2.9,34,0.405,247.737,7.187,-0.0101273309839903
"147",138,"1994JACK1","JACK #1",1994,"no","Forest",1,"USF","KNF",100,11305,1252,11.1,11,154,12.3,1.4,157.5,1.4,12.6,20.2,0.2,1.6,1.711,0.955,1.968,0.821,1.787,0.918,0.829,0.808,2.422,0.944,0.944,13,2.422,0.944,2.422,0.944,2.459,0.959,0.899,0.907,3.76,333,0.54,337.723,12.701,-0.0083700222920123
"148",139,"1994LUCAS4","LUCAS #4",1994,"no","Forest",1,"USF","SQF",79,2808,820,29.2,29,270,33,9.6,31.3,1.1,3.8,0,0,0,1.663,0.928,1.888,0.787,1.732,0.89,0.808,0.789,2.078,0.866,0.866,11,2.078,0.866,2.078,0.866,2.084,0.869,0.831,0.828,4.53,181,0.81,469.419,21.257,-0.00750805459777757
"149",141,"1994SPECIMEN","SPECIMEN",1994,"no","Forest",1,"USF","KNF",100,3432,997,29,29,446,44.7,13,336.8,9.8,33.8,100.9,2.9,10.1,0.823,0.512,0.874,0.379,0.803,0.448,0.395,0.38,1.447,0.696,0.696,8,1.447,0.696,0.926,0.476,0.894,0.459,0.401,0.387,15.58,64,0.495,431.384,67.197,-0.00325279640916266
"150",420,"1994SUGARFOOT","SUGARFOOT",1994,"no","Forest",1,"USF","MNF",NA,1106,162,14.7,14,46,28.7,4.2,19.3,1.7,11.9,1.4,0.1,0.9,NA,NA,1.47,0.669,NA,NA,0.665,NA,NA,NA,NA,NA,NA,NA,1.619,0.904,NA,NA,0.78,NA,3.308,49,0.63,265.78,8.792,-0.00924387522376148
"152",143,"1995HELESTER","HELESTER",1995,"no","Forest",1,"USF","TNF",100,258,55,21.5,21,55,98.7,21.2,10.8,4.2,19.6,0,0,0,0.069,0.1,0.074,0.068,0,NA,0.026,0,0.069,0.1,0.1,2,0.069,0.1,0.069,0.1,0,NA,0.026,0,18.48,3,0.63,138.672,25.626,-0.00564040221594602
"153",144,"1995PONY","PONY",1995,"no","Forest",1,"USF","KNF",100,852,179,21,21,146,81.4,17.1,81.4,9.6,45.4,42,4.9,23.4,0.481,0.694,0.667,0.343,0.573,0.522,0.322,0.299,0.481,0.694,0.694,2,0.481,0.694,0.481,0.694,0.46,0.663,0.303,0.286,6.9,26,1.125,403.665,27.834,-0.00349413933775997
"156",148,"1996BOREL","BOREL",1996,"no","Forest",1,"USF","SQF",100,1099,130,11.8,11,71,54.7,6.5,7.7,0.7,5.9,0,0,0,1.178,0.85,1.395,0.635,1.185,0.736,0.646,0.605,1.178,0.85,0.85,4,1.178,0.85,1.178,0.85,1.128,0.814,0.63,0.601,3.61,36,0.36,335.84,12.124,-0.00879437040003422
"159",422,"1996FORK","FORK",1996,"no","Forest",1,"USF","MNF",NA,33673,12366,36.7,36,2848,23,8.5,2997.9,8.9,24.2,909.4,2.7,7.4,NA,NA,1.544,0.621,NA,NA,0.647,NA,NA,NA,NA,NA,NA,NA,1.922,0.613,NA,NA,0.665,NA,8.266,1496,0.45,1147.611,94.864,-0.0024107243425199
"165",424,"1996MADDALENA","MADDALENA",1996,"no","Forest",1,"USF","PNF",NA,1819,408,22.4,22,83,20.4,4.6,13.2,0.7,3.2,0,0,0,NA,NA,1.781,0.773,NA,NA,0.784,NA,NA,NA,NA,NA,NA,NA,1.853,0.952,NA,NA,0.831,NA,3.672,111,0.72,297.189,10.913,-0.0118880760606178
"166",156,"1996ROCK","ROCK",1996,"no","Forest",1,"USF","SHF",100,1042,23,2.2,2,12,51.7,1.2,0,0,0,0,0,0,1.024,0.932,1.306,0.671,0.857,0.78,0.645,0.522,1.024,0.932,NA,3,1.024,0.932,1.024,0.932,0.857,0.78,0.614,0.522,1.79,13,0.45,187.769,3.367,-0.0150672932785608
"167",157,"1996ROGGE","ROGGE",1996,"no","Forest",1,"USF","STF",93,8561,470,5.5,5,147,31.2,1.7,51,0.6,10.9,3.4,0,0.7,1.551,0.963,1.872,0.813,1.627,0.908,0.81,0.777,1.799,0.925,0.925,7,1.799,0.925,1.799,0.925,1.803,0.927,0.81,0.807,2.9,162,0.45,430.54,12.481,-0.00927728157967148
"169",160,"1997CHOKE","CHOKE",1997,"no","Forest",1,"USF","SQF",100,1592,517,32.5,32,372,71.9,23.4,136.4,8.6,26.4,22.8,1.4,4.4,0.89,0.553,1.018,0.442,0.912,0.509,0.459,0.435,0.98,0.547,0.547,6,0.98,0.547,0.98,0.547,0.952,0.531,0.46,0.441,9.23,56,0.585,534.321,49.334,-0.00311212573769007
"171",163,"1997JACKS","JACKS",1997,"no","Forest",1,"USF","SQF",99,2320,1501,64.7,64,1482,98.7,63.9,853.5,36.8,56.9,464.1,20,30.9,0.076,0.069,0.086,0.041,0.062,0.044,0.025,0.019,0.076,0.069,0.069,3,0.076,0.069,0.076,0.069,0.059,0.054,0.025,0.019,68.21,22,0.36,452.249,308.487,-0.00127298398969387
"172",425,"1997MAYBERT","MAYBERT",1997,"no","Forest",1,"USF","TNF",NA,206,50,24.4,24,49,97.8,23.9,17.4,8.4,34.5,3.1,1.5,6.2,NA,NA,0.122,0.088,NA,NA,0.042,NA,NA,NA,NA,NA,NA,NA,0.104,0.15,NA,NA,0.042,NA,12.555,4,0.495,168.249,21.124,-0.00488323095082691
"174",165,"1998ROUGH","ROUGH",1998,"no","Forest",1,"USF","SNF",100,379,8,2,2,2,21.2,0.4,0,0,0,0,0,0,0,NA,1.185,0.737,0,NA,0.62,0,0,NA,NA,NA,0,NA,0,NA,0,NA,0,0,0.55,14,0.495,71.106,0.389,-0.0357298030273736
"175",167,"1999BELL_WEST","BELL WEST",1999,"no","Forest",1,"USF","MDF",80,941,84,9,8,46,54.3,4.9,9.6,1,11.4,0,0,0,0.127,0.183,0.159,0.099,0.074,0.107,0.054,0.028,0.794,0.723,0.723,3,0.794,0.723,0.794,0.723,0.751,0.683,0.52,0.507,9.38,9,0.36,182.033,17.075,-0.00751477786751989
"176",426,"1999BOHEMOTASH","BOHEMOTASH",1999,"no","Forest",1,"USF","SHF",NA,2309,195,8.4,8,37,19,1.6,4.5,0.2,2.3,0,0,0,NA,NA,1.726,0.786,NA,NA,0.779,NA,NA,NA,NA,NA,NA,NA,1.685,0.94,NA,NA,0.794,NA,2.463,79,0.45,243.089,5.987,-0.0129658405503797
"177",168,"1999BUCKS","BUCKS",1999,"no","Forest",1,"USF","PNF",81,13893,1377,9.9,9,107,7.7,0.8,105.5,0.8,7.7,2.2,0,0.2,1.767,0.986,2.017,0.841,1.851,0.951,0.847,0.831,2.455,0.93,0.93,14,2.455,0.93,2.455,0.93,2.488,0.943,0.9,0.907,3.88,355,0.54,313.229,12.146,-0.00979290405747988
"178",427,"1999CINDER","CINDER",1999,"no","Forest",1,"USF","LNF",NA,298,107,35.9,35,106,98.8,35.5,30,10.1,28.1,1.3,0.4,1.2,NA,NA,0.064,0.092,NA,NA,0.023,NA,NA,NA,NA,NA,NA,NA,0.064,0.092,NA,NA,0.023,NA,53.415,2,53.415,97.641,52.155,-0.00509616776800372
"179",169,"1999DEER","DEER",1999,"yes","Forest",1,"USF","STF",100,140,4,2.9,2,2,54.3,1.6,0,0,0,0,0,0,0,NA,1.114,0.804,0,NA,0.615,0,0,NA,NA,NA,0,NA,0,NA,0,NA,0,0,0.83,5,0.36,92.077,0.762,-0.0289663208403145
"180",170,"1999DEVILSGAP","DEVILS GAP",1999,"no","Forest",1,"USF","PNF",98,606,177,29.3,29,147,83,24.3,41.3,6.8,23.3,1.1,0.2,0.6,0.541,0.492,0.586,0.301,0.51,0.368,0.292,0.271,0.541,0.492,0.492,3,0.541,0.492,0.541,0.492,0.497,0.452,0.291,0.271,17.73,10,0.765,246.609,43.724,-0.00498463951180401
"181",172,"1999EAST","EAST",1999,"no","Forest",1,"USF","KNF",100,475,122,25.8,25,76,62.1,16,18,3.8,14.7,0.1,0,0.1,0.922,0.839,1.092,0.525,0.913,0.659,0.554,0.515,1.069,0.771,0.771,4,1.069,0.771,1.069,0.771,1.03,0.743,0.564,0.538,5.57,22,0.495,284.754,15.854,-0.00831817065000547
"183",429,"1999HIGH","HIGH",1999,"no","Forest",1,"USF","SHF",NA,1332,105,7.9,7,30,28.8,2.3,6.1,0.5,5.8,0,0,0,NA,NA,1.583,0.761,NA,NA,0.752,NA,NA,NA,NA,NA,NA,NA,1.293,0.932,NA,NA,0.711,NA,2.393,44,0.36,245.391,5.873,-0.0127682476219488
"184",173,"1999HIRAM","HIRAM",1999,"yes","Forest",1,"USF","STF",100,1118,110,9.8,9,45,40.6,4,9.1,0.8,8.3,0,0,0,1.087,0.989,1.502,0.772,1.208,0.871,0.725,0.665,1.28,0.924,0.924,4,1.28,0.924,1.28,0.924,1.277,0.921,0.698,0.691,2.5,44,0.54,288.715,7.205,-0.0111784319342093
"185",174,"1999HORTON2","HORTON 2",1999,"no","Forest",1,"USF","PNF",98,1643,365,22.2,22,90,24.8,5.5,30.8,1.9,8.4,2.3,0.1,0.6,1.499,0.931,1.693,0.735,1.554,0.868,0.772,0.755,1.949,0.938,0.938,8,1.949,0.938,1.949,0.938,1.955,0.94,0.843,0.844,4.86,75,0.81,249.172,12.113,-0.00960056373641516
"186",175,"1999JACKASS","JACKASS",1999,"no","Forest",1,"USF","SHF",91,2217,50,2.3,2,10,20.1,0.5,0,0,0,0,0,0,0.908,0.827,1.71,0.822,1.324,0.955,0.781,0.716,0.908,0.827,NA,3,0.908,0.827,0.908,0.827,0.971,0.884,0.53,0.576,1.32,38,0.36,161.141,2.13,-0.0196888569649793
"188",177,"1999LOOKOUT","LOOKOUT",1999,"no","Forest",1,"USF","PNF",92,1062,124,11.6,11,65,52.2,6.1,19.7,1.9,15.9,1.4,0.1,1.1,1.147,0.827,1.479,0.673,1.239,0.77,0.675,0.624,1.147,0.827,0.827,4,1.147,0.827,1.147,0.827,1.124,0.811,0.63,0.608,3.64,34,0.675,305.524,11.112,-0.00783156792082539
"191",180,"1999LUNCH","LUNCH",1999,"no","Forest",1,"USF","SHF",89,825,34,4.1,4,17,50.4,2.1,1.8,0.2,5.2,0,0,0,0.693,1,1.373,0.706,0.89,0.81,0.669,0.533,0.693,1,NA,2,0.693,1,0.693,1,0.668,0.964,0.5,0.475,1.53,22,0.45,226.991,3.482,-0.0141632895680222
"192",181,"1999MEGRAM","MEGRAM",1999,"no","Forest",1,"USF","SHF",98,50779,7042,13.9,13,618,8.8,1.2,1481.6,2.9,21,364.9,0.7,5.2,1.981,0.953,1.948,0.784,1.831,0.88,0.818,0.806,3.262,0.933,0.933,33,3.262,0.933,2.708,0.813,2.722,0.817,0.869,0.867,6.71,1050,0.63,486.661,32.637,-0.00462790269153781
"193",182,"1999ONION","ONION",1999,"no","Forest",1,"USF","SHF",99,6775,237,3.5,3,85,35.9,1.3,26.6,0.4,11.2,6,0.1,2.6,1.279,0.922,1.769,0.805,1.48,0.92,0.789,0.743,1.362,0.846,0.846,5,1.362,0.846,1.362,0.846,1.392,0.865,0.706,0.715,2.21,107,0.45,380.165,8.416,-0.0101838584085586
"194",183,"1999PIDGEN","PIDGEON",1999,"no","Forest",1,"USF","PNF",96,1916,169,8.8,8,31,18.4,1.6,4.1,0.2,2.4,0,0,0,1.038,0.944,1.362,0.655,1.119,0.807,0.663,0.614,1.765,0.985,NA,6,1.765,0.985,1.765,0.985,1.781,0.994,0.824,0.83,3.31,51,0.63,216.616,7.175,-0.0115510612368605
"195",184,"1999PILOT","PILOT",1999,"no","Forest",1,"USF","STF",96,1647,734,44.5,44,348,47.5,21.1,227.5,13.8,31,44.8,2.7,6.1,0.579,0.417,0.621,0.283,0.57,0.354,0.296,0.285,1.144,0.711,0.711,5,1.144,0.711,0.579,0.417,0.555,0.4,0.296,0.285,22.23,33,0.63,329.408,73.218,-0.00417536986714322
"196",186,"1999REPTILE","REPTILE",1999,"no","Forest",1,"USF","SHF",95,735,134,18.2,18,24,17.7,3.2,2.8,0.4,2.1,0,0,0,1.357,0.979,1.603,0.771,1.466,0.911,0.763,0.744,1.357,0.979,NA,4,1.357,0.979,1.357,0.979,1.345,0.97,0.735,0.729,4.33,31,1.26,154.449,6.686,-0.0113094075129732
"197",187,"1999RICHBAR_CMPLX","RICHBAR COMPLEX",1999,"no","Forest",1,"USF","SQF",77,1027,386,37.6,37,238,61.6,23.2,77.4,7.5,20.1,22,2.1,5.7,1.065,0.768,1.243,0.566,1.066,0.662,0.579,0.54,1.111,0.69,0.69,5,1.111,0.69,1.111,0.69,1.067,0.663,0.568,0.54,5.68,68,0.54,509.752,28.943,-0.00463874948668258
"198",430,"1999SHEEP1","SHEEP #1",1999,"no","Forest",1,"USF","SHF",NA,5019,500,10,9,145,29,2.9,76.6,1.5,15.3,7.1,0.1,1.4,NA,NA,1.632,0.681,NA,NA,0.754,NA,NA,NA,NA,NA,NA,NA,1.977,0.9,NA,NA,0.834,NA,6.326,79,0.36,332.989,21.066,-0.00585027348653986
"199",188,"1999SHEEP2","SHEEP #2",1999,"no","Forest",1,"USF","SHF",78,1059,111,10.5,10,54,48.1,5.1,3.5,0.3,3.1,0,0,0,1.318,0.819,1.414,0.644,1.239,0.77,0.682,0.654,1.318,0.819,0.819,5,1.318,0.819,1.318,0.819,1.239,0.77,0.679,0.654,4.64,24,0.315,246.179,11.42,-0.00933358922804164
"200",189,"1999STAG","STAG",1999,"no","Forest",1,"USF","PNF",100,190,6,3.2,3,5,80.9,2.6,0,0,0,0,0,0,0,NA,0.606,0.552,0,NA,0.325,0,0,NA,NA,NA,0,NA,0,NA,0,NA,0,0,2.04,3,0.81,101.268,2.066,-0.0269172130464221
"201",190,"1999SUGAR","SUGAR",1999,"no","Forest",1,"USF","SHF",80,2065,120,5.8,5,22,18.4,1.1,3.4,0.2,2.9,0,0,0,0.961,0.875,1.729,0.831,1.348,0.972,0.792,0.73,0.961,0.875,NA,3,0.961,0.875,0.961,0.875,1.018,0.927,0.568,0.61,1.3,92,0.36,208.766,2.712,-0.0184566828298882
"202",191,"2000ARNOT","ARNOT",2000,"yes","Forest",1,"USF","STF",100,252,6,2.2,2,2,39.7,0.9,0,0,0,0,0,0,0,NA,0.621,0.565,0.496,0.715,0.358,0.316,0,NA,NA,NA,0,NA,0,NA,0,NA,0,0,1.13,5,1.08,83.481,0.947,-0.0250480721694848
"203",431,"2000BARK","BARK",2000,"no","Forest",1,"USF","KNF",NA,764,241,31.5,31,111,46,14.5,55.1,7.2,22.9,6.7,0.9,2.8,NA,NA,1.409,0.612,NA,NA,0.672,NA,NA,NA,NA,NA,NA,NA,1.483,0.828,NA,NA,0.715,NA,6.502,37,0.54,290.067,18.86,-0.0058667191744542
"204",432,"2000CABBAGE","CABBAGE",2000,"no","Forest",1,"USF","MNF",NA,587,19,3.3,3,3,17.2,0.6,0,0,0,0,0,0,NA,NA,1.551,0.865,NA,NA,0.76,NA,NA,NA,NA,NA,NA,NA,0,NA,NA,NA,0,NA,0.624,31,0.27,129.687,0.809,-0.0292252881827098
"206",193,"2000JOURNEY","JOURNEY",2000,"no","Forest",1,"USF","SRF",78,418,106,25.4,25,46,43.2,11,13.2,3.2,12.5,0.5,0.1,0.5,1.023,0.931,1.244,0.598,1.059,0.764,0.64,0.606,1.301,0.938,0.938,4,1.301,0.938,1.301,0.938,1.271,0.917,0.703,0.688,3.78,28,0.315,243.561,9.214,-0.00883384380058998
"207",194,"2000MANTER","MANTER",2000,"no","Forest",1,"USF","SQF",70,32061,13978,43.6,43,8011,57.3,25,5282.9,16.5,37.8,2341.5,7.3,16.8,1.46,0.664,0.885,0.356,0.777,0.374,0.339,0.311,1.898,0.59,0.59,25,1.524,0.486,0.974,0.337,0.927,0.321,0.34,0.314,11.8,1185,0.36,1998.658,235.754,-0.00100988249748712
"208",195,"2000SAWMILL","SAWMILL",2000,"no","Forest",1,"USF","INF",100,133,15,11.1,11,6,43,4.8,0,0,0,0,0,0,0.683,0.986,1.37,0.765,1.053,0.959,0.699,0.635,0.683,0.986,NA,2,0.683,0.986,0.683,0.986,0.692,0.998,0.49,0.499,1.65,9,1.08,115.164,1.9,-0.0232892956255759
"209",196,"2000STORRIE","STORRIE",2000,"no","Forest",1,"USF","PNF",92,22806,6273,27.5,27,1869,29.8,8.2,2836.4,12.4,45.2,1655.3,7.3,26.4,1.642,0.747,1.082,0.435,1.015,0.488,0.441,0.427,2.312,0.772,0.772,20,1.391,0.491,1.251,0.451,1.226,0.442,0.447,0.434,16.86,372,0.63,737.67,124.387,-0.0022553465399031
"210",433,"2000TOWN","TOWN",2000,"no","Forest",1,"USF","MNF",NA,459,125,27.3,27,104,83.4,22.8,25,5.4,19.9,1.6,0.4,1.3,NA,NA,0.611,0.314,NA,NA,0.289,NA,NA,NA,NA,NA,NA,NA,0.545,0.496,NA,NA,0.288,NA,5.966,21,0.36,371.169,22.143,-0.00604310109143901
"211",197,"2001BELL","BELL",2001,"no","Forest",1,"USF","MDF",100,1236,409,33.1,33,222,54.2,17.9,87.9,7.1,21.5,16.9,1.4,4.1,1.296,0.805,1.481,0.643,1.298,0.724,0.66,0.625,1.402,0.783,0.783,6,1.402,0.783,1.402,0.783,1.36,0.759,0.66,0.635,4.81,85,0.45,503.893,24.217,-0.00481576475455746
"212",198,"2001BLUE","BLUE",2001,"no","Forest",2,"USF","MDF",95,13926,4086,29.3,29,1535,37.6,11,1146.8,8.2,28.1,359.3,2.6,8.8,1.721,0.827,1.377,0.554,1.292,0.621,0.576,0.56,2.392,0.786,0.786,21,2.392,0.786,1.607,0.567,1.584,0.559,0.586,0.572,11.98,341,0.72,737.299,88.352,-0.00365307977272551
"213",199,"2001BRICEBURG","BRICEBURG",2001,"no","Forest",1,"USF","SNF",74,300,44,14.8,14,28,63.6,9.4,2.1,0.7,4.7,0,0,0,0.656,0.946,0.985,0.612,0.829,0.755,0.529,0.49,0.656,0.946,NA,2,0.656,0.946,0.656,0.946,0.639,0.922,0.463,0.447,4.45,10,2.025,179.846,7.996,-0.0112930114610151
"216",434,"2001GAP","GAP",2001,"no","Forest",1,"USF","TNF",NA,1013,663,65.5,65,663,99.9,65.4,338,33.4,50.9,134.2,13.2,20.2,NA,NA,0.011,0.01,NA,NA,0.003,NA,NA,NA,NA,NA,NA,NA,0.01,0.015,NA,NA,0.003,NA,165.87,4,0.36,172.892,286.776,-0.00176703516499323
"217",202,"2001HIGHWAY","HIGHWAY",2001,"no","Forest",1,"USF","SQF",81,1691,169,10,10,32,19,1.9,0.6,0,0.3,0,0,0,1.298,0.936,1.781,0.81,1.531,0.951,0.8,0.765,1.64,0.915,NA,6,1.64,0.915,1.64,0.915,1.693,0.945,0.776,0.799,2.53,67,0.9,213.437,5.396,-0.0146963297041673
"219",204,"2001HYAMPOM","HYAMPOM",2001,"no","Forest",1,"USF","SHF",97,481,135,28.1,28,79,58.9,16.5,34.4,7.1,25.5,8.5,1.8,6.3,1.045,0.754,1.1,0.529,1.05,0.653,0.574,0.567,1.045,0.754,0.754,4,1.045,0.754,1.045,0.754,1.028,0.741,0.573,0.566,12.26,11,1.26,190.525,23.367,-0.00585413831730494
"220",205,"2001JONES","JONES",2001,"no","Forest",1,"USF","KNF",93,637,77,12.1,12,18,23.3,2.8,0.7,0.1,0.9,0,0,0,0.915,0.833,1.379,0.663,1.024,0.738,0.649,0.555,1.284,0.926,NA,4,1.284,0.926,1.284,0.926,1.308,0.944,0.706,0.716,2.21,35,0.72,178.444,3.942,-0.0130368796593196
"222",208,"2001MUSIC","MUSIC",2001,"no","Forest",1,"USF","SNF",95,93,3,3.7,3,1,34.2,1.3,0,0,0,0,0,0,0,NA,1.198,0.864,0,NA,0.669,0,0,NA,NA,NA,0,NA,0,NA,0,NA,0,0,0.43,8,0.36,76.452,0.327,-0.0395737794453636
"223",209,"2001NORTH_FORK","NORTH FORK",2001,"no","Forest",1,"USF","SNF",94,1697,471,27.8,27,141,29.9,8.3,107.1,6.3,22.7,18.3,1.1,3.9,1.354,0.841,1.483,0.644,1.392,0.777,0.681,0.668,1.823,0.937,0.937,7,1.823,0.937,1.823,0.937,1.812,0.931,0.817,0.813,8.12,58,1.26,287.882,23.39,-0.00488998605120508
"224",210,"2001ROCK","ROCK",2001,"no","Forest",1,"USF","MDF",100,711,73,10.3,10,15,20.3,2.1,0.6,0.1,0.8,0,0,0,0.668,0.964,1.25,0.642,0.88,0.801,0.641,0.554,0.668,0.964,NA,2,0.668,0.964,0.668,0.964,0.685,0.988,0.475,0.492,1.88,39,0.72,166.506,3.128,-0.0197216294778473
"225",211,"2001ROCK_CREEK","ROCK CREEK",2001,"no","Forest",1,"USF","TNF",100,231,50,21.8,21,44,87.8,19.1,12.9,5.6,25.6,0.6,0.3,1.2,0.414,0.377,0.42,0.303,0.344,0.497,0.217,0.194,0.414,0.377,0.377,3,0.414,0.377,0.414,0.377,0.344,0.497,0.217,0.194,10.06,5,0.36,170.75,17.181,-0.00639067813007711
"226",212,"2001STAR","STAR",2001,"no","Forest",2,"USF","ENF",72,6842,2424,35.4,35,1055,43.5,15.4,941.5,13.8,38.8,379.2,5.5,15.6,1.598,0.768,1.181,0.475,1.124,0.541,0.489,0.479,1.888,0.76,0.76,12,1.888,0.76,1.233,0.536,1.211,0.526,0.492,0.482,17.44,139,0.72,559.731,97.606,-0.00213914495970906
"227",213,"2001STREAM","STREAM",2001,"no","Forest",2,"USF","PNF",100,1469,797,54.2,54,627,78.7,42.7,260.3,17.7,32.7,73.6,5,9.2,0.733,0.456,0.751,0.342,0.698,0.434,0.36,0.349,0.733,0.456,0.456,5,0.733,0.456,0.733,0.456,0.698,0.434,0.36,0.349,30.64,26,0.405,395.427,121.179,-0.00218404200027242
"228",214,"2001SWILLUP2","SWILLUP II",2001,"no","Forest",1,"USF","KNF",99,3327,328,9.9,9,86,26.1,2.6,33.1,1,10.1,1.3,0,0.4,1.348,0.838,1.736,0.754,1.49,0.832,0.749,0.708,1.754,0.902,0.902,7,1.754,0.902,1.754,0.902,1.783,0.916,0.802,0.81,2.67,123,0.45,361.595,9.649,-0.00892402820699273
"229",215,"2001TREASURE","TREASURE",2001,"no","Forest",1,"USF","TNF",88,152,38,24.9,24,34,88.8,22.1,7.1,4.7,18.8,0,0,0,0.35,0.506,0.404,0.292,0.318,0.459,0.202,0.175,0.35,0.506,NA,2,0.35,0.506,0.35,0.506,0.318,0.459,0.199,0.175,7.56,5,1.62,172.265,13.023,-0.00632877479575954
"230",435,"2001TROUGH","TROUGH",2001,"no","Forest",1,"USF","MNF",NA,10242,3188,31.1,31,773,24.2,7.5,914.9,8.9,28.7,281.4,2.7,8.8,NA,NA,1.33,0.535,NA,NA,0.552,NA,NA,NA,NA,NA,NA,NA,1.47,0.557,NA,NA,0.559,NA,9.9,322,0.54,588.539,58.264,-0.00316289237186317
"231",216,"2001WHITE","WHITE",2001,"no","Forest",1,"USF","STF",100,101,26,25.3,25,26,100,25.3,2.2,2.1,8.5,0,0,0,0,NA,0,NA,0,NA,0,0,0,NA,NA,NA,0,NA,0,NA,0,NA,0,0,25.65,1,25.65,0,0,-0.0101547375595453
"232",217,"2001WHITE_SQF","WHITE",2001,"no","Forest",1,"USF","SQF",100,138,6,4.4,4,4,67.6,3,0,0,0,0,0,0,0,NA,0.63,0.908,0.63,0.908,0.438,0.438,0,NA,NA,NA,0,NA,0,NA,0,NA,0,0,3.06,2,3.06,35.294,1.08,-0.0219077349382384
"233",219,"2002CONE","CONE",2002,"no","Forest",2,"USF","LNF",83,824,338,41,40,308,91.1,37.3,127.5,15.5,37.7,52.8,6.4,15.6,0.392,0.283,0.419,0.202,0.361,0.261,0.168,0.151,0.392,0.283,0.283,4,0.392,0.283,0.392,0.283,0.361,0.261,0.167,0.151,22.53,15,0.54,338.842,76.341,-0.003357634240089
"234",220,"2002FORKS","FORKS",2002,"no","Forest",1,"USF","KNF",99,580,152,26.2,26,100,66.2,17.3,24.2,4.2,15.9,3.7,0.6,2.4,0.954,0.688,1.11,0.505,0.95,0.59,0.52,0.485,1.078,0.67,0.67,5,1.078,0.67,1.078,0.67,1.03,0.64,0.529,0.5,5.24,29,0.36,351.672,18.412,-0.00777581879146146
"235",222,"2002MCNALLY","MCNALLY",2002,"no","Forest",2,"USF","SQF",99,61516,16836,27.4,27,2577,15.3,4.2,5356.8,8.7,31.8,2077.8,3.4,12.3,1.904,0.866,1.476,0.594,1.373,0.66,0.617,0.599,3.235,0.877,0.877,40,2.26,0.646,1.891,0.568,1.869,0.561,0.633,0.618,9.69,1738,0.45,926.422,89.744,-0.0025658180040804
"237",224,"2002PIUTE","PIUTE",2002,"no","Forest",1,"USF","INF",100,158,44,27.5,27,12,28.5,7.8,0,0,0,0,0,0,1.009,0.919,1.215,0.755,0.968,0.881,0.642,0.573,1.009,0.919,NA,3,1.009,0.919,1.009,0.919,0.968,0.881,0.605,0.573,3.63,12,1.53,113.56,4.122,-0.0165477606599526
"238",436,"2002PLUM","PLUM",2002,"no","Forest",1,"USF","ENF",NA,745,40,5.4,5,7,16.4,0.9,0,0,0.1,0,0,0,NA,NA,1.457,0.749,NA,NA,0.734,NA,NA,NA,NA,NA,NA,NA,0.609,0.878,NA,NA,0.418,NA,1.537,26,1.08,107.633,1.654,-0.0216626166699117
"239",225,"2002SAINTPAULI","SAINT PAULI",2002,"no","Forest",1,"USF","ENF",94,133,17,13.2,13,17,97.4,12.8,2.6,2,14.9,0,0,0,0.12,0.173,0.133,0.121,0,NA,0.05,0,0.12,0.173,NA,2,0.12,0.173,0.12,0.173,0,NA,0.05,0,5.82,3,0.36,135.967,7.913,-0.00837594222322956
"240",226,"2002SHOWERS","SHOWERS",2002,"no","Forest",2,"USF","TMU",100,117,31,26.4,26,14,46.8,12.3,1.3,1.1,4.2,0,0,0,1.054,0.959,1.274,0.711,1.167,0.842,0.665,0.645,1.054,0.959,NA,3,1.054,0.959,1.054,0.959,1.039,0.946,0.636,0.627,4.4,7,1.98,115.956,5.099,-0.011788658746405
"241",227,"2002STANZA","STANZA",2002,"no","Forest",1,"USF","KNF",100,1171,220,18.8,18,57,26,4.9,14,1.2,6.3,0,0,0,1.365,0.848,1.609,0.699,1.406,0.785,0.701,0.662,1.716,0.958,0.958,6,1.716,0.958,1.716,0.958,1.7,0.949,0.808,0.801,4,55,0.54,272.585,10.915,-0.00861772377436332
"242",228,"2003ALBANITA","ALBANITA",2003,"yes","Forest",1,"USF","SQF",100,928,97,10.5,10,24,25,2.6,1.2,0.1,1.2,0,0,0,1.357,0.979,1.613,0.734,1.48,0.92,0.765,0.749,1.594,0.991,NA,5,1.594,0.991,1.594,0.991,1.595,0.991,0.794,0.794,3.88,25,1.35,158.181,6.144,-0.0142707748400027
"243",229,"2003COD_FISH","COD FISH",2003,"no","Forest",1,"USF","TNF",100,341,14,4.3,4,7,49.7,2.1,0,0,0,0,0,0,0.693,1,1.33,0.742,0.945,0.86,0.665,0.567,0.693,1,NA,2,0.693,1,0.693,1,0.683,0.985,0.5,0.49,1.32,11,0.18,162.579,2.142,-0.0154600423810634
"244",230,"2003COONEY","COONEY",2003,"yes","Forest",1,"USF","SQF",100,818,164,20.1,20,47,28.3,5.7,18.2,2.2,11.1,0.4,0.1,0.3,0.892,0.643,1.027,0.467,0.855,0.531,0.458,0.413,1.672,0.933,0.933,6,1.672,0.933,1.672,0.933,1.637,0.914,0.793,0.783,6.31,26,0.72,201.927,12.749,-0.00894841613093775
"245",439,"2003DEAFY","DEAFY",2003,"no","Forest",1,"USF","MNF",NA,1964,826,42.1,42,402,48.7,20.5,232.2,11.8,28.1,56.1,2.9,6.8,NA,NA,0.796,0.346,NA,NA,0.344,NA,NA,NA,NA,NA,NA,NA,0.735,0.457,NA,NA,0.342,NA,11.807,70,0.36,483.43,57.077,-0.00461474614270879
"246",231,"2003DEXTER","DEXTER",2003,"yes","Forest",1,"USF","INF",100,995,74,7.4,7,26,35.9,2.7,1.3,0.1,1.8,0,0,0,1.343,0.969,1.581,0.72,1.322,0.822,0.747,0.703,1.343,0.969,NA,4,1.343,0.969,1.343,0.969,1.271,0.917,0.729,0.7,3.51,21,0.54,194.053,6.82,-0.0132281346693377
"247",440,"2003HAPPY_CAMP","HAPPY CAMP",2003,"no","Forest",1,"USF","MNF",NA,622,13,2,2,5,37.4,0.8,0,0,0,0,0,0,NA,NA,1.023,0.738,NA,NA,0.565,NA,NA,NA,NA,NA,NA,NA,0,NA,NA,NA,0,NA,0.962,13,0.36,137.375,1.322,-0.0244761637555972
"248",232,"2003HOOKER","HOOKER",2003,"yes","Forest",1,"USF","SQF",100,969,48,5,4,18,38.2,1.9,1.9,0.2,3.9,0,0,0,1.056,0.961,1.64,0.789,1.253,0.904,0.76,0.685,1.056,0.961,NA,3,1.056,0.961,1.056,0.961,1.066,0.97,0.64,0.645,1.72,28,0.36,217.33,3.73,-0.0144504646446013
"250",234,"2003LOMA","LOMA",2003,"no","Forest",1,"USF","SHF",100,1516,125,8.3,8,59,47.3,3.9,23.7,1.6,18.9,5.5,0.4,4.4,1.224,0.883,1.374,0.661,1.178,0.85,0.677,0.644,1.224,0.883,0.883,4,1.224,0.883,1.224,0.883,1.178,0.85,0.666,0.644,3.8,33,0.27,273.734,10.399,-0.0076654194130611
"251",235,"2003MOUNTAIN","MOUNTAIN CMPLX",2003,"yes","Forest",1,"USF","STF",100,1708,153,9,8,36,23.5,2.1,2.7,0.2,1.7,0,0,0,1.203,0.868,1.727,0.786,1.382,0.859,0.763,0.687,1.493,0.928,NA,5,1.493,0.928,1.493,0.928,1.554,0.965,0.752,0.779,1.99,77,0.63,270.384,5.379,-0.0152338721538881
"252",236,"2003MUD","MUD",2003,"yes","Forest",1,"USF","STF",100,1761,481,27.3,27,101,21.1,5.8,57.1,3.2,11.9,1.5,0.1,0.3,1.675,0.935,1.918,0.8,1.747,0.898,0.816,0.796,2.024,0.921,0.921,9,2.024,0.921,2.024,0.921,2.034,0.926,0.853,0.854,4.37,110,0.54,327.231,14.294,-0.0079114293400998
"253",237,"2003SNAKE_CARGYLE2","SNAKE/CARGYLE2",2003,"no","Forest",1,"USF","SNF",100,336,15,4.5,4,10,68.6,3.1,0,0,0,0,0,0,0.622,0.897,0.622,0.897,0.622,0.897,0.431,0.431,0.622,0.897,NA,2,0.622,0.897,0.622,0.897,0.622,0.897,0.431,0.431,7.61,2,7.605,37.278,2.835,-0.0126706833731906
"254",441,"2003SPANISH","SPANISH",2003,"no","Forest",1,"USF","MNF",NA,2487,877,35.3,35,528,60.3,21.2,354.7,14.3,40.5,162.2,6.5,18.5,NA,NA,1.342,0.56,NA,NA,0.599,NA,NA,NA,NA,NA,NA,NA,1.457,0.663,NA,NA,0.613,NA,10.315,85,0.63,560.578,57.824,-0.00223095033172646
"255",238,"2003SUMMIT","SUMMIT",2003,"yes","Forest",1,"USF","INF",100,2420,344,14.2,14,63,18.2,2.6,24,1,7,0.2,0,0.1,1.465,0.91,1.686,0.732,1.55,0.865,0.766,0.749,1.748,0.898,0.898,7,1.748,0.898,1.748,0.898,1.748,0.898,0.79,0.787,4.65,74,0.54,249.543,11.597,-0.00934782366428338
"259",242,"2003WHIT","WHIT",2003,"yes","Forest",1,"USF","STF",100,423,35,8.2,8,11,31.2,2.6,0,0,0,0,0,0,1.038,0.945,1.695,0.815,1.302,0.939,0.786,0.712,1.038,0.945,NA,3,1.038,0.945,1.038,0.945,1.079,0.982,0.626,0.654,1.44,24,0.675,167.423,2.411,-0.0190399500144755
"263",245,"2004COTTONWOOD","COTTONWOOD",2004,"no","Forest",1,"USF","PNF",100,258,21,8,7,16,77.7,6.2,1.8,0.7,9,0,0,0,0.53,0.765,0.694,0.501,0.427,0.616,0.37,0.258,0.53,0.765,NA,2,0.53,0.765,0.53,0.765,0.427,0.616,0.346,0.258,3.43,6,1.035,164.527,5.651,-0.0101580738779203
"264",246,"2004CRAG","CRAG",2004,"no","Forest",1,"USF","SQF",100,352,94,26.7,26,47,49.7,13.3,18,5.1,19.1,3,0.8,3.2,1.114,0.804,1.2,0.577,1.052,0.759,0.624,0.599,1.114,0.804,0.804,4,1.114,0.804,1.114,0.804,1.052,0.759,0.621,0.599,5.87,16,0.54,201.307,11.822,-0.0072267747299032
"265",248,"2004EARLY","EARLY",2004,"no","Forest",1,"USF","STF",100,700,161,23,22,93,58,13.3,3.7,0.5,2.3,0,0,0,1.191,0.74,1.391,0.604,1.23,0.686,0.62,0.59,1.191,0.74,0.74,5,1.191,0.74,1.191,0.74,1.156,0.718,0.606,0.584,4.23,38,0.36,364.426,15.432,-0.00739574444442649
"266",249,"2004EDDY54","EDDY 54",2004,"no","Forest",1,"USF","KNF",100,377,4,1.2,1,2,42,0.5,0,0,0,0,0,0,0,NA,1.015,0.631,0,NA,0.502,0,0,NA,NA,NA,0,NA,0,NA,0,NA,0,0,0.64,7,0.36,97.406,0.626,-0.0307803813357592
"267",443,"2004FREDS","FREDS",2004,"no","Forest",1,"USF","ENF",NA,3148,1602,50.9,50,1280,79.9,40.6,704.4,22.4,44,270.5,8.6,16.9,NA,NA,0.805,0.336,NA,NA,0.349,NA,NA,NA,NA,NA,NA,NA,0.845,0.385,NA,NA,0.351,NA,27.148,59,0.45,610.404,165.712,-0.00166434833693126
"271",253,"2004NEHOUSE","NEHOUSE",2004,"no","Forest",1,"USF","SNF",100,105,18,17.6,17,9,50,8.8,0,0,0.2,0,0,0,0.133,0.191,0.133,0.191,0,NA,0.057,0,0.133,0.191,NA,2,0.133,0.191,0.133,0.191,0,NA,0.057,0,4.59,4,4.455,94.21,4.324,-0.0127758107427636
"272",254,"2004POWER","POWER",2004,"no","Forest",1,"USF","ENF",80,6857,2573,37.5,37,1701,66.1,24.8,779.5,11.4,30.3,200.2,2.9,7.8,1.271,0.611,1.069,0.43,0.97,0.466,0.424,0.4,1.373,0.552,0.552,12,1.373,0.552,1.093,0.456,1.05,0.438,0.425,0.402,13.13,196,0.54,933.393,122.554,-0.00281605746882034
"273",255,"2004SIMS","SIMS",2004,"no","Forest",2,"USF","SRF",80,1633,794,48.6,48,754,95,46.2,464.3,28.4,58.5,251.9,15.4,31.7,0.234,0.213,0.263,0.127,0.218,0.157,0.097,0.085,0.234,0.213,0.213,3,0.234,0.213,0.234,0.213,0.208,0.189,0.097,0.085,29.42,27,0.63,483.248,142.156,-0.00146861588060547
"274",256,"2004SOURCE","SOURCE",2004,"no","Forest",1,"USF","SNF",100,158,16,10.1,10,16,98.9,10,1.7,1.1,10.4,0,0,0,0.062,0.089,0.062,0.089,0,NA,0.022,0,0.062,0.089,NA,2,0.062,0.089,0.062,0.089,0,NA,0.022,0,5.34,3,0.09,139.038,7.425,-0.008984023324924
"276",258,"2004TUOLUMNE","TUOLUMNE",2004,"no","Forest",1,"USF","STF",93,293,139,47.2,47,130,93.9,44.3,28.3,9.6,20.4,0,0,0,0.23,0.332,0.257,0.16,0.211,0.304,0.115,0.103,0.23,0.332,0.332,2,0.23,0.332,0.23,0.332,0.211,0.304,0.115,0.103,23.09,6,1.62,207.347,47.866,-0.00388320195475996
"278",260,"2005CRAG","CRAG",2005,"yes","Forest",1,"USF","SQF",100,584,19,3.3,3,9,44,1.5,0.3,0.1,1.5,0,0,0,0.686,0.99,1.554,0.798,0.97,0.883,0.732,0.575,0.686,0.99,NA,2,0.686,0.99,0.686,0.99,0.681,0.982,0.493,0.487,1.02,19,0.36,186.428,1.907,-0.0191073813457048
"279",444,"2005DEER","DEER",2005,"no","Forest",1,"USF","MNF",NA,720,380,52.7,52,371,97.8,51.6,169.8,23.6,44.7,49.8,6.9,13.1,NA,NA,0.132,0.074,NA,NA,0.044,NA,NA,NA,NA,NA,NA,NA,0.107,0.154,NA,NA,0.044,NA,29.202,13,0.36,338.059,98.719,-0.0026094249123583
"280",261,"2005HOGBACK","HOGBACK",2005,"no","Forest",1,"USF","INF",100,270,19,7.1,7,15,76.9,5.4,1.1,0.4,6,0,0,0,0.541,0.78,0.666,0.48,0.496,0.716,0.372,0.316,0.541,0.78,NA,2,0.541,0.78,0.541,0.78,0.496,0.716,0.355,0.316,4.77,4,2.16,122.997,5.867,-0.00876869211706377
"283",264,"2005WOOLEY","WOOLEY",2005,"no","Forest",1,"USF","KNF",100,1352,88,6.5,6,15,16.8,1.1,0.5,0,0.5,0,0,0,1.01,0.919,1.407,0.677,1.242,0.896,0.708,0.684,1.01,0.919,NA,3,1.01,0.919,1.01,0.919,1.023,0.931,0.61,0.618,2.58,34,1.8,123.597,3.19,-0.0159166795984775
"284",265,"2006BAKEOVEN_PIGEON","BAKE OVEN & PIGEON",2006,"no","Forest",2,"USF","SHF",100,41153,7475,18.2,18,887,11.9,2.2,1927,4.7,25.8,502.8,1.2,6.7,1.906,0.917,1.829,0.736,1.711,0.823,0.78,0.766,3.104,0.922,0.922,29,2.822,0.856,2.496,0.785,2.496,0.785,0.839,0.835,7.08,1056,0.54,594.882,42.109,-0.00441873167522801
"285",266,"2006BASSETTS","BASSETTS",2006,"no","Forest",2,"USF","TNF",94,1054,274,26,25,136,49.6,12.9,70.5,6.7,25.8,15.5,1.5,5.7,1.297,0.806,1.375,0.626,1.303,0.727,0.67,0.659,1.397,0.78,0.78,6,1.397,0.78,1.397,0.78,1.376,0.768,0.678,0.67,11.9,23,1.53,248.588,29.591,-0.00546850926971686
"286",267,"2006BOULDER_CMPLX","BOULDER CMPLX",2006,"no","Forest",2,"USF","PNF",100,1416,507,35.8,35,335,66.1,23.7,183.6,13,36.2,82.3,5.8,16.2,1.032,0.641,1.076,0.467,1.019,0.569,0.523,0.513,1.142,0.637,0.637,6,1.142,0.637,1.142,0.637,1.12,0.625,0.534,0.526,18.1,28,0.54,344.831,62.424,-0.00301632781752174
"288",269,"2006BRODER_BECK","BRODER BECK WFU",2006,"yes","Forest",1,"USF","SQF",100,1413,136,9.7,9,33,24.4,2.4,4.4,0.3,3.2,0,0,0,1.307,0.943,1.865,0.849,1.572,0.977,0.824,0.786,1.307,0.943,NA,4,1.307,0.943,1.307,0.943,1.35,0.973,0.708,0.731,1.92,71,0.54,233.798,4.493,-0.0151565818949751
"290",271,"2006GREASE","GREASE",2006,"no","Forest",1,"USF","PNF",100,150,15,10.2,10,6,39.1,4,0,0,0,0,0,0,0.669,0.965,1.194,0.667,0.691,0.997,0.638,0.498,0.669,0.965,NA,2,0.669,0.965,0.669,0.965,0.691,0.997,0.476,0.498,1.52,10,0.54,130.001,1.977,-0.0198882297907551
"291",272,"2006HANCOCK","HANCOCK",2006,"no","Forest",2,"USF","KNF",100,8837,533,6,6,52,9.7,0.6,19.7,0.2,3.7,0,0,0,1.53,0.951,1.947,0.845,1.696,0.947,0.835,0.804,1.89,0.909,0.909,8,1.89,0.909,1.89,0.909,1.957,0.941,0.819,0.843,2.47,216,0.45,248.5,6.13,-0.01291250491678
"292",273,"2006HIGH","HIGH",2006,"no","Forest",1,"USF","MDF",95,425,52,12.2,12,15,28.2,3.4,0,0,0,0,0,0,1.006,0.915,1.665,0.801,1.259,0.908,0.784,0.698,1.006,0.915,NA,3,1.006,0.915,1.006,0.915,1.075,0.978,0.603,0.651,1.57,33,0.72,184.168,2.888,-0.0200641131853388
"293",445,"2006HUNTER","HUNTER",2006,"no","Forest",2,"USF","MNF",NA,6592,775,11.7,11,198,25.6,3,120.2,1.8,15.5,22.1,0.3,2.8,NA,NA,1.997,0.833,NA,NA,0.842,NA,NA,NA,NA,NA,NA,NA,2.093,0.909,NA,NA,0.854,NA,3.873,200,0.45,411.785,15.947,-0.00676948242745232
"294",274,"2006LAKIN","LAKIN",2006,"no","Forest",1,"USF","SHF",100,200,114,57.1,57,100,87.5,50,41.8,20.9,36.6,11.3,5.7,9.9,0.452,0.412,0.487,0.272,0.408,0.371,0.227,0.204,0.452,0.412,0.412,3,0.452,0.412,0.452,0.412,0.408,0.371,0.226,0.204,12.67,9,0.54,244.138,30.932,-0.00324670008224545
"295",275,"2006LAVA","LAVA",2006,"no","Forest",1,"USF","MDF",100,85,5,5.7,5,4,90.7,5.2,0,0,0,0,0,0,0,NA,0.308,0.445,0,NA,0.168,0,0,NA,NA,NA,0,NA,0,NA,0,NA,0,0,2.43,2,2.43,81.482,1.98,-0.0214249624079473
"297",277,"2006PANTHER","PANTHER",2006,"no","Forest",2,"USF","SRF",84,366,8,2.2,2,2,25,0.5,0,0,0,0,0,0,0,NA,0.971,0.7,0,NA,0.523,0,0,NA,NA,NA,0,NA,0,NA,0,NA,0,0,0.79,10,0.54,79.999,0.634,-0.0310304475075553
"298",278,"2006RALSTON","RALSTON",2006,"no","Forest",2,"USF","TNF",73,3524,85,2.4,2,18,21.3,0.5,2.4,0.1,2.8,0,0,0,1.034,0.941,1.745,0.839,1.363,0.983,0.8,0.738,1.034,0.941,NA,3,1.034,0.941,1.034,0.941,1.077,0.981,0.622,0.653,1.4,61,0.54,201.96,2.822,-0.0188990922002898
"299",279,"2006RUSH","RUSH",2006,"no","Forest",2,"USF","KNF",100,1972,171,8.7,8,62,36.3,3.2,27.7,1.4,16.2,3.4,0.2,2,1.448,0.899,1.76,0.764,1.579,0.881,0.783,0.76,1.448,0.899,0.899,5,1.448,0.899,1.448,0.899,1.451,0.901,0.741,0.74,3.64,47,0.54,270.54,9.848,-0.00884399757513777
"300",280,"2006SAWMILL","SAWMILL",2006,"no","Forest",1,"USF","INF",80,3017,1907,63.2,63,1727,90.6,57.3,870.1,28.8,45.6,402.8,13.4,21.1,0.403,0.251,0.42,0.182,0.39,0.218,0.175,0.169,0.403,0.251,0.251,5,0.403,0.251,0.403,0.251,0.386,0.24,0.175,0.169,36.68,52,0.18,647.086,237.341,-0.00120488314665028
"301",281,"2006SMITH","SMITH",2006,"no","Forest",1,"USF","SQF",100,94,40,42.5,42,27,66.9,28.5,7.8,8.3,19.6,0.2,0.2,0.6,0.814,0.741,0.883,0.549,0.701,0.638,0.485,0.432,0.814,0.741,NA,3,0.814,0.741,0.814,0.741,0.701,0.638,0.482,0.432,6.66,6,1.035,144.348,9.614,-0.00707155652523412
"302",282,"2006SOMES","SOMES",2006,"no","Forest",2,"USF","SRF",100,6275,239,3.8,3,77,32.2,1.2,32.2,0.5,13.5,0.9,0,0.4,0.953,0.688,1.317,0.6,1.026,0.637,0.579,0.507,1.387,0.862,0.862,5,1.387,0.862,1.387,0.862,1.379,0.857,0.728,0.721,2.54,94,0.27,424.548,10.784,-0.00719641885442419
"303",283,"2006TAMARACK","TAMARACK WFU",2006,"yes","Forest",1,"USF","SQF",100,1891,133,7,7,26,19.4,1.4,0.3,0,0.2,0,0,0,1.375,0.992,1.798,0.818,1.509,0.938,0.807,0.765,1.375,0.992,NA,4,1.375,0.992,1.375,0.992,1.377,0.993,0.744,0.745,1.85,72,0.405,211.141,3.909,-0.0165303286115517
"304",284,"2006TITUS","TITUS",2006,"no","Forest",2,"USF","KNF",100,2499,402,16.1,16,76,18.9,3,36.2,1.5,9,5.3,0.2,1.3,1.438,0.893,1.635,0.71,1.483,0.828,0.754,0.733,2.11,0.96,0.96,9,2.11,0.96,2.11,0.96,2.114,0.962,0.87,0.87,5.22,77,0.72,257.38,13.423,-0.00847816251371191
"305",285,"2006UNCLES","UNCLES",2006,"no","Forest",2,"USF","KNF",100,1571,375,23.9,23,236,62.9,15,83.3,5.3,22.2,14.2,0.9,3.8,0.968,0.698,1.086,0.494,0.987,0.613,0.541,0.522,0.968,0.698,0.698,4,0.968,0.698,0.968,0.698,0.939,0.677,0.535,0.519,9.38,40,0.54,415.092,38.918,-0.00496439073794141
"306",286,"2007ANGORA","ANGORA",2007,"no","Forest",2,"USF","TMU",89,1264,613,48.5,48,472,76.9,37.3,256.7,20.3,41.8,108.5,8.6,17.7,0.776,0.482,0.8,0.364,0.742,0.461,0.385,0.373,0.776,0.482,0.482,5,0.776,0.482,0.776,0.482,0.742,0.461,0.385,0.373,21.91,28,0.27,402.776,88.242,-0.00290755473695653
"307",287,"2007ANTELOPE_CMPLX","ANTELOPE CMPLX",2007,"no","Forest",2,"USF","PNF",98,9369,4860,51.9,51,3683,75.8,39.3,2230.1,23.8,45.9,1137.5,12.1,23.4,0.971,0.467,0.847,0.341,0.786,0.378,0.35,0.336,1.099,0.442,0.442,12,1.099,0.442,0.934,0.39,0.905,0.377,0.355,0.342,22.82,213,0.54,1106.139,252.401,-0.00146488285975602
"310",290,"2007CHINA","CHINA",2007,"no","Forest",2,"USF","KNF",93,1198,218,18.2,18,80,36.6,6.6,25.9,2.2,11.9,0.3,0,0.1,0.98,0.707,1.149,0.523,1.041,0.647,0.522,0.501,1.444,0.897,0.897,5,1.444,0.897,1.444,0.897,1.432,0.89,0.734,0.728,6.23,35,1.08,271.959,16.931,-0.00803488598809299
"311",291,"2007COLBY","COLBY",2007,"no","Forest",1,"USF","LNF",100,118,19,15.8,15,13,72,11.3,0,0,0,0,0,0,0.593,0.856,0.901,0.503,0.702,0.639,0.449,0.393,0.593,0.856,NA,2,0.593,0.856,0.593,0.856,0.555,0.801,0.403,0.369,3.1,6,0.945,151.842,4.715,-0.016420801236082
"312",292,"2007ELK","ELK",2007,"no","Forest",2,"USF","KNF",100,466,65,13.9,13,24,36.4,5.1,4,0.9,6.2,0,0,0,1.332,0.961,1.714,0.78,1.411,0.877,0.778,0.726,1.332,0.961,NA,4,1.332,0.961,1.332,0.961,1.322,0.954,0.723,0.715,2.41,27,0.45,212.113,5.105,-0.0116508153999285
"313",293,"2007ELK_CMPLX","ELK CMPLX",2007,"no","Forest",2,"USF","KNF",99,5532,784,14.2,14,196,25,3.5,64.3,1.2,8.2,4.4,0.1,0.6,1.671,0.933,2.013,0.839,1.827,0.939,0.843,0.823,1.828,0.879,0.879,8,1.828,0.879,1.828,0.879,1.861,0.895,0.809,0.819,3.24,242,0.63,413.752,13.396,-0.0101350420066018
"314",448,"2007FLETCHER","FLETCHER",2007,"no","Forest",2,"USF","MDF",NA,3298,2474,75,75,1490,60.2,45.2,1336.7,40.5,54,700,21.2,28.3,NA,NA,0.099,0.048,NA,NA,0.029,NA,NA,NA,NA,NA,NA,NA,0.086,0.079,NA,NA,0.029,NA,60.344,41,0.54,445.979,269.121,-0.00131193216442381
"315",294,"2007GOLDLEDGE","GOLDLEDGE",2007,"no","Forest",2,"USF","SQF",100,1781,966,54.3,54,866,89.6,48.6,406.7,22.8,42.1,156.6,8.8,16.2,0.438,0.316,0.477,0.217,0.432,0.269,0.193,0.183,0.438,0.316,0.316,4,0.438,0.316,0.438,0.316,0.418,0.302,0.193,0.183,22.47,43,0.36,580.133,130.372,-0.00172511725829193
"316",295,"2007GROUSE","GROUSE",2007,"no","Forest",1,"USF","SQF",100,449,159,35.5,35,82,51.4,18.3,26.5,5.9,16.6,0.8,0.2,0.5,1.286,0.799,1.323,0.602,1.256,0.781,0.659,0.651,1.429,0.797,0.797,6,1.429,0.797,1.429,0.797,1.401,0.782,0.68,0.673,11.39,14,2.115,184.827,21.054,-0.0063483051496559
"317",297,"2007LITTLEGRIDER","LITTLE GRIDER",2007,"no","Forest",2,"USF","KNF",99,891,47,5.2,5,6,11.9,0.6,0,0,0,0,0,0,0.366,0.528,1.389,0.714,0.849,0.772,0.653,0.487,0.366,0.528,NA,2,0.366,0.528,0.366,0.528,0.42,0.606,0.21,0.253,1.23,38,0.45,122.312,1.503,-0.022972633085453
"318",298,"2007MOONLIGHT","MOONLIGHT",2007,"no","Forest",2,"USF","PNF",71,26390,14706,55.7,55,5136,34.9,19.5,8261.9,31.3,56.2,5190.8,19.7,35.3,1.181,0.537,0.646,0.26,0.601,0.289,0.241,0.23,1.944,0.629,0.629,22,0.808,0.285,0.716,0.258,0.694,0.25,0.242,0.232,27.75,530,0.45,1116.982,309.937,-0.00101690102560246
"319",299,"2007OHAREL","OHAREL",2007,"yes","Forest",1,"USF","INF",100,264,5,1.9,1,3,51.8,1,0,0,0,0,0,0,0,NA,1.239,0.77,0.605,0.872,0.649,0.414,0,NA,NA,NA,0,NA,0,NA,0,NA,0,0,0.84,6,0.54,104.552,0.878,-0.022420701605829
"320",301,"2007VISTA","VISTA",2007,"no","Forest",2,"USF","SQF",100,170,47,27.8,27,36,77,21.4,2.1,1.2,4.5,0,0,0,0.54,0.779,0.679,0.379,0.505,0.728,0.369,0.324,0.54,0.779,NA,2,0.54,0.779,0.54,0.779,0.505,0.728,0.355,0.324,5.25,9,0.27,212.255,11.143,-0.0118839328122857
"321",302,"2008ANTHONYMILNE","ANTHONY MILNE",2008,"no","Forest",2,"USF","KNF",100,777,59,7.7,7,33,55.2,4.2,5.6,0.7,9.4,0,0,0,0.879,0.8,0.964,0.538,0.803,0.731,0.549,0.517,0.879,0.8,NA,3,0.879,0.8,0.879,0.8,0.803,0.731,0.546,0.517,3.97,15,0.36,207.96,8.248,-0.00980284664431964
"322",450,"2008BACK","BACK",2008,"no","Forest",2,"USF","MNF",NA,636,41,6.4,6,7,18.2,1.2,0,0,0.1,0,0,0,NA,NA,1.379,0.709,NA,NA,0.704,NA,NA,NA,NA,NA,NA,NA,0.632,0.912,NA,NA,0.44,NA,1.861,22,1.17,103.748,1.931,-0.019189092777784
"323",303,"2008BONANZA","BONANZA",2008,"no","Forest",2,"USF","SRF",100,555,6,1,1,3,55.6,0.6,0,0,0,0,0,0,0,NA,1.199,0.745,0,NA,0.62,0,0,NA,NA,NA,0,NA,0,NA,0,NA,0,0,0.57,10,0.27,155.044,0.879,-0.026431465274521
"324",304,"2008BUCKHORN","BUCKHORN",2008,"no","Forest",2,"USF","SHF",99,12343,2093,17,16,309,14.7,2.5,467.9,3.8,22.4,110.9,0.9,5.3,1.849,0.95,1.987,0.8,1.882,0.905,0.835,0.825,2.631,0.929,0.929,17,2.631,0.929,2.445,0.882,2.446,0.882,0.881,0.879,7.02,298,0.72,403.826,28.361,-0.00517289461014201
"325",305,"2008CAREY","CAREY",2008,"no","Forest",2,"USF","SHF",100,1527,220,14.4,14,53,24.2,3.5,29.9,2,13.6,7.3,0.5,3.3,1.576,0.979,1.896,0.824,1.708,0.953,0.826,0.805,1.842,0.946,0.946,7,1.842,0.946,1.842,0.946,1.86,0.956,0.827,0.832,3.23,68,0.54,250.06,8.085,-0.0097111379025551
"326",306,"2008CARIBOU","CARIBOU",2008,"no","Forest",2,"USF","KNF",100,5319,1084,20.4,20,133,12.3,2.5,183.2,3.4,16.9,23.8,0.4,2.2,1.582,0.883,1.724,0.719,1.611,0.828,0.756,0.742,2.416,0.942,0.942,13,2.416,0.942,2.416,0.942,2.418,0.943,0.901,0.901,6.74,161,0.72,271.594,18.295,-0.00689570687204259
"327",307,"2008CASCADEL","CASCADEL",2008,"no","Forest",1,"USF","SNF",100,112,30,27,27,30,97.3,26.3,0.1,0.1,0.2,0,0,0,0.123,0.178,0.123,0.178,0,NA,0.052,0,0.123,0.178,NA,2,0.123,0.178,0.123,0.178,0,NA,0.052,0,10.11,3,0.45,135.757,13.725,-0.0102983675221028
"328",308,"2008CEDAR","CEDAR",2008,"no","Forest",2,"USF","SHF",96,10297,1926,18.7,18,606,31.4,5.9,524.1,5.1,27.2,232.5,2.3,12.1,1.813,0.932,1.985,0.799,1.865,0.897,0.826,0.814,2.307,0.852,0.852,15,2.307,0.852,2.307,0.852,2.313,0.854,0.854,0.852,5.96,323,0.63,603.539,35.993,-0.00394334918404217
"329",309,"2008CLOVER","CLOVER",2008,"no","Forest",2,"USF","SQF",100,5992,3542,59.1,59,2923,82.5,48.8,1853.1,30.9,52.3,1075.7,18,30.4,0.751,0.386,0.566,0.236,0.528,0.271,0.217,0.208,0.766,0.368,0.368,8,0.766,0.368,0.552,0.284,0.533,0.274,0.217,0.208,30.01,118,0.36,894.756,268.54,-0.00145635223991625
"330",310,"2008COLD","COLD",2008,"no","Forest",2,"USF","PNF",99,2299,1105,48.1,48,836,75.6,36.4,459.2,20,41.6,210.1,9.1,19,0.776,0.482,0.804,0.349,0.773,0.431,0.397,0.392,1.07,0.464,0.464,10,1.07,0.464,1.07,0.464,1.056,0.459,0.42,0.415,26.95,41,0.72,476.351,128.374,-0.00173899065494461
"332",311,"2008CUB","CUB",2008,"no","Forest",2,"USF","LNF",99,6106,1159,19,18,336,29,5.5,201.5,3.3,17.4,36.3,0.6,3.1,1.42,0.793,1.594,0.665,1.44,0.74,0.692,0.667,2.099,0.845,0.845,12,2.099,0.845,1.754,0.732,1.734,0.723,0.712,0.696,5.6,207,0.45,530.075,29.684,-0.00633580446825877
"333",312,"2008DOME_ROCK","DOME ROCK",2008,"no","Forest",1,"USF","STF",100,374,75,20.1,20,40,52.6,10.6,2.5,0.7,3.3,0,0,0,0.227,0.327,0.286,0.178,0.169,0.244,0.115,0.078,0.872,0.793,NA,3,0.872,0.793,0.872,0.793,0.827,0.753,0.548,0.531,9.38,8,0.99,161.038,15.109,-0.00750368166954544
"334",313,"2008EAGLE","EAGLE",2008,"no","Forest",2,"USF","SHF",88,12994,1403,10.8,10,215,15.4,1.7,223.2,1.7,15.9,49.5,0.4,3.5,1.703,0.951,1.931,0.805,1.764,0.907,0.82,0.802,2.367,0.923,0.923,13,2.367,0.923,2.16,0.869,2.17,0.873,0.848,0.847,4.17,336,0.495,436.08,18.204,-0.0076065333840315
"335",452,"2008FALL","FALL",2008,"no","Forest",2,"USF","TNF",NA,982,100,10.2,10,94,94.2,9.6,27.3,2.8,27.2,3.1,0.3,3.1,NA,NA,0.301,0.168,NA,NA,0.112,NA,NA,NA,NA,NA,NA,NA,0.223,0.321,NA,NA,0.11,NA,12.521,8,0.675,246.979,30.925,-0.00565462777035297
"336",453,"2008FRIENDDARNELL","FRIEND DARNELL",2008,"no","Forest",2,"USF","PNF",NA,1671,491,29.4,29,427,86.9,25.6,171.9,10.3,35,42.2,2.5,8.6,NA,NA,0.624,0.271,NA,NA,0.241,NA,NA,NA,NA,NA,NA,NA,0.56,0.348,NA,NA,0.24,NA,14.04,35,0.45,505.429,70.962,-0.00260184937979712
"337",314,"2008GOVERNMENT","GOVERNMENT, WESTVILLE",2008,"no","Forest",2,"USF","TNF",92,8360,2052,24.5,24,1516,73.9,18.1,787.6,9.4,38.4,336,4,16.4,0.972,0.542,1.104,0.46,0.964,0.495,0.444,0.409,1.051,0.478,0.478,9,1.051,0.478,1.051,0.478,1.003,0.456,0.441,0.409,7.71,266,0.54,1202.756,92.792,-0.00200737993554665
"338",315,"2008GRANITE","GRANITE",2008,"no","Forest",1,"USF","SHF",100,275,33,12,11,33,98.6,11.8,5,1.8,15.1,0,0,0,0.072,0.104,0.081,0.074,0,NA,0.027,0,0.072,0.104,NA,2,0.072,0.104,0.072,0.104,0,NA,0.027,0,6.61,5,0.09,196.595,12.987,-0.00651790756843218
"339",454,"2008GROUSE","GROUSE",2008,"no","Forest",2,"USF","MNF",NA,2611,176,6.7,6,130,73.8,5,51.7,2,29.3,13.4,0.5,7.6,NA,NA,0.947,0.455,NA,NA,0.432,NA,NA,NA,NA,NA,NA,NA,0.755,0.688,NA,NA,0.42,NA,4.191,42,0.315,471.438,19.76,-0.00566407091296655
"340",316,"2008GULCH","GULCH",2008,"no","Forest",2,"USF","SHF",97,1165,600,51.5,51,449,74.8,38.5,211.7,18.2,35.3,54.9,4.7,9.1,0.703,0.507,0.734,0.334,0.677,0.421,0.395,0.384,0.703,0.507,0.507,4,0.703,0.507,0.703,0.507,0.67,0.483,0.395,0.384,26.1,23,0.45,359.164,93.742,-0.00302002686820206
"341",317,"2008HALF","HALF",2008,"no","Forest",2,"USF","SRF",93,6184,105,1.7,1,27,25.8,0.4,0.6,0,0.6,0,0,0,1.205,0.869,1.802,0.82,1.488,0.925,0.805,0.757,1.205,0.869,NA,4,1.205,0.869,1.205,0.869,1.254,0.905,0.666,0.694,1.84,57,0.54,220.829,4.069,-0.0172864421845742
"343",319,"2008HONEYBEE","HONEYBEE",2008,"yes","Forest",2,"USF","INF",100,563,185,32.8,32,77,42,13.8,14.7,2.6,8,0,0,0,0.857,0.78,0.934,0.449,0.837,0.604,0.545,0.528,1.15,0.83,0.83,4,1.15,0.83,1.15,0.83,1.113,0.803,NA,0.634,11.53,16,0.81,183.519,21.162,-0.00789500269627888
"344",320,"2008IRON","IRON,HARVEY,SLIDES,THOMES,VINEGAR",2008,"no","Forest",2,"USF","MNF",97,21310,1723,8.1,8,347,20.1,1.6,345.6,1.6,20.1,63.9,0.3,3.7,1.686,0.867,1.869,0.752,1.725,0.829,0.78,0.761,2.229,0.897,0.897,12,2.229,0.897,1.951,0.814,1.942,0.81,0.791,0.783,5.56,310,0.54,551.935,30.671,-0.0053092725702905
"345",321,"2008IRONSIDE","IRONSIDE",2008,"no","Forest",2,"USF","SHF",100,5350,189,3.5,3,30,15.6,0.6,17.1,0.3,9,0,0,0,1.303,0.94,1.689,0.769,1.447,0.899,0.761,0.723,1.681,0.938,NA,6,1.681,0.938,1.681,0.938,1.704,0.951,0.798,0.806,2.6,73,0.63,218.323,5.666,-0.0109144763658451
"346",322,"2008JAKE","JAKE",2008,"no","Forest",2,"USF","KNF",100,15649,2518,16.1,16,409,16.3,2.6,341.9,2.2,13.6,83.2,0.5,3.3,1.923,0.988,2.139,0.861,1.999,0.961,0.867,0.856,2.55,0.92,0.92,16,2.55,0.92,2.55,0.92,2.575,0.929,0.907,0.911,4.43,568,0.54,460.803,20.426,-0.00736670888447297
"347",323,"2008LIME","LIME",2008,"no","Forest",2,"USF","SHF",91,10898,621,5.7,5,63,10.1,0.6,34.8,0.3,5.6,4.7,0,0.7,1.492,0.927,2.002,0.869,1.734,0.968,0.846,0.814,1.692,0.869,0.869,7,1.692,0.869,1.692,0.869,1.764,0.907,0.776,0.806,2.09,297,0.45,283.744,5.937,-0.0124528585961707
"349",456,"2008MILL_MNF","MILL",2008,"no","Forest",2,"USF","MNF",NA,1238,51,4.1,4,22,42.3,1.7,2.8,0.2,5.5,0,0,0,NA,NA,1.366,0.702,NA,NA,0.695,NA,NA,NA,NA,NA,NA,NA,0.681,0.983,NA,NA,0.488,NA,1.649,31,0.54,230.168,3.796,-0.0144068153498672
"350",324,"2008MINERS","MINERS",2008,"no","Forest",2,"USF","SHF",99,10346,962,9.3,9,107,11.1,1,120,1.2,12.5,20.8,0.2,2.2,1.664,0.929,1.978,0.825,1.774,0.912,0.825,0.8,2.27,0.946,0.946,11,2.27,0.946,2.27,0.946,2.319,0.967,0.882,0.895,3.35,287,0.54,324.359,10.876,-0.0087981318248569
"351",457,"2008MONKEYROCK","MONKEY ROCK",2008,"no","Forest",2,"USF","MNF",NA,783,51,6.5,6,35,68,4.4,2,0.3,4,0,0,0,NA,NA,0.956,0.492,NA,NA,0.487,NA,NA,NA,NA,NA,NA,NA,0.627,0.904,NA,NA,0.435,NA,3.396,15,0.9,247.998,8.422,-0.0110191981778056
"352",325,"2008NORTHMOUNTAIN","NORTH MOUNTAIN",2008,"no","Forest",2,"USF","STF",72,1207,163,13.5,13,62,37.8,5.1,20.2,1.7,12.4,0.5,0,0.3,1.274,0.919,1.559,0.71,1.326,0.824,0.735,0.696,1.434,0.891,0.891,5,1.434,0.891,1.434,0.891,1.425,0.885,0.734,0.725,3.47,47,0.63,274.875,9.543,-0.00832178209589456
"353",326,"2008OLIVER","OLIVER",2008,"no","Forest",1,"USF","SNF",95,1138,112,9.8,9,47,41.9,4.1,10.9,1,9.8,0.5,0,0.5,1.285,0.927,1.611,0.733,1.332,0.827,0.742,0.694,1.285,0.927,0.927,4,1.285,0.927,1.285,0.927,1.273,0.918,0.699,0.688,2.6,43,0.45,281.665,7.322,-0.0100233484023965
"354",458,"2008ONION2","ONION2",2008,"no","Forest",2,"USF","LNF",NA,2145,386,18,17,137,35.4,6.4,79.8,3.7,20.7,21.4,1,5.5,NA,NA,1.895,0.79,NA,NA,0.804,NA,NA,NA,NA,NA,NA,NA,1.771,0.91,NA,NA,0.797,NA,4.384,88,0.54,370.174,16.23,-0.0066308584436784
"355",327,"2008PANTHER_MERRILL_HAYPRESS","PANTHER, MERRILL, HAYPRESS",2008,"no","Forest",2,"USF","KNF",100,28457,7333,25.8,25,2200,30,7.7,2649.7,9.3,36.1,1344.2,4.7,18.3,1.993,0.907,1.753,0.705,1.663,0.8,0.748,0.738,2.724,0.809,0.809,29,2.481,0.745,2.373,0.72,2.369,0.719,0.785,0.779,9.12,804,0.63,930.619,84.879,-0.0027107380786221
"356",328,"2008PEAVINE","PEAVINE",2008,"no","Forest",2,"USF","TNF",70,259,3,1,1,2,83.3,0.9,0,0,0,0,0,0,0,NA,0.534,0.486,0,NA,0.287,0,0,NA,NA,NA,0,NA,0,NA,0,NA,0,0,0.9,3,0.36,106.771,0.961,-0.0229837732009052
"357",329,"2008PIUTE","PIUTE",2008,"no","Forest",2,"USF","SQF",89,15041,7852,52.2,52,5373,68.4,35.7,3516.2,23.4,44.8,1764.1,11.7,22.5,1.068,0.514,0.671,0.27,0.615,0.296,0.256,0.243,1.407,0.497,0.497,17,1.212,0.437,0.73,0.285,0.702,0.274,0.258,0.245,25.91,303,0.45,1198.667,310.63,-0.0021681941253348
"358",330,"2008RICH","RICH",2008,"no","Forest",2,"USF","PNF",89,2594,773,29.8,29,658,85.1,25.4,379.9,14.6,49.2,209.8,8.1,27.1,0.569,0.411,0.648,0.295,0.568,0.353,0.27,0.249,0.569,0.411,0.411,4,0.569,0.411,0.569,0.411,0.539,0.389,0.267,0.247,14.05,55,0.72,623.842,87.659,-0.00251595887517992
"359",331,"2008SCOTCH","SCOTCH, SOUTH FREY",2008,"no","Forest",2,"USF","PNF",92,10421,701,6.7,6,55,7.8,0.5,43.8,0.4,6.2,1.1,0,0.2,1.483,0.921,1.815,0.788,1.585,0.885,0.787,0.752,2.054,0.935,0.935,9,2.054,0.935,2.054,0.935,2.094,0.953,0.856,0.868,3.08,228,0.63,263.316,8.098,-0.0113095053430102
"360",459,"2008SCOTCHMAN","SCOTCHMAN",2008,"no","Forest",2,"USF","TNF",NA,508,83,16.3,16,38,45.3,7.4,2.4,0.5,2.8,0,0,0,NA,NA,1.281,0.616,NA,NA,0.665,NA,NA,NA,NA,NA,NA,NA,1.06,0.964,NA,NA,0.641,NA,4.605,18,1.035,193.908,8.929,-0.0116201563288839
"361",332,"2008SHERWIN","SHERWIN",2008,"no","Forest",1,"USF","INF",100,137,13,9.3,9,12,90.8,8.5,0,0,0,0,0,0,0.306,0.442,0.331,0.301,0.291,0.42,0.168,0.156,0.306,0.442,NA,2,0.306,0.442,0.306,0.442,0.291,0.42,0.166,0.156,4.26,3,1.08,122.369,5.213,-0.0133328076008405
"362",333,"2008SISKIYOUBLUE2COMPLEX","SISKIYOU BLUE2 COMPLEX",2008,"no","Forest",2,"USF","SRF",100,40593,6545,16.1,16,681,10.4,1.7,1813.3,4.5,27.7,729.7,1.8,11.1,1.968,0.946,1.918,0.772,1.789,0.861,0.795,0.78,3.05,0.906,0.906,29,3.05,0.906,2.354,0.751,2.361,0.753,0.818,0.812,5.92,1106,0.63,552.938,32.722,-0.00469559324994261
"363",334,"2008SLIDE","SLIDE",2008,"no","Forest",2,"USF","SHF",93,478,13,2.7,2,2,18.3,0.5,0,0,0,0,0,0,0,NA,1.347,0.752,0.69,0.995,0.691,0.496,0,NA,NA,NA,0,NA,0,NA,0,NA,0,0,0.85,15,0.45,92.562,0.789,-0.0281512552630452
"364",335,"2008TEHIPITE","TEHIPITE",2008,"no","Forest",1,"USF","SNF",62,4881,326,6.7,6,30,9.2,0.6,16.2,0.3,5,0,0,0,1.223,0.882,1.653,0.752,1.388,0.863,0.755,0.707,1.57,0.876,NA,6,1.57,0.876,1.57,0.876,1.623,0.906,0.754,0.777,2.69,121,0.72,204.921,5.518,-0.013168118143661
"365",336,"2008TELEPHONE","TELEPHONE",2008,"no","Forest",2,"USF","SHF",98,2983,424,14.2,14,70,16.5,2.3,23.5,0.8,5.6,0,0,0,1.585,0.985,1.837,0.798,1.668,0.931,0.813,0.794,2.001,0.962,0.962,8,2.001,0.962,2.001,0.962,2.012,0.967,0.857,0.859,3.85,110,0.63,246.107,9.476,-0.00929155889412054
"366",337,"2008TROUGH","TROUGH",2008,"no","Forest",2,"USF","SHF",97,1515,525,34.7,34,186,35.4,12.3,163.5,10.8,31.1,59.5,3.9,11.3,1.091,0.609,1.175,0.49,1.068,0.549,0.512,0.489,1.563,0.803,0.803,7,1.563,0.803,1.563,0.803,1.534,0.788,0.741,0.732,11.42,46,0.585,326.609,37.299,-0.00453039392629929
"367",461,"2008YELLOW","YELLOW,CAMP,JOHNSON",2008,"no","Forest",2,"USF","MNF",NA,13257,1848,13.9,13,809,43.8,6.1,704.1,5.3,38.1,387.8,2.9,21,NA,NA,1.779,0.716,NA,NA,0.753,NA,NA,NA,NA,NA,NA,NA,1.888,0.787,NA,NA,0.765,NA,6.306,293,0.54,778.127,49.065,-0.00250626625732919
"368",338,"2008ZEIGLER","ZEIGLER",2008,"no","Forest",2,"USF","SHF",100,1006,20,1.9,1,9,47.5,0.9,0.3,0,1.6,0,0,0,0.692,0.998,1.15,0.642,0.689,0.994,0.613,0.496,0.692,0.998,NA,2,0.692,0.998,0.692,0.998,0.689,0.994,0.499,0.496,1.4,14,0.315,171.436,2.392,-0.015232793959409
"369",339,"2009BACKBONE","LT-17(BACKBONE)",2009,"no","Forest",2,"USF","SRF",100,2102,530,25.2,25,343,64.7,16.3,188.8,9,35.6,68.2,3.2,12.9,1.077,0.669,1.187,0.516,1.061,0.592,0.543,0.517,1.077,0.669,0.669,5,1.077,0.669,1.077,0.669,1.03,0.64,0.539,0.516,7.92,67,0.45,541.753,42.892,-0.00365669768748678
"371",341,"2009BLACKJACK","BLACKJACK",2009,"no","Forest",1,"USF","INF",100,113,11,9.5,9,9,82.4,7.8,0,0,0,0,0,0,0.466,0.672,0.5,0.455,0,NA,0.293,0,0.466,0.672,NA,2,0.466,0.672,0.466,0.672,0,NA,0.291,0,2.68,4,0.9,133.047,3.562,-0.0138987960173493
"372",342,"2009BROWN","BROWN",2009,"no","Forest",2,"USF","LNF",91,734,309,42,42,271,87.9,37,111.1,15.1,36,37.7,5.1,12.2,0.416,0.379,0.431,0.268,0.393,0.358,0.216,0.207,0.486,0.351,0.351,4,0.486,0.351,0.486,0.351,0.464,0.335,0.221,0.212,38.58,8,1.98,228.722,88.232,-0.00277592539071961
"374",344,"2009ELEPHANT","ELEPHANT",2009,"no","Forest",1,"USF","PNF",78,174,5,3.2,3,2,32.8,1,0,0,0,0,0,0,0,NA,0.723,0.658,0,NA,0.4,0,0,NA,NA,NA,0,NA,0,NA,0,NA,0,0,0.92,6,0.81,56.337,0.515,-0.0296339002385463
"377",347,"2009GRANITE","GRANITE",2009,"no","Forest",2,"USF","SQF",100,577,12,2.1,2,5,38.3,0.8,0,0,0,0,0,0,0,NA,0.628,0.453,0,NA,0.329,0,0,NA,NA,NA,0,NA,0,NA,0,NA,0,0,1.71,7,0.99,86.07,1.472,-0.0209966481817361
"380",350,"2009KNIGHT","KNIGHT",2009,"no","Forest",2,"USF","STF",84,2501,74,3,2,30,40.6,1.2,6,0.2,8.1,0,0,0,0.924,0.841,1.554,0.747,1.188,0.857,0.729,0.654,0.924,0.841,NA,3,0.924,0.841,0.924,0.841,0.949,0.863,0.571,0.585,1.95,38,0.495,249.29,4.859,-0.0127004239217165
"381",351,"2009MILFORD_GRADE","MILFORD_GRADE",2009,"no","Forest",1,"USF","PNF",100,132,1,1,1,1,60,0.6,0,0,0,0,0,0,0,NA,0,NA,NA,NA,0,NA,0,NA,NA,NA,0,NA,0,NA,NA,NA,0,NA,0.68,2,0.675,20,0.135,-0.037743525752934
"382",352,"2009REDROCK","REDROCK",2009,"no","Forest",2,"USF","KNF",100,555,58,10.4,10,15,26.1,2.7,0.4,0.1,0.7,0,0,0,0.902,0.821,1.212,0.623,0.98,0.707,0.57,0.512,1.327,0.958,NA,4,1.327,0.958,1.327,0.958,1.314,0.948,0.722,0.714,3.03,19,0.9,143.812,4.36,-0.0153910628069652
"383",353,"2009REDSPOT","REDSPOT",2009,"no","Forest",2,"USF","SHF",100,468,170,36.4,36,124,72.6,26.4,22.6,4.8,13.3,1,0.2,0.6,0.841,0.607,0.947,0.431,0.808,0.502,0.444,0.408,0.841,0.607,0.607,4,0.841,0.607,0.841,0.607,0.781,0.564,0.439,0.407,8.11,21,0.72,322.291,26.133,-0.00465158739332638
"384",354,"2009SHOTGUN","SHOTGUN",2009,"yes","Forest",2,"USF","SQF",100,386,33,8.4,8,18,55.8,4.7,0.1,0,0.4,0,0,0,0.686,0.99,1.285,0.717,0.847,0.771,0.633,0.491,0.686,0.99,NA,2,0.686,0.99,0.686,0.99,0.633,0.914,0.493,0.441,1.92,17,0.63,216.656,4.152,-0.0178492488679632
"385",355,"2009SILVER","SILVER",2009,"no","Forest",1,"USF","PNF",100,127,52,40.8,40,52,99.1,40.5,3.6,2.8,6.9,0,0,0,0.05,0.072,0.05,0.072,0,NA,0.017,0,0.05,0.072,0.072,2,0.05,0.072,0.05,0.072,0,NA,0.017,0,26.01,2,26.01,98.27,25.56,-0.00814675142128008
"386",356,"2009SUGARLOAF","SUGARLOAF",2009,"no","Forest",2,"USF","LNF",81,3807,1844,48.4,48,1478,80.2,38.8,839.5,22,45.5,421.8,11.1,22.9,0.679,0.422,0.742,0.322,0.651,0.363,0.339,0.316,0.865,0.394,0.394,9,0.865,0.394,0.865,0.394,0.822,0.374,0.35,0.329,14.75,125,0.54,892.559,131.658,-0.00163417957151377
"387",357,"2009TENNANT","TENNANT",2009,"no","Forest",2,"USF","KNF",79,1288,848,65.8,65,531,62.7,41.2,468.7,36.4,55.3,251.8,19.5,29.7,0.836,0.603,0.251,0.121,0.211,0.153,0.093,0.083,0.836,0.603,0.603,4,0.836,0.603,0.225,0.205,0.203,0.185,0.093,0.083,35.33,24,0.405,331.435,117.079,-0.00175294050964712
"389",359,"2010BAR","BAR",2010,"no","Forest",2,"USF","PNF",100,421,20,4.8,4,10,48.9,2.3,0,0,0,0,0,0,0.693,1,1.321,0.679,0.958,0.872,0.663,0.577,0.693,1,NA,2,0.693,1,0.693,1,0.688,0.992,0.5,0.494,1.84,11,0.72,148.043,2.725,-0.020607041338081
"390",361,"2010PINECREST","PINECREST",2010,"no","Forest",1,"USF","STF",100,367,6,1.5,1,3,47.6,0.7,0,0,0,0,0,0,0,NA,0.963,0.876,0.691,0.996,0.591,0.497,0,NA,NA,NA,0,NA,0,NA,0,NA,0,0,1.13,5,1.17,76.882,0.872,-0.021536504759132
"393",364,"2011COUGAR","COUGAR",2011,"no","Forest",1,"USF","MDF",100,729,491,67.4,67,485,98.7,66.5,263,36.1,53.5,142.2,19.5,28.9,0.069,0.1,0.081,0.05,0.05,0.072,0.026,0.017,0.069,0.1,0.1,2,0.069,0.1,0.069,0.1,0.05,0.072,0.026,0.017,37.8,13,0.36,341.533,129.1,-0.00201384625056451
"394",365,"2011LION","LION",2011,"no","Forest",1,"USF","SQF",93,8472,1241,14.7,14,407,32.8,4.8,355.8,4.2,28.7,108.8,1.3,8.8,1.778,0.914,1.924,0.774,1.806,0.868,0.814,0.801,2.118,0.852,0.852,12,2.118,0.852,2.118,0.852,2.112,0.85,0.835,0.83,7.09,175,0.63,491.545,34.865,-0.00441789992386113
"395",366,"2011MOTOR","MOTOR",2011,"no","Forest",1,"USF","SNF",96,2117,961,45.4,45,673,70,31.8,431.1,20.4,44.8,244.5,11.6,25.4,1.01,0.564,1.072,0.447,1.019,0.523,0.485,0.475,1.01,0.564,0.564,6,1.01,0.564,1.01,0.564,0.991,0.553,0.483,0.474,18.49,52,0.945,507.151,93.771,-0.00261922735318909
"396",367,"2011ONION","ONION",2011,"no","Forest",1,"USF","KNF",100,231,34,14.7,14,34,100,14.7,5.5,2.4,16.2,0,0,0,0,NA,0,NA,0,NA,0,0,0,NA,NA,NA,0,NA,0,NA,0,NA,0,0,33.93,1,33.93,0,0,-0.00678780817531932
"397",368,"2011RUTH","RUTH",2011,"no","Forest",1,"USF","SRF",83,590,94,15.9,15,34,36.7,5.8,4.9,0.8,5.2,0,0,0,1.013,0.922,1.168,0.6,1.015,0.732,0.628,0.597,1.327,0.957,NA,4,1.327,0.957,1.327,0.957,1.3,0.938,0.72,0.708,6.26,15,1.17,149.1,9.331,-0.0105064751007511
"399",371,"2011WILLOWS","WILLOWS",2011,"no","Forest",1,"USF","SQF",100,137,27,20,19,17,63.2,12.6,1.4,1,5.1,0,0,0,0.658,0.949,1.154,0.593,0.812,0.739,0.559,0.462,0.658,0.949,NA,2,0.658,0.949,0.658,0.949,0.61,0.88,0.465,0.419,2.49,11,0.54,193.868,4.822,-0.0121103090474842
"400",372,"2012BAGLEY","BAGLEY",2012,"no","Forest",2,"USF","SHF",70,18616,3855,20.7,20,1425,37,7.7,1114.3,6,28.9,431,2.3,11.2,1.856,0.892,1.489,0.621,1.356,0.697,0.635,0.611,2.178,0.786,0.786,16,1.889,0.698,1.664,0.63,1.64,0.622,0.644,0.627,6.91,558,0.54,949.595,65.597,-0.00292630409203911
"401",373,"2012BEAR","BEAR",2012,"no","Forest",2,"USF","SNF",100,384,141,36.7,36,83,59.1,21.7,24.3,6.3,17.3,0.1,0,0.1,0.092,0.133,0.109,0.079,0.048,0.07,0.037,0.017,0.752,0.684,0.684,3,0.752,0.684,0.752,0.684,0.715,0.651,0.498,0.488,15.65,9,0.27,187.53,29.348,-0.00374962302923059
"403",375,"2012CHIPS","CHIPS",2012,"no","Forest",2,"USF","PNF",88,30898,6531,21.1,21,996,15.2,3.2,1839.2,6,28.2,698.6,2.3,10.7,1.839,0.884,1.677,0.675,1.563,0.752,0.708,0.691,2.86,0.912,0.912,23,2.481,0.815,2.028,0.702,2.016,0.698,0.731,0.721,7.4,882,0.54,669.929,49.605,-0.00375960454471741
"405",377,"2012FLAT","FLAT",2012,"no","Forest",2,"USF","SHF",99,685,60,8.8,8,23,37.5,3.3,2.9,0.4,4.8,0,0,0,1.348,0.972,1.605,0.772,1.462,0.908,0.758,0.739,1.348,0.972,NA,4,1.348,0.972,1.348,0.972,1.337,0.964,0.729,0.723,3.36,18,1.08,168.901,5.675,-0.0118145705323818
"406",378,"2012GEORGE","GEORGE",2012,"no","Forest",2,"USF","SQF",100,694,99,14.3,14,62,62.4,8.9,13.2,1.9,13.3,0,0,0,1.067,0.77,1.215,0.553,1.017,0.632,0.569,0.524,1.067,0.77,0.77,4,1.067,0.77,1.067,0.77,0.987,0.712,0.562,0.523,4.96,20,0.45,271.111,13.457,-0.0078919478843908
"407",379,"2012GOFF","GOFF",2012,"no","Forest",2,"USF","KNF",95,9504,2224,23.4,23,206,9.3,2.2,340,3.6,15.3,62.4,0.7,2.8,1.822,0.937,1.971,0.793,1.854,0.891,0.826,0.815,2.875,0.96,0.96,20,2.875,0.96,2.875,0.96,2.89,0.965,0.938,0.94,6.3,353,0.54,341.93,21.542,-0.00712895619015024
"408",463,"2012MILL","MILL",2012,"no","Forest",2,"USF","MNF",NA,11957,4888,40.9,40,2350,48.1,19.7,1227.6,10.3,25.1,412.9,3.5,8.4,NA,NA,1.392,0.56,NA,NA,0.599,NA,NA,NA,NA,NA,NA,NA,1.726,0.586,NA,NA,0.619,NA,11.556,423,0.54,1011.239,116.858,-0.00257063207696878
"410",465,"2012NORTH_PASS","NORTH PASS",2012,"no","Forest",2,"USF","MNF",NA,17008,4447,26.1,26,526,11.8,3.1,1104.2,6.5,24.8,280.6,1.7,6.3,NA,NA,1.85,0.744,NA,NA,0.789,NA,NA,NA,NA,NA,NA,NA,2.463,0.809,NA,NA,0.834,NA,8.056,552,0.63,487.166,39.244,-0.00449721887815083
"411",380,"2012PEAK","PEAK",2012,"no","Forest",1,"USF","PNF",95,320,79,24.7,24,30,37.6,9.3,0,0,0,0,0,0,1.268,0.915,1.799,0.819,1.457,0.905,0.786,0.73,1.268,0.915,NA,4,1.268,0.915,1.268,0.915,1.281,0.924,0.695,0.697,1.65,48,0.27,283.236,4.663,-0.0208280662635191
"412",381,"2012RAMSEY","RAMSEY",2012,"no","Forest",2,"USF","STF",95,482,78,16.2,16,34,43.8,7.1,4.4,0.9,5.7,0,0,0,1.244,0.897,1.562,0.711,1.382,0.859,0.727,0.7,1.244,0.897,NA,4,1.244,0.897,1.244,0.897,1.236,0.892,0.684,0.676,3.26,24,0.765,225.22,7.348,-0.011641063444591
"414",383,"2012SALT_CREEK","SALT CREEK",2012,"no","Forest",2,"USF","SHF",82,422,253,60,60,227,89.5,53.7,71,16.8,28,24.3,5.8,9.6,0.404,0.368,0.452,0.217,0.395,0.285,0.194,0.179,0.404,0.368,0.368,3,0.404,0.368,0.404,0.368,0.377,0.343,0.193,0.179,18.1,14,0.42,320.75,58.047,-0.0045540193062332
"415",384,"2012STAFFORD","STAFFORD",2012,"no","Forest",2,"USF","SHF",93,1790,754,42.1,42,255,33.8,14.3,315.1,17.6,41.8,162.5,9.1,21.5,1.362,0.76,1.432,0.597,1.352,0.695,0.681,0.67,1.689,0.812,0.812,8,1.689,0.812,1.689,0.812,1.667,0.802,0.775,0.769,14.51,52,0.495,324.712,47.107,-0.00338811266957229
"417",386,"2013AMERICAN","AMERICAN",2013,"no","Forest",2,"USF","TNF",81,11114,3506,31.5,31,1095,31.2,9.9,948.6,8.5,27.1,319.8,2.9,9.1,1.892,0.91,1.73,0.696,1.629,0.783,0.745,0.732,2.536,0.861,0.861,19,2.536,0.861,2.176,0.768,2.162,0.763,0.78,0.773,8.57,409,0.54,680.646,58.345,-0.00415381766364248
"418",387,"2013ASPEN","ASPEN",2013,"no","Forest",2,"USF","SNF",100,9337,1667,17.9,17,194,11.6,2.1,251.6,2.7,15.1,49.5,0.5,3,1.686,0.941,1.896,0.791,1.751,0.9,0.816,0.801,2.53,0.934,0.934,15,2.53,0.934,2.53,0.934,2.558,0.945,0.908,0.913,4.92,339,0.63,363.552,17.877,-0.00629085011446527
"419",388,"2013BUTLER","BUTLER",2013,"no","Forest",1,"USF","SRF",99,9146,1836,20.1,20,244,13.3,2.7,244.3,2.7,13.3,34.5,0.4,1.9,1.882,0.967,2.09,0.841,1.953,0.939,0.856,0.844,2.559,0.923,0.923,16,2.559,0.923,2.559,0.923,2.586,0.933,0.909,0.914,4.72,389,0.54,354.347,16.724,-0.00797921172836042
"420",389,"2013CORRAL_CMPLX","CORRAL COMPLEX",2013,"no","Forest",2,"USF","SRF",100,5401,1813,33.6,33,616,34,11.4,376.2,7,20.8,38.1,0.7,2.1,1.754,0.844,1.52,0.612,1.449,0.697,0.683,0.674,2.094,0.816,0.816,13,2.094,0.816,1.78,0.716,1.764,0.71,0.716,0.71,11.93,152,0.54,488.667,58.282,-0.0039505178705993
"421",390,"2013FISH","FISH",2013,"no","Forest",2,"USF","SQF",100,852,227,26.6,26,123,54.2,14.4,46.9,5.5,20.7,10.4,1.2,4.6,1.153,0.832,1.301,0.592,1.144,0.711,0.631,0.602,1.153,0.832,0.832,4,1.153,0.832,1.153,0.832,1.101,0.794,0.623,0.6,6.48,35,0.63,341.027,22.099,-0.00583579240287601
"422",466,"2013KYBURZ","KYBURZ",2013,"no","Forest",1,"USF","ENF",NA,232,14,6.1,6,8,59.9,3.7,0,0,0,0,0,0,NA,NA,1.085,0.605,NA,NA,0.57,NA,NA,NA,NA,NA,NA,NA,0.674,0.972,NA,NA,0.481,NA,1.766,8,0.855,146.822,2.593,-0.0201604174970402
"423",391,"2013POWER","POWER",2013,"no","Forest",1,"USF","STF",100,435,100,22.9,22,90,90,20.6,18.9,4.4,19,0.4,0.1,0.4,0.325,0.469,0.478,0.246,0.249,0.226,0.188,0.105,0.325,0.469,0.469,2,0.325,0.469,0.325,0.469,0.213,0.307,0.18,0.104,6.24,16,0.405,346.197,21.596,-0.00735284737918376
"424",392,"2013RIM","RIM",2013,"no","Forest",2,"USF","STF",60,104038,36774,35.3,35,16770,45.6,16.1,17233.7,16.6,46.9,9688.6,9.3,26.3,1.393,0.634,1.096,0.441,1.022,0.491,0.448,0.432,2.451,0.66,0.66,41,1.75,0.488,1.404,0.409,1.379,0.402,0.456,0.442,15.45,2380,0.54,2291.665,354.089,-0.00113228826922873
"425",393,"2013SALMON_RIVER_CMPLX","SALMON RIVER CMPLX",2013,"no","Forest",1,"USF","KNF",100,5986,1411,23.6,23,324,23,5.4,329,5.5,23.3,96.5,1.6,6.8,1.546,0.863,1.72,0.717,1.58,0.812,0.754,0.736,2.196,0.916,0.916,11,2.196,0.916,1.921,0.834,1.912,0.83,0.789,0.782,5.88,240,0.45,495.35,29.127,-0.00538625718272255
"426",394,"2013SHIRLEY","SHIRLEY",2013,"no","Forest",1,"USF","SQF",100,157,54,34.6,34,50,91.7,31.7,8.8,5.6,16.2,0.2,0.2,0.5,0.285,0.411,0.316,0.287,0.262,0.379,0.153,0.136,0.285,0.411,0.411,2,0.285,0.411,0.285,0.411,0.262,0.379,0.152,0.136,18.15,3,3.96,124.128,22.529,-0.0069499176803391
"428",396,"2014BALD","BALD",2014,"no","Forest",1,"USF","LNF",79,16128,8371,51.9,51,2425,29,15,3652.9,22.6,43.6,1940.5,12,23.2,1.168,0.532,0.652,0.262,0.587,0.282,0.236,0.219,2.055,0.725,0.725,17,0.792,0.309,0.654,0.263,0.624,0.251,0.236,0.219,21.14,396,0.72,820.175,173.366,-0.00148206999823916
"429",467,"2014BEAVER","BEAVER",2014,"no","Forest",1,"USF","KNF",NA,13274,4534,34.2,34,1052,23.2,7.9,1712.8,12.9,37.8,787.8,5.9,17.4,NA,NA,1.301,0.524,NA,NA,0.541,NA,NA,NA,NA,NA,NA,NA,1.519,0.536,NA,NA,0.55,NA,12.666,358,0.63,581.61,73.667,-0.00255393547964437
"430",468,"2014EILER","EILER",2014,"no","Forest",1,"USF","LNF",NA,13453,8015,59.6,59,4447,55.5,33.1,4206,31.3,52.5,2315.8,17.2,28.9,NA,NA,0.447,0.18,NA,NA,0.154,NA,NA,NA,NA,NA,NA,NA,0.455,0.19,NA,NA,0.154,NA,32.715,245,0.27,976.581,319.487,-0.000974720089922498
"431",399,"2014FRENCH","FRENCH",2014,"no","Forest",1,"USF","SNF",100,5621,1625,28.9,28,472,29,8.4,359,6.4,22.1,76.1,1.4,4.7,1.44,0.74,1.588,0.639,1.483,0.713,0.657,0.641,2.133,0.858,0.858,12,2.133,0.858,1.558,0.677,1.542,0.67,0.654,0.642,7.1,229,0.45,546.826,38.813,-0.00522088271726119
"432",400,"2014HAPPY_CAMP_CMPLX","HAPPY CAMP CMPLX",2014,"no","Forest",1,"USF","KNF",98,53948,9698,18,17,785,8.1,1.5,2929.9,5.4,30.2,1137.9,2.1,11.7,1.894,0.911,1.718,0.691,1.62,0.779,0.723,0.709,3.285,0.939,0.939,33,2.832,0.841,2.15,0.686,2.142,0.683,0.744,0.735,8.37,1158,0.72,538.028,45.059,-0.00266244317705417
"433",401,"2014KING","KING",2014,"no","Forest",1,"CDF","AEU",65,39265,18478,47.1,47,11296,61.1,28.8,11369.4,29,61.5,8217,20.9,44.5,1.05,0.505,0.682,0.274,0.641,0.308,0.259,0.25,1.797,0.539,0.539,28,1.408,0.432,0.789,0.273,0.769,0.266,0.261,0.252,31.53,586,0.72,1500.597,473.172,-0.00327954532504662
"434",402,"2014LITTLE_DEER","LITTLE DEER",2014,"no","Forest",1,"USF","KNF",75,2226,1017,45.7,45,442,43.5,19.9,281.3,12.6,27.7,100.8,4.5,9.9,0.702,0.436,0.752,0.327,0.661,0.369,0.336,0.314,1.328,0.683,0.683,7,1.328,0.683,0.773,0.431,0.722,0.403,0.341,0.319,14.13,72,0.36,478.273,67.574,-0.00175858484723264
"435",403,"2014NICOLLS","NICOLLS",2014,"no","Forest",1,"USF","SQF",100,721,488,67.8,67,475,97.3,66,181.7,25.2,37.2,44.1,6.1,9,0.142,0.13,0.154,0.096,0.117,0.107,0.053,0.042,0.142,0.13,0.13,3,0.142,0.13,0.142,0.13,0.117,0.107,0.053,0.042,69.78,7,0.9,237.28,165.564,-0.00348767642251772
"436",404,"2014WHITES","WHITES",2014,"no","Forest",1,"USF","KNF",97,13766,2963,21.5,21,593,20,4.3,980.3,7.1,33.1,426.5,3.1,14.4,1.958,0.942,1.81,0.728,1.722,0.828,0.783,0.774,2.651,0.9,0.9,19,2.651,0.9,2.281,0.805,2.273,0.802,0.827,0.822,9.71,305,0.81,455.026,44.203,-0.000863871309716033
