VB_ID,ID_Num,FIRE_NAME,FIRE_YEAR,WFU,Veg,AGENCY,ICS_CODE,PCT_FS,FIRESIZE_HA,BA90_HA,BA90_PCT,MaxPatch_HA,IGNITION_DATE,CONT_DATE,sdc,MSI,AWMSI,MPFD,AWMPFD
1984BADGER,6,BADGER,1984,no,Forest,"USF,NPS",LNF,25.71,450,79,17.5,34,19840718,0,0.00934432102589205,0.06244320808274894,0.023261110729785473,1.3679153967473723,1.3255037882680494
1984YNP_023,1, ,1984,yes,Forest,NPS,YNP,0.0,299,10,3.2,4,19840000,19840000,0.027543350031245643,0.07496790711087517,0.04905659554189109,1.3699579851053152,1.3526266575245502
1985BARTLETT,29,BARTLETT,1985,yes,Forest,NPS,YNP,0.0,427,88,20.7,70,19850725,19851110,0.011226786241690377,0.07068339574858683,0.023147208477211953,1.371940919359604,1.3892032426094456
1985BUCK,31,BUCK,1985,yes,Forest,NPS,YNP,0.0,141,24,17.2,11,19850809,19851110,0.0207182504882922,0.07920000334696269,0.03345633165483177,1.3802835035030878,1.377202866471361
1985CAENF00000066,21,1985CAENF00000066,1985,no,Forest,USF,ENF,42.04,129,43,33.6,37,19850810,19850812,0.007471912882121956,0.04051571525161516,0.014414415255619258,1.3329930260509166,1.3171511389895074
1985CAINF00000070,22,1985CAINF00000070,1985,no,Forest,USF,INF,88.54,87,5,5.8,1,19850817,19850817,0.02872691822970577,0.04715342624461375,0.04642854293059372,1.333265364814775,1.334121868494561
1985CALNF00000031,24,1985CALNF00000031,1985,no,Forest,USF,LNF,98.81,89,42,47.0,42,19850717,19850720,0.011126673648807428,0.01799855974615788,0.01799855974615788,1.37906866349317,1.37906866349317
1985CALNF00000069,25,1985CALNF00000069,1985,no,Forest,USF,LNF,99.98,217,127,58.4,121,19851020,19851024,0.005133480781616547,0.06490488951208245,0.00962541518604468,1.3618105925775563,1.3196440816145585
1985DELTA,33,DELTA,1985,no,Forest,USF,SHF,5.64,848,401,47.3,386,19850718,19850721,0.0018458994413961274,0.08216932138142116,0.005991843773123638,1.374862142469955,1.299434845536458
1985DOUGHERTY,34,DOUGHERTY,1985,yes,Forest,NPS,KNP,0.0,1072,79,7.4,26,19850625,19851013,0.014472850907653831,0.06966800964964465,0.028982214580748955,1.3684365372052938,1.3516712473131736
1985KENDRICK,37,KENDRICK,1985,yes,Forest,NPS,YNP,0.0,507,30,5.9,6,19850725,19850000,0.022775036466551022,0.07354256804223515,0.03927491950774764,1.3651930849261025,1.3449495852671884
1985MAMMOTH,40,MAMMOTH,1985,no,Forest,USF,SNF,70.7,316,29,9.3,29,19850702,19850704,0.008397389331050796,0.060014273096670526,0.015086642444540513,1.3665309211970775,1.3153641490821655
1985PATE_VALLEY,42,PATE VALLEY,1985,no,Forest,NPS,YNP,0.0,713,138,19.3,77,19850630,19850707,0.007822314565533502,0.07525480752377647,0.0211866243349546,1.3752940392977522,1.3414938961759424
1985RICH_BAR,43,RICH BAR,1985,no,Forest,USF,SQF,79.38,3295,1307,39.7,507,19850628,19850630,0.006706644470629071,0.07186415613006977,0.018490130154550734,1.373474494075198,1.3996448050656878
1985RIVER,44,RIVER,1985,no,Forest,USF,STF,100.0,134,8,6.2,5,19850831,19850902,0.02543544015847936,0.06673952648303891,0.04202900601051513,1.3681964653623266,1.3629974190301288
1985TRELOAR_CMPLX,48,TRELOAR COMPLEX,1985,no,Forest,USF,SHF,100.0,1612,243,15.1,115,19850726,19850806,0.008596314464992625,0.06658135049993089,0.021434726010931396,1.3707098856375022,1.3631254890444957
1986CAENF00000082,52,1986CAENF00000082,1986,no,Forest,USF,ENF,99.95,239,24,10.1,22,19861029,19861105,0.008843297162598258,0.05946327657989007,0.016479392319679837,1.3383882385642107,1.3130076398086838
1986CASCADE_CREEK,58,CASCADE CREEK,1986,yes,Forest,NPS,YNP,0.0,837,16,1.9,7,19860727,19860922,0.023857585724666373,0.09496034377427337,0.04507575037720412,1.3832481298788464,1.374553540949859
1986DEER,59,DEER,1986,no,Forest,USF,SNF,100.0,5349,1204,22.5,206,19860909,19860920,0.006190908153682644,0.07132123464413177,0.016762550366945447,1.3674302160498233,1.3455018192561208
1986GLACIER_POINT,61,GLACIER POINT,1986,no,Forest,NPS,YNP,0.0,278,122,43.8,98,19860627,19860701,0.005321623937315272,0.08569180898444186,0.013146922087767379,1.3887619346564832,1.322699756542839
1987ASSIST_PNF,71,ASSIST P.N.F.,1987,no,Forest,CDF,LMU,63.24,499,244,49.0,201,19870831,0,0.003251491759012426,0.06223487400081968,0.009342138786104693,1.368787298401311,1.3038234806603326
1987BEAR,72,BEAR,1987,no,Forest,USF,SHF,97.58,2132,147,6.9,35,19870830,19870914,0.011754454474529484,0.07914620241748924,0.027784572746090266,1.3758899346934494,1.331911443854386
1987BEARCAT,73,BEARCAT,1987,no,Forest,USF,KNF,94.96,1157,40,3.4,16,19870830,19870918,0.015811959117404305,0.0865556817408435,0.035267865499648034,1.3807450264241319,1.3498101412891665
1987BETTY_BLAKE,74,BETTY BLAKE,1987,yes,Forest,NPS,YNP,0.0,159,16,9.8,13,19870717,19871120,0.014884094403686932,0.06641798285005893,0.026204238596118756,1.3725061062186228,1.350330381442836
1987BIG,75,BIG,1987,no,Forest,USF,TNF,72.3,427,37,8.6,18,19870831,19870906,0.009157064235622382,0.07337165959820241,0.01998361502460039,1.3605594784912431,1.3146895210488356
1987BLAKE,76,BLAKE,1987,no,Forest,USF,SRF,99.5,1413,345,24.4,281,19870830,19870905,0.004399034879609447,0.05773093426381816,0.01150979647823344,1.3555591734055967,1.3679188004934177
1987CEDAR,78,CEDAR,1987,no,Forest,USF,MDF,83.26,283,29,10.3,10,19870901,19870912,0.01889843419005558,0.0802004994355629,0.03466666598677206,1.3830079902604506,1.3573582677049
1987CHAWANAKEE,79,CHAWANAKEE,1987,no,Forest,USF,SNF,100.0,713,48,6.7,12,19870622,19870626,0.01933254696573051,0.07479046118959405,0.037288129867653376,1.374516218649074,1.3612426947228744
1987CHINA_KNF,81,CHINA,1987,no,Forest,USF,KNF,96.11,1332,112,8.4,25,19870830,0,0.012048355160248578,0.06823308802853466,0.02496659339781706,1.361459777905204,1.3329970199006855
1987CHINA_SHF,82,CHINA,1987,no,Forest,USF,SHF,100.0,3696,726,19.6,380,19870830,19871013,0.005571799042054369,0.06859011471202488,0.015477073835038609,1.371169054763453,1.3584395041818997
1987CLARK,129,PLUMAS NF #531 (CLARK),1987,no,Forest,CDF,BTU,73.47,15861,5351,33.7,781,19870830,19870905,0.003923401813626007,0.07792910693040155,0.015418180057222761,1.3770180183219198,1.378122652724467
1987CLAVEY_CMPLX,83,CLAVEY 87 CMPLX,1987,no,Forest,USF,STF,98.1,3537,708,20.0,324,19870831,19871012,0.0063396343359945016,0.0640175380175527,0.018970737922418345,1.361232977005808,1.3702922832703903
1987COLD,84,COLD,1987,no,Forest,USF,SHF,98.37,6678,387,5.8,96,19870830,19870911,0.011504262497697475,0.07367183369563897,0.026267771133409886,1.3689744146269147,1.3477128398843108
1987DOE,85,DOE,1987,no,Forest,USF,SHF,100.0,932,256,27.5,121,19870830,0,0.0061168540918356065,0.062134224777235944,0.01430905560497088,1.364886187960845,1.3339976833129072
1987DOG_CREEK,86,DOG CREEK,1987,yes,Forest,NPS,KNP,0.0,170,11,6.3,4,19870708,19871027,0.023226847521551255,0.07422201029132199,0.04145657972260236,1.3731020074686235,1.341105292828231
1987EAST,87,EAST,1987,no,Forest,USF,SHF,97.44,4643,932,20.1,584,19870830,0,0.002091909508607983,0.07641031258003331,0.010739244794504272,1.3739309401414632,1.3163509049832125
1987ELK_LICK,88,ELK LICK,1987,no,Forest,USF,KNF,100.0,448,28,6.3,12,19870830,0,0.014369487742763047,0.07043696285002178,0.032264957314690035,1.3683386035314478,1.3472385088542245
1987EVER,89,EVER,1987,no,Forest,USF,STF,92.16,215,161,74.8,160,19870828,19870829,0.0025584681069010283,0.029600834936879015,0.006131117638982889,1.3186296918404683,1.2815404838189826
1987FAY,90,FAY,1987,no,Forest,USF,SQF,81.37,4640,1147,24.7,664,19870830,19870905,0.0028060608062496916,0.08495391210241704,0.016435077308409388,1.380054305828502,1.3754586469082482
1987FLUME,92,FLUME,1987,no,Forest,USF,SHF,100.0,5277,813,15.4,198,19870830,19870910,0.006421623290919285,0.0725041880969204,0.0185221849405968,1.369688300371488,1.3474841921479488
1987FORT_COPPER,93,FORT COPPER,1987,no,Forest,USF,KNF,94.59,14703,2842,19.3,290,19870830,19871007,0.005902440076246404,0.07335847282883748,0.015841708078513827,1.3721485471428116,1.3526125564543725
1987FOUTS,94,FOUTS,1987,no,Forest,USF,MNF,91.72,6965,1752,25.2,399,19870901,19870914,0.005544057000306503,0.076366356519944,0.01686865101299156,1.3761131849257686,1.3649233469334376
1987FRIENDLY,95,FRIENDLY,1987,no,Forest,USF,SHF,88.92,1466,407,27.7,297,19870830,19870910,0.0045923817906685805,0.07687320184269614,0.013383279864699256,1.3735526650025887,1.3632842983790343
1987FROG,96,FROG,1987,yes,Forest,NPS,YNP,0.0,1554,66,4.2,10,19870628,19871104,0.021267253312365616,0.06686936333904415,0.03701682717165848,1.3668478327527283,1.355816517847976
1987GLASGOW,97,GLASGOW,1987,no,Forest,USF,KNF,96.56,6156,1273,20.7,480,19870830,19870922,0.002580894716651687,0.08037703798693037,0.012433218571063397,1.378220337890027,1.3641515611129986
1987GLEN_AULIN,98,GLEN AULIN,1987,yes,Forest,NPS,YNP,0.0,106,23,21.5,10,19870921,19871120,0.01787376171419069,0.06564313274022784,0.03109354001810465,1.3654393170345935,1.3576639948105287
1987GULCH_KNF,99,GULCH,1987,no,Forest,USF,KNF,98.74,4435,181,4.1,18,19870830,19871012,0.016308985674194275,0.08290407062800284,0.03265509881893063,1.376820253934488,1.349075634987605
1987GULCH_SHF,100,GULCH,1987,no,Forest,USF,SHF,89.93,2652,789,29.8,520,19870830,19870911,0.004011833758814176,0.07543593540745601,0.014916355554339903,1.3723482156108884,1.3853808045454281
1987HAMM_CMPLX,102,HAMM 87 CMPLX,1987,no,Forest,USF,STF,93.66,13624,2993,22.0,431,19870830,19870913,0.0052488164156241565,0.07097149448816192,0.016415806359592017,1.3675974630996695,1.3497409856155247
1987HASLOE_CMPLX,103,HASLOE 87 CMPLX,1987,no,Forest,USF,STF,70.47,2783,1073,38.5,790,19870901,19870907,0.00453604752547217,0.07227871190044084,0.012144337039420182,1.3743926484684064,1.4003493339370636
1987HIGHROCK,104,HIGHROCK,1987,no,Forest,USF,MDF,95.35,455,33,7.3,17,19870901,19870912,0.01037750734650369,0.07347699553582533,0.023719659884449393,1.3634195848470052,1.3194551317403311
1987HOTELLING,105,HOTELLING,1987,no,Forest,USF,KNF,100.0,7453,696,9.3,268,19870830,19871017,0.007781599928217913,0.06725046670106401,0.021375549360470522,1.365864485351601,1.359485318927242
1987INDIAN,106,INDIAN,1987,no,Forest,USF,TNF,99.93,3791,1523,40.2,939,19870829,19870911,0.0025896683975972215,0.07674294566292604,0.010326927148881145,1.3784535880220847,1.3728881330804374
1987JARREL,107,JARREL,1987,no,Forest,"USF,NPS",STF,22.55,742,25,3.3,13,19870903,19870912,0.015768977850772765,0.073030441397306,0.033212103653703064,1.3664183555182252,1.3318028331615306
1987JESSIE,109,JESSIE,1987,no,Forest,USF,SHF,61.0,1385,148,10.7,37,19870830,19870912,0.01201884473521427,0.075420235587704,0.0253758369580985,1.3735122058459643,1.3510841565371532
1987KELSEY,110,KELSEY,1987,no,Forest,USF,KNF,96.4,1753,96,5.5,46,19870830,19870925,0.009123856751571114,0.0689829703369026,0.02105918593479104,1.3658910549068404,1.3319638429137977
1987KING_TITUS,111,KING TITUS,1987,no,Forest,USF,KNF,99.21,28891,2092,7.2,132,19870830,19871018,0.01028395945447288,0.07351242766106457,0.02479784372461311,1.3713047536489085,1.3472047962415241
1987LAKE,112,LAKE,1987,no,Forest,USF,KNF,99.79,7655,247,3.2,41,19870830,19870928,0.013168583883671287,0.07247378074734934,0.028861489822076716,1.3705013042440495,1.3386142258846128
1987LARSON_CMPLX,113,LARSON 87 CMPLX,1987,no,Forest,USF,STF,93.35,19551,3752,19.2,754,19870830,19870910,0.004933123533110176,0.06877471872233719,0.017199141907497748,1.3653175643675268,1.3485621783188078
1987LAUREL,115,LAUREL,1987,no,Forest,USF,INF,85.1,469,112,23.9,51,19870830,19870904,0.010535702140808774,0.08015916353287804,0.023298920695074606,1.3743639067004323,1.3493334321060706
1987LAZYMAN,116,LAZYMAN,1987,no,Forest,USF,SHF,100.0,606,20,3.3,8,19870901,19870921,0.020190173535732582,0.0668656330697837,0.036011937897942076,1.3762261024588787,1.3667840037894863
1987LIGHTNING120,117,LIGHTNING #120 (CRANK),1987,no,Forest,CDF,LMU,12.39,1725,853,49.5,661,19870831,0,0.0026757877798977707,0.08071827578159885,0.008857759051550503,1.3784907654143512,1.3629003828795103
1987LOST,118,LOST,1987,no,Forest,USF,LNF,95.64,9672,4685,48.4,1674,19870831,19870908,0.001937596976512498,0.08524445784435825,0.011868700337233563,1.3804635450028653,1.4050888151215786
1987LOST_BEAR,119,LOST BEAR,1987,yes,Forest,NPS,YNP,0.0,809,33,4.1,5,19870723,19871120,0.022746771609914663,0.07813351055606453,0.04097034786233112,1.3697941568222032,1.3428293071778008
1987MAMMOTH,120,MAMMOTH,1987,no,Forest,USF,INF,99.82,183,36,19.8,36,19870822,19870825,0.007185886893023612,0.0632439382384829,0.013101163527719058,1.3606980841147343,1.308631273275105
1987MENDENHALL,121,MENDENHALL,1987,no,Forest,CDF,MEU,57.86,21919,8586,39.2,4875,19870831,19870917,0.0011575476538372024,0.07462043208555848,0.011486549848510217,1.3752222887440149,1.4011564924118216
1987NIELON,122,NIELON,1987,no,Forest,USF,KNF,100.0,649,199,30.6,186,19870830,19870921,0.0032045260682975717,0.08871301147899666,0.01025640874342671,1.3891639896940973,1.3381854530745196
1987PALMER,123,PALMER,1987,no,Forest,USF,TNF,57.56,862,187,21.7,105,19870829,19870908,0.007915977676448529,0.06098913102911118,0.01877799719978991,1.3762838182845956,1.3643259612804999
1987PAPER_CMPLX,126,PAPER 87 CMPLX,1987,no,Forest,USF,STF,71.61,15232,4120,27.1,1775,19870831,19871012,0.0030071745705326086,0.0705615244342351,0.011682866477836644,1.3683831722066888,1.368752696673184
1987PEANUT,127,PEANUT,1987,no,Forest,USF,SHF,84.67,2608,599,23.0,208,19870830,19870912,0.0068154798582312414,0.07429425521429857,0.017959839583757124,1.3723839290491906,1.359527283404097
1987PIERCE,128,PIERCE,1987,no,Forest,CDF,TUU,74.57,290,37,12.7,13,19870829,19870905,0.01265322447443218,0.04984282218297949,0.02314588127201348,1.3419853127861883,1.3204231195743301
1987QUAKING,130,QUAKING,1987,no,Forest,USF,MDF,96.75,1787,464,25.9,201,19870715,19870721,0.007868519122047142,0.08917873659505145,0.025070028473881865,1.3832913024493456,1.3951363447398804
1987RIPSTEIN,131,RIPSTEIN,1987,no,Forest,USF,SHF,100.0,1378,459,33.3,189,19870830,19870926,0.005103284982581391,0.07027159988830163,0.013209138186066649,1.3738615168427066,1.3607709093559135
1987RIVER,132,RIVER II,1987,no,Forest,USF,STF,93.81,285,7,2.6,6,19870830,19870904,0.021776432673392906,0.05909003702438824,0.03495941832864332,1.371313642505783,1.3666207709852973
1987SAINT_CLAIRE,134,SAINT CLAIRE,1987,no,Forest,USF,KNF,100.0,3497,114,3.2,17,19870830,19871010,0.020966322278894764,0.08420613629658129,0.03856314210648315,1.3798934196202084,1.3615384210439996
1987SLATER,136,SLATER,1987,no,Forest,USF,KNF,96.89,2577,328,12.7,99,19870830,19870920,0.009985740140607026,0.07573750983005581,0.022751317833773075,1.3745346301534813,1.3638437322876262
1987SLIDES,137,SLIDES,1987,no,Forest,USF,MNF,100.0,398,8,2.0,8,19870901,19870919,0.019445393702389888,0.08219787235815283,0.032209758348959665,1.3960035612368666,1.3846758333727598
1987SNAG_CMPLX,138,SNAG COMPLEX,1987,no,Forest,NPS,LNP,0.0,325,29,8.9,11,19870901,19870909,0.01858654944713869,0.060864494753439156,0.03145834049255746,1.3623597669731033,1.3483089707322358
1987STRAUSE,139,STRAUSE,1987,no,Forest,USF,SHF,100.0,2646,783,29.6,193,19870830,19871013,0.0057814111008157275,0.07222659020496298,0.015483132578647012,1.3705496501002696,1.3432049471137308
1987TEN_BALD,140,TEN BALD,1987,no,Forest,USF,KNF,100.0,7946,969,12.2,86,19870830,19871015,0.00950178689180064,0.07118631813404028,0.022690596806481684,1.3690216502080332,1.346285472225667
1987THOMPSON,141,THOMPSON,1987,no,Forest,USF,KNF,100.0,2039,88,4.3,13,19870830,19871020,0.016562759305118996,0.06679841316207022,0.03248039101335057,1.3647621861631145,1.3341006243364952
1987TRAVIS,142,TRAVIS,1987,no,Forest,USF,SRF,92.86,4781,725,15.2,234,19870831,19870906,0.005586562466179431,0.07959332041856383,0.018666015408852467,1.3765478258987542,1.3547879161877443
1987TRINITY,143,TRINITY,1987,no,Forest,USF,SHF,100.0,570,20,3.4,6,19870830,19870912,0.01745949388649583,0.05810003806638161,0.03303832762118627,1.3575558507419627,1.330868878019369
1987USF05141987000282,68, ,1987,no,Forest,USF,SHF,100.0,420,24,5.7,12,19870830,19870912,0.012569833350554425,0.0757303326599287,0.023456754871414978,1.3617637903889275,1.320842479498667
1987WALLOW,145,WALLOW,1987,no,Forest,USF,SHF,96.05,1395,21,1.5,13,19870830,19870920,0.013758817098583152,0.0909725529480345,0.029943515628846135,1.3783296834076868,1.3312074382146526
1987YELLOW2,146,YELLOW #2,1987,no,Forest,USF,KNF,99.99,21741,2305,10.6,451,19870830,19871120,0.0046575503958154255,0.07234892406229723,0.01799060081764397,1.3706779941010894,1.352563625510106
1988ALASKA,156,ALASKA,1988,yes,Forest,NPS,YNP,0.0,770,8,1.1,4,19880818,19881119,0.02290064993302664,0.06058507738740206,0.039999995167177095,1.3567570747821014,1.3429504475993181
1988BUCKEYE,160,BUCKEYE,1988,yes,Forest,NPS,KNP,0.0,1290,302,23.4,255,19881016,19881023,0.004391343031381532,0.07987483870830475,0.013313609154529513,1.3762133549992825,1.3457515692688253
1988CALNF00000155,153,1988CALNF00000155,1988,no,Forest,USF,LNF,85.0,375,235,62.5,226,19880828,19880831,0.002191467937875301,0.010992394722981327,0.004916572195577245,1.2738531095046692,1.2607689386105794
1988CLEARINGHOUSE,163,CLEARHOUSE,1988,no,Forest,USF,STF,93.99,1021,36,3.5,10,19880702,19880708,0.01775141161210421,0.06863463642234588,0.031088932628171115,1.3670915717596237,1.3482224879612428
1988EAST_LECONTE,166,EAST LECONTE,1988,yes,Forest,NPS,YNP,0.0,1519,20,1.3,11,19880620,19881119,0.017779778318335385,0.09513780610338422,0.0403030245418812,1.3837467557511502,1.346637980700915
1988ECHO,167,ECHO,1988,yes,Forest,NPS,YNP,0.0,577,35,6.0,7,19880621,19881110,0.02589847633790417,0.08580449107925449,0.04675324804282034,1.3795287387405089,1.3675714501822733
1988ELBOW,170,ELBOW,1988,yes,Forest,NPS,YNP,0.0,184,3,1.7,3,19880810,19881110,0.018484734543546665,0.02857142708514836,0.02857142708514836,1.3134897803056749,1.3134897803056749
1988GARNET,172,GARNET,1988,no,Forest,USF,SNF,100.0,924,33,3.5,13,19880829,19880902,0.015611695238953891,0.05392732179939561,0.02967034295784833,1.3551194777121551,1.3319587493137681
1988HERMIT,175,HERMIT,1988,no,Forest,USF,SHF,97.71,3391,1158,34.1,356,19880928,19881002,0.0037014422246833306,0.07663020813281336,0.012477552907396631,1.3757392727428157,1.3422616324736236
1988LETTS,178,LETTS,1988,no,Forest,USF,MNF,96.15,1340,193,14.4,72,19881205,0,0.008722330249114852,0.072724449111165,0.021693123481687265,1.370629831829054,1.3336732766140338
1988LIGHTNING97,179,LIGHTNING #97 (BISON),1988,no,Forest,CDF,LMU,20.45,1386,769,55.5,689,19880810,0,0.0020196179878177404,0.08106907091853113,0.008617885688126058,1.3724005174035119,1.3603532505113192
1988OBELISK,181,OBELISK,1988,no,Forest,USF,SNF,99.91,3045,289,9.5,36,19880724,0,0.013244174419049112,0.07109865226636171,0.027521422004517265,1.3663652097454504,1.33802120518072
1988QUARTZITE,183,QUARTZITE,1988,yes,Forest,NPS,YNP,0.0,248,42,17.1,11,19880902,19881110,0.019263056617805616,0.06464868064853552,0.034961075132091166,1.3682921107825394,1.3533158278524982
1988SIMPSON,185,SIMPSON,1988,yes,Forest,NPS,KNP,0.0,492,10,2.0,7,19880721,19880831,0.02172239366959183,0.08311969858575664,0.03862927744933065,1.3829222534049541,1.373213307118172
1988USF05131988000061,148, ,1988,no,Forest,USF,SQF,97.29,286,67,23.5,33,19880704,19880705,0.00855451637980616,0.08746056329052129,0.02525658959827626,1.385381283432721,1.365881708476137
1988USFS_ASSIST3,188,USFS ASSIST 3,1988,no,Forest,CDF,NEU,87.89,244,7,3.1,5,19880327,0,0.02479928859226226,0.045208404552253736,0.03775093021798503,1.3621311569182055,1.3663252237248489
1988VERN,189,VERN,1988,yes,Forest,NPS,YNP,0.0,289,4,1.3,3,19880910,19881110,0.021096285880493323,0.06862179224447314,0.0356589107983439,1.3454100533872162,1.3170761690338852
1988WALKER,190,WALKER,1988,no,Forest,NPS,YNP,0.0,1247,283,22.7,176,19880620,19881110,0.004989103297791935,0.08027743650489558,0.014934517246795741,1.3707871430315501,1.3429411561890563
1989BALCH,193,BALCH,1989,no,Forest,USF,SNF,100.0,3584,574,16.0,161,19890729,19890809,0.008742663565765708,0.07644271588534099,0.021099010390516582,1.3731949044386234,1.3571865432877805
1989LAYMAN,197,LAYMAN,1989,no,Forest,USF,PNF,90.8,2012,580,28.8,212,19890906,19890912,0.005346766355730544,0.07953012904539176,0.014933903016018454,1.3751336590340357,1.3595478873694506
1989POWERHOUSE,202,POWDERHOUSE,1989,no,Forest,USF,SNF,62.04,4863,480,9.9,99,19890728,19890803,0.00914737855651592,0.07411134200468295,0.023813068442567004,1.371963037079636,1.36553525716143
1989RACK,203,RACK,1989,no,Forest,USF,PNF,100.0,1400,552,39.4,189,19890708,19890712,0.00613082914268632,0.07163175739626693,0.015303033472822282,1.3713528459577475,1.3584451122877266
1990A_ROCK,210,A-ROCK,1990,no,Forest,NPS,YNP,59.24,7281,2682,36.8,1513,19900807,19900821,0.0022898952646719373,0.07117182776832488,0.008868012948405049,1.3667595867680336,1.3430644955830602
1990AVALANCHE,211,AVALANCHE,1990,yes,Forest,NPS,KNP,0.0,1157,161,13.9,38,19900713,19901029,0.011647624476546811,0.07689887160820204,0.023934425676214052,1.3744511992854005,1.3432783325590327
1990BUTTES,214,BUTTES,1990,no,Forest,USF,TNF,68.18,122,44,36.3,41,19900807,19900813,0.006369873381833899,0.06970034265827259,0.014198777225269963,1.3629866760004012,1.319452891213895
1990CALNF00000109,207,1990CALNF00000109,1990,no,Forest,USF,LNF,100.0,136,71,51.9,71,19900911,19900913,0.005503228722757971,0.010969385856533627,0.010969385856533627,1.329811736540191,1.329811736540191
1990COTTONWOOD,216,COTTONWOOD,1990,no,Forest,CDF,TCU,85.83,991,326,32.9,205,19900913,0,0.004386000107017787,0.059814204156711695,0.012307692188142207,1.3599032035656617,1.3322315617488159
1990GREENHORN,221,GREENHORN,1990,no,Forest,USF,PNF,79.06,165,45,27.3,22,19900629,19900703,0.00903424781700613,0.05646519317534405,0.018217822300668478,1.3505525110239751,1.3113634736319122
1990KIRCH,222,KIRCH,1990,no,Forest,USF,SNF,95.36,1507,165,11.0,66,19900720,19900724,0.012139563306851611,0.06839064515587837,0.025755102248854213,1.3647378340558758,1.363431048122034
1990LAUREL_LAKE2,223,LAUREL LAKE 2,1990,no,Forest,NPS,YNP,0.0,336,5,1.4,1,19900813,19900820,0.04190780937672502,0.08289682251681645,0.06666666336690576,1.3795656246509527,1.3667602877622695
1990LONG_VALLEY,225,LONG VALLEY,1990,no,Forest,CDF,SHU,81.3,290,73,25.3,70,19900810,19900000,0.005261093008315285,0.04248193718452926,0.013024012769162268,1.350444957168306,1.3362274737300812
1990PIUTE,227,PIUTE,1990,no,Forest,NPS,YNP,0.0,224,14,6.1,3,19900813,19900914,0.028327476536555755,0.07854719731376417,0.04956140395683079,1.3677705428705542,1.3402985653887267
1990RECER,228,RECER,1990,no,Forest,USF,MNF,95.38,1389,207,14.9,74,19900808,19900902,0.008349162303107043,0.084749351380288,0.017604606692837525,1.383024416483269,1.3631924147604433
1990SAVAGE,229,SAVAGE,1990,no,Forest,USF,SNF,94.27,786,224,28.5,106,19900830,19900902,0.006954868845462928,0.05844256332355537,0.018148147523242713,1.3540970971780997,1.3447312282911197
1990STEAMBOAT,230,STEAMBOAT,1990,no,Forest,NPS,YNP,0.0,2470,338,13.7,132,19900807,19900820,0.006063068407020446,0.06977670944673876,0.014681489520015042,1.3708687094373853,1.340619996652408
1990STORMY,231,STORMY,1990,no,Forest,USF,SQF,98.39,9493,6114,64.4,5218,19900805,19900831,8.77966229165255e-4,0.08510689123966231,0.006473942007217058,1.379066430431661,1.4018014116373354
1990T_GROVE4,232,T-GROVE 4,1990,no,Forest,NPS,YNP,0.0,301,4,1.3,3,19900807,19900816,0.021834245951692366,0.055925916163091456,0.03851851041983062,1.3491621450118192,1.3239780662209546
1990WALKER,233,WALKER,1990,no,Forest,USF,PNF,100.0,472,134,28.4,93,19900806,19900808,0.006287072503962001,0.07309913086842466,0.015033557585819791,1.3741440408777303,1.334593932537585
1991BEAR,236,BEAR,1991,no,Forest,USF,MNF,100.0,339,15,4.5,13,19910128,19910201,0.015299395171276185,0.08097166628450396,0.029629648868399902,1.3740193362852662,1.3594346818744012
1991FROG,238,FROG,1991,yes,Forest,NPS,YNP,0.0,1232,32,2.6,4,19910906,19910921,0.027447537390286172,0.08208684664040222,0.04783427155681287,1.3708125643103322,1.3498646950221835
1991ILL,239,ILL,1991,no,Forest,NPS,YNP,0.0,1430,250,17.5,91,19910907,19910924,0.01024646970808991,0.06339382815119043,0.021424296497463986,1.3642683567618041,1.3655057538315287
1991ROCK,242,ROCK,1991,no,Forest,USF,SHF,94.0,451,240,53.2,231,19910918,19910922,0.003710613413674959,0.0894265451366287,0.009630461334684348,1.3879829232874354,1.3497338390199278
1992CALLBOX,248,CALLBOX,1992,no,Forest,USF,SQF,100.0,648,253,39.0,93,19920524,19920524,0.009312111837707332,0.07606432354210232,0.021522679550600055,1.3772453064787842,1.3825772992901406
1992CHAGOOPA,249,CHAGOOPA,1992,yes,Forest,NPS,KNP,0.0,255,17,6.7,5,19920715,19920920,0.01917239463470503,0.06562333906801379,0.034215167968268824,1.362533839608152,1.336606642368867
1992CLEVELAND,250,CLEVELAND,1992,no,Forest,USF,ENF,46.52,9258,5252,56.7,2307,19920929,19921012,9.664549650109338e-4,0.08066028624318149,0.006626376173126379,1.3718459776183112,1.3594427029091543
1992DOME,253,DOME,1992,no,Forest,NPS,YNP,0.0,100,15,14.9,7,19920621,19920627,0.01935787692976033,0.04122223391436785,0.03172691749392263,1.3599893038923352,1.3490570432054094
1992ITALIAN,256,ITALIAN,1992,no,Forest,USF,SNF,74.13,888,11,1.2,4,19920813,0,0.030754119277629725,0.09169241198423864,0.05470083538966508,1.3847903683544243,1.3623713882464512
1992MUD,258,MUD FIRE,1992,no,Forest,CDF,LMU,56.41,311,205,66.0,205,19920812,19920000,0.0027731572116768996,0.007009887922241698,0.007009887922241698,1.3176645681181423,1.3176645681181423
1992OSTRANDER,259,OSTRANDER,1992,yes,Forest,NPS,YNP,0.0,165,6,3.8,6,19920811,19920822,0.016698878756624874,0.05268816480274811,0.02952380546658628,1.3333890033604825,1.324774179719122
1992RAINBOW,260,RAINBOW,1992,no,Forest,USF,INF,92.22,3422,828,24.2,287,19920820,19920916,0.005122033068272222,0.072721113426959,0.0159661762218857,1.3727368239593538,1.3649724457078811
1992RATTLESNAKE,261,RATTLESNAKE,1992,yes,Forest,NPS,KNP,0.0,138,13,9.3,10,19920716,19921018,0.01490407853131673,0.08005520461743142,0.030769231043465836,1.3700973377012706,1.346028283697784
1992RUBY,262,RUBY,1992,no,Forest,USF,STF,77.43,1718,1209,70.4,1168,19920907,19920909,0.0011829704262593008,0.08554880720437366,0.006081231347076812,1.3761518733821225,1.359266243889117
1993BUCK_PEAK,267,BUCK PEAK,1993,yes,Forest,NPS,KNP,0.0,836,50,6.0,17,19930622,19931116,0.01841668931928812,0.06308269342423664,0.03268892822436381,1.3678937011882515,1.3519920062009696
1993ROAD,274,ROAD,1993,no,Forest,USF,ENF,62.05,128,17,13.1,8,19930510,19930512,0.016827264285541148,0.07203470109006849,0.029946514989991697,1.3657373714528973,1.3381170324739222
1994BARKLEY,280,BARKLEY,1994,no,Forest,CDF,TGU,71.4,18124,544,3.0,332,19940918,0,0.004326997372443224,0.08170102610942366,0.017509195756686448,1.3770014305958385,1.3695820462888062
1994BEAR,281,BEAR,1994,no,Forest,USF,KNF,100.0,834,197,23.6,161,19940721,0,0.0030304678060232414,0.07489355490283668,0.009960638379141237,1.3701341478226092,1.3025211653489537
1994BIG_CREEK,282,BIG CREEK,1994,no,Forest,USF,SNF,99.54,2383,546,22.9,187,19940824,19940902,0.006123868930954934,0.07287396686987763,0.016696774273938782,1.3684829616442449,1.3357228701105535
1994COTTONWOOD,284,COTTONWOOD,1994,no,Forest,USF,TNF,74.15,19621,8780,44.7,4805,19940816,19940831,0.0015118615868762368,0.07529710251430494,0.009271941269469591,1.3704484845091056,1.3953285671828493
1994CREEK,285,CREEK,1994,no,Forest,CDF,TCU,85.25,591,103,17.4,77,19940809,0,0.00781180813869203,0.0815382557535468,0.01935113551536645,1.3776342717069552,1.3520761399307215
1994FOUR_LANE,290,FOUR LANE,1994,no,Forest,CDF,FKU,93.3,90,23,25.8,23,19940730,0,0.013598707578967804,0.07730248262878246,0.02170540041404354,1.3920585114419524,1.3766468105326193
1994HIRSCHDALE,292,HIRSCHDALE,1994,no,Forest,USF,TNF,79.18,445,99,22.2,41,19940811,19940822,0.01075423660573778,0.07365922128906462,0.025393942828127205,1.3738927031474826,1.334414745876463
1994HORIZON,293,HORIZON,1994,yes,Forest,NPS,YNP,0.0,1337,66,4.9,21,19940531,19940819,0.013682605745735122,0.06451626778606467,0.026867028785098175,1.3536773479114645,1.3213154021225333
1994JACK1,295,JACK #1,1994,no,Forest,USF,KNF,100.0,11305,1252,11.1,154,19940721,19940810,0.008482028352712332,0.07618663257004363,0.021948774864207106,1.3743216625225239,1.346336005943281
1994LUCAS4,298,LUCAS #4,1994,no,Forest,USF,SQF,78.79,2808,820,29.2,270,19940627,19940702,0.007521431535018458,0.07126294996862788,0.023721527926907505,1.374594899026525,1.3865510697855432
1994SPECIMEN,306,SPECIMEN,1994,no,Forest,USF,KNF,100.0,3432,997,29.0,446,19940918,19941012,0.0032650160788158878,0.07539085524189651,0.010909414810175095,1.3730766547068187,1.346082891247421
1994SUGARFOOT,307,SUGARFOOT,1994,no,Forest,USF,MNF,86.97,1106,162,14.7,46,19940827,19940910,0.009243089823483177,0.0729989808102781,0.024222347264785244,1.3732765842482593,1.3435172538640012
1995CASTLE,313,CASTLE WF,1995,no,Forest,NPS,KNP,0.0,736,17,2.3,3,19951109,19951211,0.03447402417080949,0.08303841281447706,0.05719298607415092,1.3784220527845183,1.3683028898648908
1995HELESTER,316,HELESTER,1995,no,Forest,USF,TNF,100.0,258,55,21.5,55,19950811,19950816,0.005671112490138621,0.06773206398178544,0.013419909672174667,1.3641891736253846,1.3395035928355172
1995PONY,320,PONY,1995,no,Forest,USF,KNF,100.0,852,179,21.0,146,19950801,19950815,0.0034692196445757773,0.06851628986109891,0.01295180522655959,1.3719834876826502,1.2949439322750915
1996ACKERSON,327,ACKERSON,1996,no,Forest,NPS,YNP,18.97,24123,4078,16.9,319,19960814,0,0.005388434033367894,0.07836287438396695,0.017236654162884793,1.3763567425596464,1.338141372682376
1996BIG_ARROYO,333,BIG ARROYO,1996,yes,Forest,NPS,KNP,0.0,1410,48,3.4,7,19960802,19961105,0.024747469604976983,0.07246001253093601,0.044444444831662294,1.3703964521707246,1.3506773381727102
1996BOREL,335,BOREL,1996,no,Forest,USF,SQF,100.0,1099,130,11.8,71,19960801,19960805,0.008830120828423027,0.0805618218947703,0.021124828678643386,1.3728276831247805,1.349424099610109
1996CASTLE_COMPLEX,337,CASTLE COMPLEX,1996,no,Forest,NPS,KNP,0.0,1148,48,4.2,11,19960726,19961105,0.017416154424697617,0.07291054057516277,0.0322097370559242,1.3709587351275379,1.34590502489225
1996DIXIE,342,DIXIE FIRE,1996,no,Forest,CDF,LMU,50.68,576,289,50.2,285,19960816,0,0.002557877349957879,0.07511757465066608,0.007772610656469649,1.3764463064720611,1.3367643615619735
1996FORK,345,FORK,1996,no,Forest,USF,MNF,74.47,33673,12366,36.7,2848,19960811,19960907,0.0024089773634010324,0.0800246147755295,0.014919567047571802,1.3794932344323416,1.3909073942290335
1996HOSPITAL,350,HOSPITAL,1996,no,Forest,NPS,KNP,0.0,119,28,23.3,15,19960728,19960810,0.011618712006548364,0.05719731424884516,0.019633227438112515,1.3563772046233813,1.3327445536187386
1996ILL,351,ILL,1996,yes,Forest,NPS,YNP,0.0,233,3,1.3,1,19961001,19961023,0.039606385754111385,0.09469139483927794,0.06274508889901453,1.38807994737169,1.3724406239987432
1996KAWEAH,352,KAWEAH,1996,no,Forest,NPS,KNP,0.0,1824,426,23.4,190,19960813,19960825,0.006751169111270614,0.08259457858559945,0.016933638586408284,1.3776834947289935,1.3750834472527989
1996KENDRICK,353,KENDRICK,1996,yes,Forest,NPS,YNP,0.0,344,7,2.1,6,19960810,19960000,0.017292337669804578,0.06412700099945753,0.031223625694467082,1.3679969762834148,1.3425470985588264
1996KIBBIE,354,KIBBIE,1996,no,Forest,NPS,YNP,56.01,118,9,7.8,9,19960814,19961120,0.01552640317242496,0.0470176372633294,0.03006534534543215,1.3735872643355667,1.3672802951201342
1996MADDALENA,355,MADDALENA,1996,no,Forest,USF,PNF,53.9,1819,408,22.4,83,19960725,19960730,0.012495892409939036,0.07137489286435682,0.025655597846157494,1.3716521466295468,1.3703815106387078
1996ROCK,360,ROCK,1996,no,Forest,USF,SHF,100.0,1042,23,2.2,12,19960813,19960821,0.015061874507625642,0.08020423613803979,0.03116217160334823,1.3718957286639242,1.3447454731418462
1996ROGGE,361,ROGGE,1996,no,Forest,USF,STF,92.75,8561,470,5.5,147,19960814,19960831,0.009187532230551642,0.07662902705126094,0.023911380464068707,1.3719755942563996,1.352226441173296
1997AMPHITHEATER,370,AMPHITHEATER,1997,no,Forest,NPS,KNP,0.0,101,2,1.8,1,19970923,19970930,0.043757934638097636,0.07280422483306292,0.06666665750535124,1.3849616968153322,1.3801645316528108
1997CHOKE,373,CHOKE,1997,no,Forest,USF,SQF,99.93,1592,517,32.5,372,19970806,19970812,0.0031353186550197912,0.07416958062705373,0.013430084512843854,1.3699146306578496,1.360252809840669
1997HUFFER,377,HUFFER,1997,no,Forest,NPS,LNP,0.0,927,192,20.7,130,19970730,19970817,0.004429343022649079,0.052507500277843094,0.012041803516388108,1.3514393529384177,1.317897082496672
1997JACKS,378,JACKS,1997,no,Forest,USF,SQF,98.94,2320,1501,64.7,1482,19970808,19970818,0.0012744499369877758,0.08448923874783983,0.005641271368317235,1.3783579627995464,1.3626238124624621
1997MAYBERT,380,MAYBERT,1997,no,Forest,USF,TNF,58.09,206,50,24.4,49,19970521,19970523,0.0049290054397192265,0.0705891690959287,0.011350058371309759,1.3548920094443724,1.300269147639742
1997SUGARLOAF,383,SUGARLOAF,1997,yes,Forest,NPS,KNP,0.0,135,7,5.1,5,19970815,19971026,0.013485601241025302,0.09527061451360673,0.032900437858485836,1.3765552234628766,1.300254231956054
1998ROUGH,389,ROUGH,1998,no,Forest,USF,SNF,100.0,379,8,2.0,2,19981020,19981022,0.03655654787146435,0.07703146479799586,0.0603921698730489,1.3699738470372183,1.3573198926260426
1999BELL_WEST,392,BELL WEST,1999,no,Forest,USF,MDF,79.67,941,84,9.0,46,19990522,19990526,0.008070289749148644,0.08788527800945373,0.015557900052035332,1.3842314501583377,1.3388281199901997
1999BOHEMOTASH,394,BOHEMOTASH,1999,no,Forest,USF,SHF,45.79,2309,195,8.4,37,19990823,19990907,0.013345716633753666,0.07372134742053076,0.02876837973031778,1.3758211935104463,1.3522019464476813
1999BUCKS,396,BUCKS,1999,no,Forest,USF,PNF,80.83,13893,1377,9.9,107,19990823,19991010,0.009974217535219062,0.07406590850373146,0.022336345042492465,1.3702588273753231,1.3507867562634028
1999CINDER,398,CINDER,1999,no,Forest,USF,LNF,42.05,298,107,35.9,106,19990817,19990822,0.005186572516924285,0.02373240393439695,0.009708189124757032,1.317197867699626,1.3263703347329965
1999DEER,400,DEER,1999,yes,Forest,USF,STF,100.0,140,4,2.9,2,19990806,19990806,0.02930516653006167,0.06648479434752515,0.049275451056214496,1.3575872003990819,1.34959457639385
1999DEVILSGAP,402,DEVILS GAP,1999,no,Forest,USF,PNF,97.88,606,177,29.3,147,19990822,19990828,0.0050143636361251924,0.06557117291353744,0.012022968478502961,1.3763175621144466,1.3441918518311824
1999EAST,405,EAST,1999,no,Forest,USF,KNF,100.0,475,122,25.8,76,19990724,19990810,0.008369457228248235,0.06735040180044718,0.01940371568998373,1.3743008809684651,1.3479362159211539
1999GUN2,411,GUN II,1999,no,Forest,CDF,TGU,55.92,24609,1032,4.2,348,19990928,19991006,0.004646391386152441,0.07263885099177159,0.014968220642219013,1.369985190814341,1.3513399221542597
1999HIGH,412,HIGH,1999,no,Forest,USF,SHF,38.62,1332,105,7.9,30,19990823,19991005,0.013104858817599215,0.08441137837115907,0.028701326486547375,1.3804698237215356,1.365032643486055
1999HIRAM,413,HIRAM,1999,yes,Forest,USF,STF,100.0,1118,110,9.8,45,19990810,0,0.011376175500102344,0.07914243412177813,0.0263172352662111,1.3742945164665534,1.3482800252752831
1999HORTON2,414,HORTON 2,1999,no,Forest,USF,PNF,97.96,1643,365,22.2,90,19990824,19990907,0.010217320171258643,0.0695629926757389,0.022456829291273045,1.3714755737779962,1.3545913576427921
1999JACKASS,415,JACKASS,1999,no,Forest,USF,SHF,90.91,2217,50,2.3,10,19990823,19990907,0.020738305744506736,0.07927636687532107,0.03835125549491164,1.3735771409841304,1.35149371313703
1999LOOKOUT,424,LOOKOUT,1999,no,Forest,USF,PNF,92.33,1062,124,11.6,65,19990823,19991010,0.007782336137172318,0.06657973200265968,0.02047930065495897,1.3603595428770732,1.3234422914523982
1999LOST_BEAR,425,LOST BEAR,1999,yes,Forest,NPS,YNP,0.0,868,9,1.0,3,19990711,19991122,0.02845506851426915,0.08486822004857911,0.05085910116041901,1.3824856718889798,1.3636964613197102
1999LOST_VALLEY,426,LOST VALLEY,1999,no,Forest,NPS,YNP,0.0,363,33,9.0,6,19991106,19991108,0.023434303248339755,0.06738204097484952,0.039999998434457784,1.3655716687952102,1.344643586165951
1999LUNCH,428,LUNCH,1999,no,Forest,USF,SHF,88.54,825,34,4.1,17,19990823,19991005,0.014236161526240824,0.0770793275098385,0.032888912527155145,1.3713201120683218,1.3345761845933006
1999MEGRAM,429,MEGRAM,1999,no,Forest,USF,SHF,98.26,50779,7042,13.9,618,19990000,0,0.005382711826193584,0.06982400872636865,0.01611380341391618,1.3659269546636104,1.3471826240550666
1999ONION,433,ONION,1999,no,Forest,USF,SHF,99.12,6775,237,3.5,85,19990823,19990901,0.010164003893074461,0.0773370761607624,0.02663645310118843,1.3718246002270933,1.336629631064866
1999PIDGEN,435,PIDGEON,1999,no,Forest,USF,PNF,95.79,1916,169,8.8,31,19990823,19990917,0.011692984164855551,0.07207727722339241,0.024037944850223213,1.367645806060287,1.3404489210317792
1999PILOT,436,PILOT,1999,no,Forest,USF,STF,95.95,1647,734,44.5,348,19990823,19990830,0.004274026309116564,0.07347123951084551,0.010861971475068802,1.3689387021641244,1.3620583254430563
1999REPTILE,440,REPTILE,1999,no,Forest,USF,SHF,95.35,735,134,18.2,24,19990823,19991005,0.011435987960789058,0.055743539859784974,0.0241939122648789,1.3588464025987934,1.3410383994816275
1999RICHBAR_CMPLX,441,RICHBAR COMPLEX,1999,no,Forest,USF,SQF,76.87,1027,386,37.6,238,19990908,19990911,0.005317936937408294,0.07686882219494107,0.018342964122109316,1.3825136604219672,1.3714917452047886
1999SHEEP1,442,SHEEP #1,1999,no,Forest,USF,SHF,52.56,5019,500,10.0,145,19990000,19990000,0.005893411278206974,0.08195435640838522,0.017182127792302906,1.378071105702058,1.351440254914809
1999SHEEP2,443,SHEEP #2,1999,no,Forest,USF,SHF,78.13,1059,111,10.5,54,19990823,19990919,0.009970342463267326,0.07769360523615085,0.01998928792529821,1.3707874574949617,1.346086609266193
1999STAG,446,STAG,1999,no,Forest,USF,PNF,100.0,190,6,3.2,5,19990823,19990906,0.02791260689397131,0.06252530545706347,0.044117662978113,1.3947183545027828,1.3935952597736072
1999SUGAR,447,SUGAR,1999,no,Forest,USF,SHF,79.5,2065,120,5.8,22,19990823,19990907,0.018302696694918484,0.08449742779138313,0.03753122918032593,1.3792190465665115,1.348715297982357
2000ARNOT,454,ARNOT,2000,yes,Forest,USF,STF,100.0,252,6,2.2,2,20000628,20000802,0.027235801763265538,0.07857778360304725,0.043386229364235016,1.3726392723400036,1.3500456636239826
2000BARK,457,BARK,2000,no,Forest,USF,KNF,52.15,764,241,31.5,111,20000721,20000728,0.005779607784312676,0.07147123905026026,0.015817525134226587,1.3687499697547982,1.3184693651468802
2000CABBAGE,458,CABBAGE,2000,no,Forest,USF,MNF,99.85,587,19,3.3,3,20000325,20000405,0.030387691156423747,0.08683151134374158,0.05426353628300384,1.3786948339325833,1.3592030277974771
2000HIGHWAY,464,HIGHWAY,2000,no,Forest,CDF,FKU,80.43,273,29,10.7,15,20000813,0,0.012883296720044459,0.07242058212987228,0.02716049460557122,1.3664857827083592,1.3305992200544294
2000JOURNEY,465,JOURNEY,2000,no,Forest,USF,SRF,78.32,418,106,25.4,46,20001007,20001013,0.00910738716928552,0.08130300697051224,0.021070521417075935,1.3739848176061566,1.332228186326086
2000MANTER,467,MANTER,2000,no,Forest,USF,SQF,69.69,32061,13978,43.6,8011,20000722,20000906,0.0010023495992267017,0.0838770868259933,0.010831433252663222,1.3779820976077306,1.4097597943447941
2000SAWMILL,474,SAWMILL,2000,no,Forest,USF,INF,100.0,133,15,11.1,6,20000803,20000813,0.026317937203072357,0.05961418882258475,0.04161615726961654,1.3632060012176792,1.3703792877188357
2000STORRIE,476,STORRIE,2000,no,Forest,USF,PNF,92.1,22806,6273,27.5,1869,20000817,20000927,0.0022934135449543718,0.07146244743654916,0.009449909455711603,1.3674753448336046,1.3454630013891564
2000TOWN,477,TOWN,2000,no,Forest,USF,MNF,95.03,459,125,27.3,104,20000331,20000401,0.006133770573845057,0.08826592191685959,0.016654709334699522,1.388087255619358,1.358827659154516
2001BELL,479,BELL,2001,no,Forest,USF,MDF,100.0,1236,409,33.1,222,20010808,20010819,0.004812969952489188,0.07645456598260708,0.01787660732346292,1.370704399184276,1.3452981012586633
2001BLUE,480,BLUE,2001,no,Forest,USF,MDF,95.18,13926,4086,29.3,1535,20010808,20010821,0.00366394107902322,0.06721372799194272,0.012675687619835672,1.363776966873615,1.3703341173402765
2001BRICEBURG,481,BRICEBURG,2001,no,Forest,USF,SNF,74.12,300,44,14.8,28,20010724,20010806,0.01151873821113604,0.04112664871325645,0.023076904682802813,1.3389463787957274,1.3310718501666434
2001BURNT,482,BURNT,2001,yes,Forest,NPS,KNP,0.0,948,84,8.9,22,20010730,20011217,0.015390323874290162,0.07258357802944905,0.030510898709935556,1.3747327017368656,1.356766771952687
2001DARBY,486,DARBY,2001,no,Forest,CDF,TCU,75.29,5830,1273,21.8,253,20010905,20010924,0.006228910566232413,0.07077246591174936,0.017270287008303346,1.3696344692066356,1.3709044913942423
2001GAP,489,GAP,2001,no,Forest,USF,TNF,55.53,1013,663,65.5,663,20010812,20010820,0.0018421570913875467,0.07075732029493563,0.005360990915351854,1.377192191123888,1.3319665269646153
2001HIGHWAY,491,HIGHWAY,2001,no,Forest,USF,SQF,80.63,1691,169,10.0,32,20010703,20010930,0.015286131209540765,0.06619416405887311,0.029699838321026018,1.3633868317039062,1.3557175893101872
2001HOOVER,493,HOOVER,2001,yes,Forest,NPS,YNP,0.0,3054,317,10.4,80,20010710,20011115,0.009839495014862823,0.07546693871145248,0.022434636381329007,1.3685826159193946,1.340847021718404
2001HYAMPOM,494,HYAMPOM,2001,no,Forest,USF,SHF,96.92,481,135,28.1,79,20010831,20010903,0.005955528572772276,0.0665568535441723,0.013519507013359324,1.361187895578227,1.3167297344856757
2001JONES,495,JONES,2001,no,Forest,USF,KNF,92.73,637,77,12.1,18,20010509,20010515,0.013530017762380761,0.0692089083602119,0.029724489534738597,1.3664530702589137,1.3375514337137682
2001MOORE,499,MOORE,2001,no,Forest,CDF,TCU,100.0,238,10,4.2,6,20011027,20011030,0.020896724176925695,0.06591477203789983,0.03272730074452986,1.3772689913020362,1.3628782716960064
2001MUSIC,500,MUSIC,2001,no,Forest,USF,SNF,95.04,93,3,3.7,1,20010817,20010821,0.04181319814468663,0.08729723080151441,0.06842116538062472,1.3822328274667108,1.369222096587072
2001NORTH_FORK,501,NORTH FORK,2001,no,Forest,USF,SNF,93.83,1697,471,27.8,141,20010820,20010903,0.004902206582411947,0.06535503442657534,0.015231954114859118,1.364189364277634,1.318943131504381
2001OREGON,502,OREGON,2001,no,Forest,CDF,SHU,51.29,693,396,57.2,378,20010828,20010902,0.0030292321005738936,0.08672817929852432,0.008555507948161067,1.380488216182119,1.3414329903905033
2001ROCK,505,ROCK,2001,no,Forest,USF,MDF,100.0,711,73,10.3,15,20010808,20010817,0.019757891167994767,0.07270730914723791,0.03611793911249734,1.3776554690963443,1.361154759868913
2001ROCK_CREEK,506,ROCK CREEK,2001,no,Forest,USF,TNF,100.0,231,50,21.8,44,20010510,20010514,0.006340533261351877,0.0693652058324801,0.014430527418589193,1.3708492439531303,1.3160221461618309
2001STAR,510,STAR,2001,no,Forest,USF,ENF,71.75,6842,2424,35.4,1055,20010824,20010825,0.0021851566713792384,0.06538273417568308,0.010146051229143563,1.3616978167480147,1.345156777754344
2001STREAM,511,STREAM,2001,no,Forest,USF,PNF,100.0,1469,797,54.2,627,20010725,20010803,0.0022081427576249165,0.07567688870629029,0.01005231872195514,1.3735738362059151,1.3790388442958257
2001SWILLUP2,512,SWILLUP II,2001,no,Forest,USF,KNF,98.74,3327,328,9.9,86,20010915,20011030,0.008712054815012821,0.07782839017483731,0.024449294111528623,1.3737179950320078,1.3411731465033956
2001TREASURE,514,TREASURE,2001,no,Forest,USF,TNF,87.83,152,38,24.9,34,20010910,20010914,0.00636002096257533,0.057824924516103826,0.014972407664678052,1.348766042521091,1.3011898291044832
2001TROUGH,515,TROUGH,2001,no,Forest,USF,MNF,96.03,10242,3188,31.1,773,20010808,20010820,0.003191498727484599,0.0775703732320648,0.013340705966399689,1.3742592892476073,1.3665667208511572
2001WHITE,517,WHITE,2001,no,Forest,USF,STF,99.92,101,26,25.3,26,20010819,20010823,0.010180945832913915,0.018479537754754215,0.018479537754754215,1.359112234479284,1.359112234479284
2001WHITE_SQF,518,WHITE,2001,no,Forest,USF,SQF,100.0,138,6,4.4,4,20010512,20010612,0.022043229716983255,0.03412383063098329,0.03333333754542356,1.3408993267201268,1.3447379715106675
2002CONE,527,CONE,2002,no,Forest,USF,LNF,83.06,824,338,41.0,308,20020926,20020930,0.0033694872015756637,0.06843439334003487,0.00999202720722381,1.3694141840608938,1.3491255731796516
2002FORKS,534,FORKS,2002,no,Forest,USF,KNF,99.37,580,152,26.2,100,20020609,20020613,0.00787416982685752,0.0830912118116279,0.018525066931482197,1.3813300385499692,1.3575487999657028
2002GONDOLA,538,GONDOLA,2002,no,Forest,USF,TMU,60.69,260,50,19.2,14,20020703,20020710,0.013744179585831596,0.05901356505676688,0.023826698719809355,1.3468013764581204,1.3240404021064371
2002MCNALLY,543,MCNALLY,2002,no,Forest,USF,SQF,99.04,61516,16836,27.4,2577,20020721,20020828,0.0026026892100410775,0.07376562004576641,0.012450937753085364,1.3695355680549006,1.3583132208253261
2002PALISADE,545,PALISADE,2002,yes,Forest,NPS,KNP,0.0,612,111,18.2,34,20020826,20021110,0.013571123194316533,0.07352757969271323,0.028109853012809473,1.376294721641521,1.353205584117198
2002PIUTE,548,PIUTE,2002,no,Forest,USF,INF,100.0,158,44,27.5,12,20020924,20021020,0.017088273020388327,0.04510283122787546,0.02935527880818126,1.3525532543738465,1.3530185551763445
2002PLUM,549,PLUM,2002,no,Forest,USF,ENF,54.75,745,40,5.4,7,20021112,20021220,0.022024386436608274,0.06411065801081563,0.03888889207330056,1.3640748194047723,1.3459260804934854
2002SAINTPAULI,552,SAINT PAULI,2002,no,Forest,USF,ENF,94.03,133,17,13.2,17,20020726,20020730,0.008295657814988,0.07242826952386432,0.018900326349737765,1.3574425969308197,1.3268254653337697
2002SHOWERS,553,SHOWERS,2002,no,Forest,USF,TMU,100.0,117,31,26.4,14,20020819,20020825,0.011793435243588658,0.05359089300222352,0.02241717355646988,1.3455752800030902,1.3179496662107886
2002SPI3SOURGRASS,555,SPI #3 SOURGRASS,2002,no,Forest,CDF,TCU,55.32,271,9,3.3,3,20021125,20021130,0.02813499887131016,0.07641161931833731,0.047333323480083,1.3726062262319068,1.3522842062168194
2002STANZA,556,STANZA,2002,no,Forest,USF,KNF,100.0,1171,220,18.8,57,20021125,20021130,0.008536857933272562,0.06861614963513721,0.02296326305934748,1.3681530871699106,1.3570716365639448
2003ALBANITA,561,ALBANITA,2003,yes,Forest,USF,SQF,100.0,928,97,10.5,24,20030903,20031031,0.014708446834839916,0.056954552012006804,0.02650601965592181,1.3531917078780733,1.3543698428045599
2003COD_FISH,567,COD FISH,2003,no,Forest,USF,TNF,100.0,341,14,4.3,7,20030831,20030910,0.01639549561436527,0.08428916038739356,0.031470001267772905,1.3631882474810808,1.3152426604864345
2003COONEY,568,COONEY,2003,yes,Forest,USF,SQF,100.0,818,164,20.1,47,20030731,20030825,0.009319390662948986,0.06701116100823366,0.01955409019989509,1.3630250777466326,1.3476502801395818
2003DEAFY,570,DEAFY,2003,no,Forest,USF,MNF,100.0,1964,826,42.1,402,20030701,20030703,0.0046210892404101285,0.08585322664006068,0.01283214696389293,1.3817073387046452,1.3769946513495581
2003DEXTER,572,DEXTER,2003,yes,Forest,USF,INF,100.0,995,74,7.4,26,20030902,20031013,0.013480130579427327,0.0697494241715122,0.026422757715333353,1.3715093686986473,1.3612967380550176
2003HAPPY_CAMP,574,HAPPY CAMP,2003,no,Forest,USF,MNF,100.0,622,13,2.0,5,20030903,20030915,0.025484188896530844,0.0831186473894719,0.04556352963842148,1.3789684323338245,1.3582514953300702
2003HOOKER,578,HOOKER,2003,yes,Forest,USF,SQF,100.0,969,48,5.0,18,20030903,20031031,0.014135461042736053,0.079407622444056,0.03185727988475304,1.373646943982589,1.3387910893404456
2003KIBBIE,579,KIBBIE CMPLX,2003,yes,Forest,NPS,YNP,53.03,2788,497,17.8,73,20030729,20031107,0.012164022634249936,0.07000643400587021,0.025076785414070487,1.3704544125084044,1.3621091683011113
2003LOMA,581,LOMA,2003,no,Forest,USF,SHF,99.65,1516,125,8.3,59,20030914,20030922,0.007595385861896175,0.07678755439187304,0.020391593468130916,1.372474630127934,1.3160233916976773
2003MOUNTAIN,583,MOUNTAIN CMPLX,2003,yes,Forest,USF,STF,100.0,1708,153,9.0,36,20030720,20031002,0.01536769125238786,0.07228797387975976,0.033216370040263614,1.3721158975823462,1.3726347819842206
2003MUD,584,MUD,2003,yes,Forest,USF,STF,100.0,1761,481,27.3,101,20030831,20031027,0.007999921347464245,0.07118678718937975,0.02132253876700047,1.3726705166623085,1.3487444802063868
2003SNAKE_CARGYLE2,592,SNAKE/CARGYLE2,2003,no,Forest,USF,SNF,100.0,336,15,4.5,10,20030903,20031120,0.012719450299755866,0.022636078795146224,0.021696251169103502,1.3201210697781312,1.3215432406220078
2003SPANISH,593,SPANISH,2003,no,Forest,USF,MNF,100.0,2487,877,35.3,528,20030927,20030928,0.00221788434649691,0.07477876304099278,0.01137962663641067,1.3748951802307436,1.320179548554897
2003SUMMIT,594,SUMMIT,2003,yes,Forest,USF,INF,99.99,2420,344,14.2,63,20030825,20031018,0.00950216803742595,0.06870771200924275,0.021730943344177283,1.3651045070310197,1.349474455147865
2003TUOLUMNE,595,TUOLUMNE,2003,no,Forest,NPS,YNP,0.0,1456,174,11.9,49,20030831,20031107,0.011292662373896473,0.06859043568820554,0.024308060129645464,1.3628370124253133,1.341121424285841
2003WEST_KERN,596,WEST KERN,2003,yes,Forest,NPS,KNP,55.82,3233,76,2.3,19,20030821,20031115,0.01581847577364304,0.0768381673744488,0.0316249670884622,1.369902409067444,1.3407097724386206
2003WHISKEY,597,WHISKEY,2003,yes,Forest,NPS,YNP,0.0,455,61,13.4,14,20030731,20031107,0.01280762625133027,0.0733674179419134,0.025753155321928133,1.364270993260527,1.3234914348966949
2003WHIT,598,WHIT,2003,yes,Forest,USF,STF,100.0,423,35,8.2,11,20030831,20031027,0.019468953204840614,0.07236927344671576,0.03730565783667984,1.3696114756165392,1.3494024337506474
2003WILLIAMS,600,WILLIAMS,2003,yes,Forest,NPS,KNP,0.1,1478,48,3.2,18,20030728,20031015,0.014487137925207599,0.07433491232372916,0.03126175345108269,1.364303474453478,1.3243133311340956
2004BEAR,602,BEAR,2004,no,Forest,CDF,SHU,34.13,4226,679,16.1,372,20040811,0,0.00317634296886196,0.07633168024336612,0.013923338111707876,1.3717978330634863,1.37040136206736
2004BLUFF,603,BLUFF,2004,yes,Forest,NPS,LNP,0.0,1379,81,5.9,12,20040628,20041020,0.019188898652138922,0.08962016107079443,0.03751387095488911,1.3829067392891936,1.3550701741153997
2004COTTONWOOD,605,COTTONWOOD,2004,no,Forest,USF,PNF,100.0,258,21,8.0,16,20040504,20040510,0.010194878073712329,0.0604985181350063,0.022998550567731806,1.3604304229932667,1.3098933518722915
2004CRAG,606,CRAG,2004,no,Forest,USF,SQF,100.0,352,94,26.7,47,20040616,20040702,0.007175812917477797,0.0708326216859016,0.016984730742789864,1.3611105618212267,1.3110421819520077
2004EARLY,610,EARLY,2004,no,Forest,USF,STF,100.0,700,161,23.0,93,20040809,20041026,0.007431483343618154,0.08259162962726994,0.021691654349311824,1.3749654075990425,1.3753089358302109
2004EDDY54,612,EDDY 54,2004,no,Forest,USF,KNF,99.83,377,4,1.2,2,20040410,0,0.03140956832067516,0.0861241668723025,0.05466663260598622,1.3812160004558776,1.3545403799917712
2004FREDS,614,FREDS,2004,no,Forest,USF,ENF,56.9,3148,1602,50.9,1280,20041013,20041017,0.001656589269374407,0.07396213838108513,0.008050018388621637,1.367611310602249,1.363163936317495
2004HETCHY,618,HETCHY,2004,no,Forest,NPS,YNP,0.0,784,148,18.9,54,20041015,20041018,0.014171876976049071,0.08332311186596408,0.028751974649235196,1.384703303496843,1.383757971030828
2004HOT_SPRINGS,619,HOTSPRINGS,2004,yes,Forest,NPS,KNP,0.0,135,49,36.5,41,20040812,20041018,0.007074177246538932,0.08074665213999625,0.020634922440278747,1.372990008431884,1.3561126984381517
2004MEADOW,623,MEADOW WFU,2004,yes,Forest,NPS,YNP,0.0,2036,292,14.3,38,20040630,20040730,0.01258749414598375,0.06176842975771095,0.024770078911771822,1.358969197156484,1.346174368498918
2004NEHOUSE,624,NEHOUSE,2004,no,Forest,USF,SNF,100.0,105,18,17.6,9,20040911,20040915,0.012795687888351559,0.05451388890405963,0.02222223480008243,1.3505233435228163,1.3164744566875213
2004POWER,629,POWER,2004,no,Forest,USF,ENF,79.89,6857,2573,37.5,1701,20041006,20041021,0.002896418152664059,0.07102370784407282,0.011421247573459989,1.366485547342603,1.390883520838185
2004SIMS,632,SIMS,2004,no,Forest,USF,SRF,80.45,1633,794,48.6,754,20040727,20040815,0.0014769132905692356,0.06961283024837242,0.005912702319199479,1.3661686788091085,1.3119971340282102
2004SOURCE,633,SOURCE,2004,no,Forest,USF,SNF,100.0,158,16,10.1,16,20040616,20040622,0.009104851404582951,0.09482361674369964,0.019101112572934308,1.3807541880147645,1.32798592433901
2004STRAYLOR,635,STRAYLOR,2004,no,Forest,CDF,LMU,95.73,1341,526,39.2,239,20040722,20040729,0.004783410561611749,0.07932516335903736,0.011744035824578655,1.3710620293309481,1.3389790238275479
2004TUOLUMNE,636,TUOLUMNE,2004,no,Forest,USF,STF,93.44,293,139,47.2,130,20040912,20040917,0.0038610150953997113,0.059197600703738966,0.010967185582596064,1.35478126543735,1.3380236172174762
2005COMB,641,COMB,2005,yes,Forest,NPS,KNP,11.15,4143,398,9.6,73,20050722,20051201,0.011818367876474343,0.08126827694144287,0.027466844951509774,1.3783711566174504,1.356776853037411
2005CRAG,643,CRAG,2005,yes,Forest,USF,SQF,100.0,584,19,3.3,9,20051015,20050724,0.018992292060503416,0.08359566253184636,0.04135796815575103,1.3776465016390906,1.3465568490871487
2005DEER,644,DEER,2005,no,Forest,USF,MNF,68.26,720,380,52.7,371,20050809,20050818,0.002908817213139858,0.08302531222949916,0.007933880648569917,1.379372951598128,1.3436404840586156
2005HARDING,646,HARDING,2005,no,Forest,USF,TNF,64.77,931,448,48.2,271,20050824,20050827,0.0037164809589256237,0.07861215171705585,0.011797419893549098,1.369009224211946,1.3580640570835183
2005HOGBACK,647,HOGBACK,2005,no,Forest,USF,INF,100.0,270,19,7.1,15,20050722,20050805,0.00868706215826202,0.06127011851491605,0.01940530798593598,1.3537901685268137,1.292909546576414
2005LAUREL,650,LAUREL,2005,yes,Forest,NPS,YNP,0.0,195,7,3.5,6,20050926,20051104,0.018726217777706472,0.08182794574418312,0.035555550669288866,1.3773725023567276,1.3397102590918601
2005WAPAMA,655,WAPAMA,2005,yes,Forest,NPS,YNP,0.0,428,8,1.9,4,20050926,20051104,0.025156384380970745,0.10261136871444689,0.052272722018942945,1.3879300991280226,1.35235434671761
2005WOOLEY,657,WOOLEY,2005,no,Forest,USF,KNF,100.0,1352,88,6.5,15,20050920,20050921,0.01606717033982952,0.06478568527781862,0.030085460963081137,1.364433055262047,1.3360619947893075
2006BAKEOVEN_PIGEON,658,BAKE OVEN & PIGEON,2006,no,Forest,USF,SHF,99.81,41153,7475,18.2,887,20060723,20061130,0.004427722603493295,0.07503775129427143,0.014939842924259376,1.3728463783088791,1.3496722418183085
2006BASSETTS,660,BASSETTS,2006,no,Forest,USF,TNF,93.76,1054,274,26.0,136,20060919,20061006,0.005485174869747086,0.061020642740133295,0.013712664579974552,1.360273941617581,1.3251641821105407
2006BOULDER_CMPLX,661,BOULDER CMPLX,2006,no,Forest,USF,PNF,99.79,1416,507,35.8,335,20060625,20060705,0.003044465370741132,0.07647839511147406,0.010636040590868832,1.3733791622198606,1.3347880988226208
2006BOUNDARY,662,BOUNDARY,2006,no,Forest,NPS,YNP,0.0,192,10,5.2,9,20060821,20060830,0.015222830644279059,0.09100527889691051,0.030909090243877883,1.3812987966784092,1.3472367588195622
2006BRODER_BECK,663,BRODER BECK WFU,2006,yes,Forest,USF,SQF,100.0,1413,136,9.7,33,20060726,20060929,0.015503819509066428,0.07714330657983248,0.03320140476207557,1.3773336178372892,1.358933896934834
2006FROG,669,FROG,2006,yes,Forest,NPS,YNP,0.0,2502,57,2.3,16,20060721,20061111,0.02135178029364906,0.0775638926241666,0.04256900228355341,1.3688875800646996,1.3461876303147338
2006GREASE,671,GREASE,2006,no,Forest,USF,PNF,100.0,150,15,10.2,6,20060716,20060731,0.021129756189988115,0.07878781884844252,0.0378698342381318,1.3766143446372594,1.3546281220303105
2006HANCOCK,672,HANCOCK,2006,no,Forest,USF,KNF,99.97,8837,533,6.0,52,20060723,20061113,0.01319867142642833,0.07639172206951378,0.02861919406754144,1.3758124337652853,1.352351893270102
2006HARVEY,673,HARVEY,2006,no,Forest,USF,MNF,100.0,514,11,2.2,8,20060626,20061127,0.019372652477633145,0.07661761355030516,0.036220531911752264,1.375997273510121,1.3547769093689177
2006HIGH,674,HIGH,2006,no,Forest,USF,MDF,95.13,425,52,12.2,15,20060626,20060715,0.02036322478064102,0.07174259822849842,0.038029784744859484,1.3715995018725304,1.3661597002061816
2006HUNTER,677,HUNTER,2006,no,Forest,USF,MNF,92.7,6592,775,11.7,198,20060725,20060907,0.0066972684366382465,0.07556213794653473,0.021054662728750638,1.3718665671857333,1.3426646740397667
2006KINGSLEY,680,KINGSLEY,2006,no,Forest,USF,MNF,100.0,237,10,4.4,4,20060725,20060809,0.02382481584825511,0.05702554780267076,0.041159461088115835,1.360184412315472,1.3505021678340519
2006LAKIN,681,LAKIN,2006,no,Forest,USF,SHF,100.0,200,114,57.1,100,20060724,20060729,0.0033800825825755273,0.07798692145205163,0.010280618905183815,1.3678169193689198,1.2992927795017686
2006LAVA,682,LAVA,2006,no,Forest,USF,MDF,100.0,85,5,5.7,4,20060628,20060709,0.024428381628428163,0.056326806892691386,0.037037020874610804,1.379772536916413,1.363712060336205
2006MIDDLET,684,MIDDLET,2006,no,Forest,NPS,YNP,0.0,192,12,6.1,10,20060721,20060828,0.013757345650725396,0.06950896619700726,0.026666668061269407,1.3563705537272905,1.3247718681315
2006PANTHER,687,PANTHER,2006,no,Forest,USF,SRF,84.5,366,8,2.2,2,20060724,20060812,0.031010346791178447,0.068876031764655593,0.05227261400152049,1.3695163880339292,1.3529387496263856
2006RALSTON,691,RALSTON,2006,no,Forest,USF,TNF,72.87,3524,85,2.4,18,20060905,20060919,0.01894571324303973,0.07766858810934794,0.03857798042643024,1.3773953026213572,1.3581318795174753
2006RUSH,696,RUSH,2006,no,Forest,USF,KNF,99.73,1972,171,8.7,62,20060724,20060823,0.00867469659489187,0.07337431604135003,0.022900226379124113,1.3752271482206695,1.3332463860036299
2006SAWMILL,698,SAWMILL,2006,no,Forest,USF,INF,80.17,3017,1907,63.2,1727,20060914,20060923,0.0012538212462999733,0.09520391270167587,0.007238435135341725,1.3877825884772603,1.3824439707937313
2006SMITH,700,SMITH,2006,no,Forest,USF,SQF,100.0,94,40,42.5,27,20060627,20060706,0.007269930310424699,0.048503556346589385,0.017417411505473483,1.3515039775746827,1.299087570902232
2006SOMES,701,SOMES,2006,no,Forest,USF,SRF,99.53,6275,239,3.8,77,20060724,20061018,0.007102090309149912,0.08597979018024483,0.0223555893395174,1.379007333201317,1.33615408928375
2006TAMARACK,702,TAMARACK WFU,2006,yes,Forest,USF,SQF,100.0,1891,133,7.0,26,20060709,20061211,0.01670654207611455,0.0801664842327965,0.0322754825609648,1.376360622684319,1.3520781990600592
2006TITUS,703,TITUS,2006,no,Forest,USF,KNF,100.0,2499,402,16.1,76,20060725,20060930,0.008488834379331973,0.07091970200768617,0.021460376300002616,1.3728375826875832,1.3572861498760351
2006UNCLES,704,UNCLES,2006,no,Forest,USF,KNF,100.0,1571,375,23.9,236,20060723,20061113,0.004944105353187333,0.06948462226181167,0.015552900222111055,1.3706752805568727,1.3788778812785358
2007ANGORA,706,ANGORA,2007,no,Forest,USF,TMU,88.89,1264,613,48.5,472,20070624,20070000,0.003000906699008657,0.0879744504710579,0.008995561959973593,1.3771131454973387,1.3493783500242575
2007ANTELOPE_CMPLX,707,ANTELOPE CMPLX,2007,no,Forest,USF,PNF,98.05,9369,4860,51.9,3683,20070705,20070713,0.0015017178409477716,0.07415301983244152,0.008822843691562826,1.3713569070263376,1.3973257184734278
2007BABCOCK,708,BABCOCK,2007,yes,Forest,NPS,YNP,0.0,107,5,5.0,2,20070711,20070920,0.03529370689801011,0.07979422904648396,0.05875705347101039,1.3742756770581175,1.3618606880425619
2007BALD,709,BALD WFU,2007,yes,Forest,NPS,YNP,0.0,169,26,15.5,12,20070830,20070905,0.014798939802211763,0.060115774772361574,0.02762557451476879,1.355900858702314,1.3291458747423412
2007CHINA,712,CHINA,2007,no,Forest,USF,KNF,92.83,1198,218,18.2,80,20070914,20070920,0.00809671019731416,0.06917094592499391,0.01811476213455662,1.3624558570765435,1.3438471693809904
2007COLBY,713,COLBY,2007,no,Forest,USF,LNF,100.0,118,19,15.8,13,20070810,20070819,0.01723314150473974,0.0678366512570397,0.028985491834519473,1.3716633961559084,1.3574989149005914
2007ELK,715,ELK,2007,no,Forest,USF,KNF,100.0,466,65,13.9,24,20070710,20070804,0.01145311797673783,0.07667345374520672,0.02650043519810659,1.3757868895533778,1.325335646501824
2007ELK_CMPLX,716,ELK CMPLX,2007,no,Forest,USF,KNF,99.08,5532,784,14.2,196,20070710,20071206,0.010483833480138547,0.07208745921709911,0.024601537476925974,1.3685741443536787,1.3544170445800543
2007FLETCHER,717,FLETCHER,2007,no,Forest,USF,MDF,27.42,3298,2474,75.0,1490,20070710,20070719,0.001314763513170943,0.07957927309652539,0.006037073983348744,1.3790970639375468,1.3570461158775409
2007GOLDLEDGE,718,GOLDLEDGE,2007,no,Forest,USF,SQF,100.0,1781,966,54.3,866,20070603,20070622,0.0017263465866466936,0.08441382202528445,0.008820001932411026,1.3832658026701956,1.3690116326901904
2007GROUSE,720,GROUSE,2007,no,Forest,USF,SQF,100.0,449,159,35.5,82,20070827,20071218,0.0064012305241628945,0.06111472879404545,0.016291289599087187,1.3641959333120015,1.342456274491095
2007LITTLEGRIDER,727,LITTLE GRIDER,2007,no,Forest,USF,KNF,99.36,891,47,5.2,6,20070710,20071206,0.022939688963368624,0.07178550741986503,0.0408477945626437,1.3687059158597157,1.3471339644921922
2007MOONLIGHT,729,MOONLIGHT,2007,no,Forest,USF,PNF,71.17,26390,14706,55.7,5136,20070903,20070925,0.0010542088584621395,0.07882361489650772,0.006746240314156968,1.3771377955099768,1.358196381083499
2007OHAREL,731,OHAREL,2007,yes,Forest,USF,INF,100.0,264,5,1.9,3,20071029,20071218,0.02320785463817903,0.07756062587039471,0.04404758286960849,1.3640375920551135,1.3258421421092044
2007VISTA,740,VISTA,2007,no,Forest,USF,SQF,100.0,170,47,27.8,36,20070822,20070826,0.012182684391496258,0.07233928177151673,0.022857155204943663,1.3743367970436824,1.37039437702346
2007WALLOW,741,WALLOW,2007,no,Forest,USF,SHF,54.7,582,242,41.5,109,20070829,20070903,0.004790609121529232,0.07685625491696924,0.013162388224926817,1.3711749765479277,1.3187996185015485
2008ANTHONYMILNE,746,ANTHONY MILNE,2008,no,Forest,USF,KNF,100.0,777,59,7.7,33,20080628,20081216,0.009999380523240025,0.08567659248992662,0.02158345949733,1.3802960195886473,1.334996118809089
2008BACK,747,BACK,2008,no,Forest,USF,MNF,84.36,636,41,6.4,7,20080621,20080629,0.01941757050488245,0.05610437203964198,0.03501833147848633,1.3532838164092427,1.3364484239702101
2008BONANZA,752,BONANZA,2008,no,Forest,USF,SRF,100.0,555,6,1.0,3,20080621,20080705,0.02668044615940443,0.09153980707608438,0.05291006266243067,1.3817525990729775,1.3482057994581975
2008BUCKHORN,753,BUCKHORN,2008,no,Forest,USF,SHF,99.18,12343,2093,17.0,309,20080621,20080731,0.005273016372651524,0.07014606192192464,0.016279995853408728,1.369607860656897,1.3428375169810243
2008CAREY,755,CAREY,2008,no,Forest,USF,SHF,99.99,1527,220,14.4,53,20080621,20080731,0.00962012147997541,0.07364753449911637,0.023905029749063493,1.3694906425182503,1.329302209627147
2008CARIBOU,756,CARIBOU,2008,no,Forest,USF,KNF,100.0,5319,1084,20.4,133,20080621,20081216,0.007114852923226916,0.06689725709029706,0.017579154546001136,1.36823457590993,1.3383497592879936
2008CASCADEL,757,CASCADEL,2008,no,Forest,USF,SNF,100.0,112,30,27.0,30,20080911,20080917,0.010556777082387102,0.05001675961524725,0.018039217965677208,1.348511934480036,1.3507497739362797
2008CEDAR,758,CEDAR,2008,no,Forest,USF,SHF,95.88,10297,1926,18.7,606,20080621,20080731,0.003917916223217617,0.07151767911604331,0.01621688486082661,1.3688401557251508,1.3361074763752039
2008CLOVER,762,CLOVER,2008,no,Forest,USF,SQF,100.0,5992,3542,59.1,2923,20080531,20080607,0.0014506586425967643,0.08022735571863483,0.007410774152123631,1.3786033393062462,1.3804240741628422
2008COLD,763,COLD,2008,no,Forest,USF,PNF,99.3,2299,1105,48.1,836,20080621,20080831,0.0017346547165484362,0.06512758320660407,0.008925627478374136,1.3621748263446856,1.3514046041976857
2008CORRAL,764,CORRAL,2008,no,Forest,CDF,LMU,37.38,4879,1659,34.0,701,20080623,20080710,0.004606512397965957,0.07604771889939548,0.013392906670354074,1.3753468851740247,1.367923371642242
2008CUB,767,CUB,2008,no,Forest,USF,LNF,98.81,6106,1159,19.0,336,20080621,20080731,0.00647544959365324,0.07648362726732823,0.01863341283289351,1.3753551239869104,1.3710848074684274
2008DOME_ROCK,770,DOME ROCK,2008,no,Forest,USF,STF,100.0,374,75,20.1,40,20080928,20081001,0.00768931633792427,0.05703420031802019,0.016686436633655072,1.361169334130796,1.3367130564790115
2008EAGLE,771,EAGLE,2008,no,Forest,USF,SHF,88.17,12994,1403,10.8,215,20080621,20081004,0.007629539456611265,0.07568942261785559,0.02024965825917208,1.371382723322071,1.3498591332007872
2008FALL,772,FALL,2008,no,Forest,USF,TNF,57.54,982,100,10.2,94,20080621,20080623,0.005795545685606524,0.06071880980159528,0.012997907279904998,1.358504660951332,1.341371033326334
2008FRIENDDARNELL,774,FRIEND DARNELL,2008,no,Forest,USF,PNF,48.16,1671,491,29.4,427,20080621,20080721,0.0025978249140059984,0.07585586763112881,0.0105211923883221,1.3746467534866809,1.3570750219886887
2008GOVERNMENT,776,"GOVERNMENT, WESTVILLE",2008,no,Forest,USF,TNF,92.01,8360,2052,24.5,1516,20080621,20080801,0.001976066870169191,0.07585927098657577,0.012506188236338457,1.3729508666643895,1.3752736862906862
2008GRANITE,777,GRANITE,2008,no,Forest,USF,SHF,100.0,275,33,12.0,33,20080621,20080914,0.0064543174875710384,0.10298367991736815,0.0163487678440032,1.389165821425461,1.3382815003002617
2008GROUSE,778,GROUSE,2008,no,Forest,USF,MNF,100.0,2611,176,6.7,130,20080621,20080705,0.005624682657401411,0.08102995894046343,0.01680299827063825,1.3750191460387837,1.337850225328246
2008GULCH,779,GULCH,2008,no,Forest,USF,SHF,96.88,1165,600,51.5,449,20080907,20080911,0.003065603645846119,0.07316566643474305,0.009529488908768166,1.3739769198776552,1.358528381824206
2008HALF,780,HALF,2008,no,Forest,USF,SRF,93.17,6184,105,1.7,27,20080620,20080825,0.01735606599069548,0.0752106038435657,0.03336189381172599,1.3697331182354364,1.3581236388813334
2008HIDDEN,783,HIDDEN,2008,no,Forest,NPS,KNP,0.0,1492,68,4.6,14,20080910,20081008,0.01981107525965844,0.07831354544291946,0.038271608744693035,1.373746375086935,1.343756731334707
2008HONEYBEE,784,HONEYBEE,2008,yes,Forest,USF,INF,100.0,563,185,32.8,77,20080506,20080526,0.008038900569463575,0.06210899906721487,0.01683468861043245,1.3653847499905258,1.3544525036593584
2008IRON,788,"IRON,HARVEY,SLIDES,THOMES,VINEGAR",2008,no,Forest,USF,MNF,97.31,21310,1723,8.1,347,20080622,20080625,0.0054606072839789,0.07533772660966712,0.01702947167672976,1.3738438778544997,1.3550467927136238
2008IRONSIDE,789,IRONSIDE,2008,no,Forest,USF,SHF,99.83,5350,189,3.5,30,20080621,20080731,0.011106747550611501,0.07343317379490766,0.025779888397856176,1.3687069920255248,1.327389360818472
2008JAKE,791,JAKE,2008,no,Forest,USF,KNF,99.84,15649,2518,16.1,409,20080621,20081003,0.007428353075669495,0.07398258464569005,0.020577437101640388,1.3723052918864387,1.3502878339070292
2008LIME,793,LIME,2008,no,Forest,USF,SHF,91.43,10898,621,5.7,63,20080620,20080813,0.01243228941261932,0.07707136504291005,0.02908619337816075,1.3734305690293211,1.3418179245754183
2008MILL,800,MILL,2008,no,Forest,CDF,TGU,34.95,5612,757,13.5,44,20080621,20080629,0.018510486349632923,0.07167546288890835,0.03595064533318128,1.3687265680026355,1.3630985230166581
2008MILL_MNF,801,MILL,2008,no,Forest,USF,MNF,80.51,1238,51,4.1,22,20080621,20080726,0.014173045695449244,0.07928110420137857,0.03215961958577178,1.372735386730011,1.3348689546014836
2008MINERS,802,MINERS,2008,no,Forest,USF,SHF,98.82,10346,962,9.3,107,20080621,20081031,0.008928551609985213,0.07360817769563242,0.022758172396336655,1.3712945634825373,1.339485594254765
2008MONKEYROCK,803,MONKEY ROCK,2008,no,Forest,USF,MNF,100.0,783,51,6.5,35,20080621,20080714,0.010918949211544408,0.07063117127590063,0.02544170813040797,1.372827132503668,1.3581655950551585
2008MOSES,805,MOSES,2008,no,Forest,"USF,NPS",SQF,51.33,102,1,1.3,1,20081015,20081031,0.024359532575839435,0.040000086184419706,0.040000086184419706,1.3230865229997426,1.3230865229997426
2008NORTHMOUNTAIN,809,NORTH MOUNTAIN,2008,no,Forest,USF,STF,71.6,1207,163,13.5,62,20080621,20080719,0.008769085040100153,0.07059936698299095,0.021215434158860937,1.3630366611405083,1.321865676882672
2008OLIVER,810,OLIVER,2008,no,Forest,USF,SNF,94.77,1138,112,9.8,47,20080621,20080714,0.010540107696100327,0.0784337183590206,0.02451058644729614,1.3688954059331242,1.3354098195322293
2008ONION2,811,ONION2,2008,no,Forest,USF,LNF,48.64,2145,386,18.0,137,20080621,20080722,0.006644706351379935,0.07437606869374346,0.01998758235347899,1.3738805935446985,1.3438767832874459
2008PANTHER_MERRILL_HAYPRESS,813,"PANTHER, MERRILL, HAYPRESS",2008,no,Forest,USF,KNF,99.92,28457,7333,25.8,2200,20080722,20081014,0.0026788332853185486,0.07139433580293938,0.013010624266399911,1.3712348364175626,1.3463524765612847
2008PEAVINE,815,PEAVINE,2008,no,Forest,USF,TNF,70.02,259,3,1.0,2,20080621,20080801,0.02262834646471297,0.0782229509896652,0.04222233932565855,1.3584039741904765,1.3329249426499237
2008PIUTE,819,PIUTE,2008,no,Forest,USF,SQF,89.15,15041,7852,52.2,5373,20080628,20080730,0.0022073438434801096,0.07764239237489479,0.008597233382757337,1.3740566535953918,1.4047007322389469
2008RICH,821,RICH,2008,no,Forest,USF,PNF,88.52,2594,773,29.8,658,20080729,20080902,0.0025105334090876033,0.06801928840712895,0.009426593638908081,1.3701675859315106,1.3334482801207796
2008SCOTCH,823,"SCOTCH, SOUTH FREY",2008,no,Forest,USF,PNF,91.81,10421,701,6.7,55,20080621,20080831,0.011369728815781214,0.07306168368019629,0.02528822900965315,1.3723723200756817,1.3484475183373437
2008SCOTCHMAN,824,SCOTCHMAN,2008,no,Forest,USF,TNF,45.06,508,83,16.3,38,20080621,20080623,0.011853381343721246,0.0671818121635117,0.022799419834225114,1.3636157900709323,1.3484122214671121
2008SHERWIN,825,SHERWIN,2008,no,Forest,USF,INF,100.0,137,13,9.3,12,20080803,20081014,0.014198137951901016,0.07205051095170882,0.02582159195407631,1.3829418429423053,1.348241517744708
2008SISKIYOUBLUE2COMPLEX,827,SISKIYOU BLUE2 COMPLEX,2008,no,Forest,USF,SRF,99.82,40593,6545,16.1,681,20080621,20081003,0.0047608320337825276,0.07381373299428592,0.01606444273451317,1.3711599728941302,1.33963130229929
2008SLIDE,828,SLIDE,2008,no,Forest,USF,SHF,93.06,478,13,2.7,2,20080621,20080708,0.03028953425591367,0.07649725868298296,0.05023470104647464,1.3740728263292772,1.3574293417811283
2008TEHIPITE,836,TEHIPITE,2008,no,Forest,"USF,NPS",SNF,61.95,4881,326,6.7,30,20080724,20081028,0.013533539511467072,0.0687659202789986,0.02846916232375143,1.3708356955794045,1.3462996279059158
2008TELEPHONE,838,TELEPHONE,2008,no,Forest,USF,SHF,98.46,2983,424,14.2,70,20080620,20080813,0.009280948264057648,0.07032139548451515,0.022889963382767865,1.366528882235273,1.344401875721338
2008TROUGH,840,TROUGH,2008,no,Forest,USF,SHF,96.88,1515,525,34.7,186,20080621,20080813,0.004627001595179565,0.07063443366763167,0.012675654994312058,1.3666371664208212,1.3399431971296472
2008VENTURE,842,VENTURE,2008,no,Forest,CDF,SHU,56.81,828,368,44.5,357,20080621,20080704,0.0028719730366318203,0.09245002992035431,0.010238963027717323,1.3893246988962784,1.3773703400247028
2008YELLOW,845,"YELLOW,CAMP,JOHNSON",2008,no,Forest,USF,MNF,99.91,13257,1848,13.9,809,20080621,20081120,0.0025084633806123973,0.07159852352509323,0.013922044776190724,1.3694518607148365,1.3262567201996804
2008ZEIGLER,846,ZEIGLER,2008,no,Forest,USF,SHF,99.95,1006,20,1.9,9,20080621,20080731,0.015232755731428967,0.07950884554651774,0.03225806599362758,1.3671232885038014,1.318112018769486
2009BACKBONE,868,LT-17(BACKBONE),2009,no,Forest,USF,SRF,100.0,2102,530,25.2,343,20090701,20090903,0.003644099283700666,0.08370043218205572,0.012181543449326555,1.3788508041825926,1.3357432831803049
2009BIG_MEADOW,847,BIG MEADOW,2009,no,Forest,NPS,YNP,2.77,3091,485,15.7,159,20090826,20090904,0.007008412728206704,0.07560195753122612,0.021200886652944447,1.3753014329265314,1.348190949166645
2009BLACKJACK,848,BLACKJACK,2009,no,Forest,USF,INF,100.0,113,11,9.5,9,20090718,20090825,0.014517481280032515,0.06200796966463446,0.026890758687140442,1.3463890172506776,1.3283009973573616
2009BROWN,849,BROWN,2009,no,Forest,USF,LNF,91.46,734,309,42.0,271,20090801,20090812,0.002750372181275539,0.04838429572683235,0.01002710101727798,1.3667258918600176,1.348690225162325
2009CHALK,852,CHALK,2009,no,Forest,CDF,SHU,96.71,2786,483,17.4,257,20090801,20090901,0.006810163122917588,0.06962619836324697,0.016657580297196942,1.3704741692014326,1.3648195102479068
2009ELEPHANT,855,ELEPHANT,2009,no,Forest,USF,PNF,77.77,174,5,3.2,2,20090816,20090831,0.032604315487557434,0.0599734643967359,0.052458935589036776,1.3657685731260831,1.3595537803502915
2009FAIRFIELD,856,FAIRFIELD,2009,yes,Forest,NPS,LNP,0.0,673,33,4.9,12,20090803,20090930,0.016854662990240663,0.06615183950574832,0.0329710107210695,1.3673883738386474,1.3664091237589342
2009GOOSE,858,GOOSE,2009,no,Forest,CDF,SHU,61.48,1684,383,22.7,224,20090801,20091020,0.003580957995238353,0.06081414880943588,0.010819262638187109,1.3649561326580772,1.320786280624183
2009GRANITE,859,GRANITE,2009,no,Forest,USF,SQF,100.0,577,12,2.1,5,20090720,20091102,0.021844210306588657,0.05383891485251073,0.03609023838385486,1.349366123465395,1.3344346082378007
2009GROUSE,860,GROUSE,2009,yes,Forest,NPS,YNP,0.0,1253,45,3.6,12,20090530,20090711,0.010643462771995089,0.07110868114582426,0.022818219425691393,1.369449133140483,1.340119269924445
2009HARDEN,861,HARDEN,2009,yes,Forest,NPS,YNP,0.0,681,180,26.5,144,20090608,20090711,0.007770705480787142,0.04786697007275966,0.01828495227820798,1.3717103538702224,1.3981432517082153
2009KNIGHT,864,KNIGHT,2009,no,Forest,USF,STF,83.87,2501,74,3.0,30,20090726,20090811,0.012922624753537983,0.07401083442398314,0.03013364422161702,1.3702312313103706,1.3392528164292796
2009MILFORD_GRADE,869,MILFORD_GRADE,2009,no,Forest,USF,PNF,100.0,132,1,1.0,1,20090422,20090422,0.04135452513629354,0.06296281590294447,0.06222206751319126,1.3709011978770835,1.3711229643511733
2009MILLCREEK,870,MILL CREEK #4,2009,no,Forest,BIA,SRF,53.98,1220,168,13.7,55,20091007,20091018,0.009424275079935405,0.055754654355653376,0.020704376224401216,1.3531761205369568,1.3413419800920323
2009REDROCK,873,REDROCK,2009,no,Forest,USF,KNF,100.0,555,58,10.4,15,20090821,20090904,0.015653676355518904,0.06586842265728321,0.028958344973165195,1.3673237799490245,1.3516880743774684
2009REDSPOT,874,REDSPOT,2009,no,Forest,USF,SHF,100.0,468,170,36.4,124,20090701,20090726,0.004745302509214107,0.07319199891358259,0.016230364657443964,1.3703817396554203,1.3581331495860207
2009SHOTGUN,876,SHOTGUN,2009,yes,Forest,USF,SQF,100.0,386,33,8.4,18,20090617,20091012,0.018161304241429296,0.0673580960125542,0.03425414586514608,1.368175409732942,1.3654322941912655
2009SILVER,877,SILVER,2009,no,Forest,USF,PNF,100.0,127,52,40.8,52,20090919,20090927,0.008405781987204018,0.04027535121085658,0.014334468152658996,1.3532420845623871,1.3504004636226021
2009SUGARLOAF,879,SUGARLOAF,2009,no,Forest,USF,LNF,81.04,3807,1844,48.4,1478,20090801,20090812,0.0016329081121121759,0.0763254014865503,0.009051779421953588,1.3754554070276603,1.3578593896783382
2009TENNANT,880,TENNANT,2009,no,Forest,USF,KNF,79.07,1288,848,65.8,531,20090719,20090724,0.001788904586208734,0.07835586880590793,0.006931811324201546,1.3778133346715886,1.3130549082264373
2009WILDCAT,881,WILDCAT,2009,yes,Forest,NPS,YNP,0.0,546,161,29.5,65,20090728,20091013,0.008754602041909433,0.08055045238924058,0.021183456177139872,1.3797649743932565,1.3646868404013104
2010BAR,883,BAR,2010,no,Forest,USF,PNF,100.0,421,20,4.8,10,20100731,20100818,0.021351554413580363,0.06290860023442718,0.03555556298190232,1.3608878345136672,1.3557038809298114
2010PINECREST,893,PINECREST,2010,no,Forest,USF,STF,100.0,367,6,1.5,3,20100808,20101116,0.021973824753321054,0.056187901899947046,0.03915342179602242,1.3412620571818397,1.3126048199447091
2010SHEEP,896,SHEEP,2010,yes,Forest,NPS,KNP,65.26,3663,163,4.5,47,20100717,20101025,0.013008170992129843,0.07354019472049819,0.027863435776700796,1.3699762765671624,1.338559611305147
2011BALD,904,BALD,2011,no,Forest,NPS,YNP,0.0,84,10,12.5,10,20110624,20110630,0.016581599005394385,0.08779204440784014,0.03019942812404248,1.3850867349487266,1.3654232247237192
2011COUGAR,909,COUGAR,2011,no,Forest,USF,MDF,100.0,729,491,67.4,485,20110608,20110613,0.002026230985633409,0.08136842912617322,0.00579604781570029,1.3778857221911307,1.3145832641092583
2011LION,913,LION,2011,no,Forest,USF,SQF,93.5,8472,1241,14.7,407,20110708,20110920,0.004365474910610527,0.06834293047327758,0.014457541167631824,1.3646806976766634,1.3286939528047395
2011MOTOR,916,MOTOR,2011,no,Forest,USF,SNF,95.59,2117,961,45.4,673,20110825,20110905,0.0026610338026038984,0.06986022895647545,0.00970777541345804,1.3667461204010087,1.350501616149654
2011ONION,917,ONION,2011,no,Forest,USF,KNF,100.0,231,34,14.7,34,20110819,20111011,0.006800657781758774,0.011961300310294517,0.011961300310294517,1.3051644096847814,1.3051644096847814
2011RUTH,918,RUTH,2011,no,Forest,USF,SRF,82.82,590,94,15.9,34,20110923,20110928,0.010900225545114998,0.0549859596344698,0.02146031463580193,1.3599915018327562,1.337793419736428
2011TAMARACK,921,TAMARACK,2011,no,Forest,NPS,YNP,0.0,414,151,36.4,130,20110913,20111004,0.005181494764431988,0.0874932456113233,0.012930011476239681,1.388456659409807,1.354754393019596
2011WILLOWS,922,WILLOWS,2011,no,Forest,USF,SQF,100.0,137,27,20.0,17,20110904,20110912,0.011720934318489577,0.06561227753703161,0.025877199027616846,1.3632538762869162,1.3171189002834602
2012BAGLEY,923,BAGLEY,2012,no,Forest,USF,SHF,70.36,18616,3855,20.7,1425,20120818,20120915,0.003054753731501678,0.07457902109395304,0.015221792728724948,1.374484097034223,1.3707584979033716
2012BEAR,925,BEAR,2012,no,Forest,USF,SNF,100.0,384,141,36.7,83,20120804,20120812,0.006158103026976475,0.08442008474906881,0.013729205245790091,1.3867912799913038,1.3477601962739907
2012CASCADE,926,CASCADE,2012,yes,Forest,NPS,YNP,0.0,692,14,2.0,4,20120616,20121109,0.029301764725001157,0.08171380467977854,0.049889626744578135,1.3808986714037863,1.3703144155048226
2012CHIPS,927,CHIPS,2012,no,Forest,USF,PNF,88.49,30898,6531,21.1,996,20120729,20120831,0.0037526818761035785,0.07315117341071685,0.014687105980284639,1.3721299853481599,1.3449667697338046
2012CLEAR,928,CLEAR,2012,no,Forest,CCO,KRN,91.04,590,220,37.3,207,20120804,20120810,0.0022685003474333253,0.10962284772750203,0.008832501347402898,1.397117816056577,1.3508845657225768
2012FLAT,930,FLAT,2012,no,Forest,USF,SHF,99.15,685,60,8.8,23,20120711,20120718,0.012041810051973004,0.07025461375939585,0.025260028017835286,1.369427974035897,1.3350114664976502
2012GEORGE,931,GEORGE,2012,no,Forest,USF,SQF,100.0,694,99,14.3,62,20120601,20120612,0.0077685241169316984,0.07295811909603614,0.019211079948434077,1.367718250189862,1.337522029694958
2012GOFF,932,GOFF,2012,no,Forest,USF,KNF,94.68,9504,2224,23.4,206,20120805,20120910,0.007249566526566385,0.0742909177864147,0.018496661502421644,1.373966594596618,1.3564967158692989
2012MILL,936,MILL,2012,no,Forest,USF,MNF,89.02,11957,4888,40.9,2350,20120707,20120718,0.0026972910979697197,0.07679983708332801,0.013478993234422414,1.37691279505131,1.397521408838808
2012MILL_CDF,937,MILL,2012,no,Forest,CDF,BTU,40.76,670,84,12.5,51,20120813,20120823,0.00941354491655443,0.07835441675341938,0.023845327068090567,1.374322239076704,1.3695135583009705
2012NORTH_PASS,938,NORTH PASS,2012,no,Forest,USF,MNF,73.96,17008,4447,26.1,526,20120818,20120916,0.00456434855266535,0.07119638724827523,0.015038963914833323,1.370497418535699,1.3493521177166627
2012PEAK,939,PEAK,2012,no,Forest,USF,PNF,95.0,320,79,24.7,30,20120728,20120802,0.021653095378869953,0.084914422683184,0.03962547211929011,1.386734399661723,1.404464421995582
2012RAMSEY,941,RAMSEY,2012,no,Forest,USF,STF,95.05,482,78,16.2,34,20120811,20120823,0.01239022110800023,0.07371095685670358,0.026727411759704372,1.3781880622867324,1.3558534166041152
2012READING,942,READING,2012,no,Forest,NPS,LNP,39.43,11361,3744,33.0,771,20120723,20120821,0.003939638689928042,0.07264439952644963,0.013689614545419686,1.3694655992472804,1.3552483408053293
2012SALT_CREEK,946,SALT CREEK,2012,no,Forest,USF,SHF,82.18,422,253,60.0,227,20120801,20120815,0.004459268307968166,0.0939240124622795,0.014130779581823795,1.40250388681247,1.3931300609095767
2012STAFFORD,948,STAFFORD,2012,no,Forest,USF,SHF,93.26,1790,754,42.1,255,20120905,20120913,0.003411062549346803,0.06895582933583409,0.010690405736975007,1.370029998532918,1.320185286160782
2012WOODS_CREEK,950,WOODS CREEK,2012,no,Forest,NPS,KNP,0.0,152,9,5.8,2,20120715,20121017,0.030771337459763595,0.08077548869789311,0.05102042235029141,1.374050578803883,1.3511603198231261
2013AMERICAN,952,AMERICAN,2013,no,Forest,USF,TNF,81.4,11114,3506,31.5,1095,20130810,20131209,0.004605237769668648,0.07625176835271705,0.014266292734186748,1.3731293377894829,1.3607791334064203
2013ASPEN,953,ASPEN,2013,no,Forest,USF,SNF,100.0,9337,1667,17.9,194,20130722,20131121,0.006259702048923458,0.07133841789907094,0.019504190902206796,1.369813571835454,1.3406253560312376
2013BUTLER,954,BUTLER,2013,no,Forest,USF,SRF,99.37,9146,1836,20.1,244,20130731,20131001,0.007986894061818942,0.07182280082589325,0.02002960353244013,1.3682893724701086,1.344047353055344
2013CARSTENS,955,CARSTENS,2013,no,Forest,USF,SNF,56.52,725,182,25.1,74,20130616,20130823,0.007476445849622526,0.07495946649480024,0.018217820779335016,1.3708508448046417,1.3479638040473674
2013CORRAL_CMPLX,958,CORRAL COMPLEX,2013,no,Forest,USF,SRF,100.0,5401,1813,33.6,616,20130810,20130000,0.00414412009437535,0.0764126738609536,0.01383276003019513,1.373759060819055,1.3748225242872698
2013FISH,962,FISH,2013,no,Forest,USF,SQF,100.0,852,227,26.6,123,20130823,20131103,0.0058393750948803865,0.07512268129402556,0.016449532522207898,1.3766714508853157,1.3429928900888088
2013KYBURZ,965,KYBURZ,2013,no,Forest,USF,ENF,61.78,232,14,6.1,8,20130708,20130711,0.020609881677246936,0.06500678415348554,0.034819539148664154,1.360081122711319,1.3487128359598106
2013POWER,969,POWER,2013,no,Forest,USF,STF,100.0,435,100,22.9,90,20130805,20130818,0.0073852576834720724,0.07949191093832175,0.01699699683789856,1.37315421201112,1.3670351177932365
2013RIM,972,RIM,2013,no,Forest,"USF,NPS",STF,60.07,104038,36774,35.3,16770,20130817,20131024,0.0011647266618237846,0.0744117458676279,0.009171766801500007,1.3720475668166483,1.3853246607478689
2013SALMON_RIVER_CMPLX,973,SALMON RIVER CMPLX,2013,no,Forest,USF,KNF,99.97,5986,1411,23.6,324,20130731,20130000,0.005399889514052576,0.07691967307043639,0.016478497862848388,1.374726652295285,1.348889933472271
2013SHIRLEY,974,SHIRLEY,2013,no,Forest,USF,SQF,100.0,157,54,34.6,50,20130818,20130819,0.007989318535306216,0.0392365271420112,0.015647384214072753,1.3552149265697073,1.3486854257121121
2013WINDY_PEAK,979,WINDY PEAK,2013,no,Forest,NPS,KNP,0.0,291,79,27.0,22,20130823,20131107,0.013026357301676762,0.0559581156742563,0.023712122508392774,1.3571814932179163,1.3395914754188147
2014BALD,980,BALD,2014,no,Forest,USF,LNF,78.7,16128,8371,51.9,2425,20140730,20140814,0.0014985987074926696,0.07415236256083645,0.009222398474958008,1.3733331893341443,1.3766804279617004
2014BEAVER,981,BEAVER,2014,no,Forest,USF,KNF,45.23,13274,4534,34.2,1052,20140730,20140830,0.002556924518432682,0.07098331979800458,0.011100569954872906,1.367745295179296,1.3397584642862375
2014DARK_HOLE,986,DARK HOLE,2014,yes,Forest,NPS,YNP,0.0,440,32,7.3,8,20140717,20140820,0.019451555491671248,0.07486333259149153,0.03594040925324725,1.3701482886897454,1.3519315055333343
2014EILER,988,EILER,2014,no,Forest,USF,LNF,44.99,13453,8015,59.6,4447,20140731,20140824,0.0010042660607976217,0.08109551286568459,0.006517814399050297,1.3771724675148516,1.375689541189989
2014FRENCH,990,FRENCH,2014,no,Forest,USF,SNF,99.98,5621,1528,27.2,302,20140728,20140819,0.005257172960446555,0.07907447761076668,0.017217702212150122,1.3779799384763673,1.3662461546955524
2014HAPPY_CAMP_CMPLX,993,HAPPY CAMP CMPLX,2014,no,Forest,USF,KNF,98.38,53948,14404,26.7,2115,20140811,20141031,0.0027052934001179953,0.06743225128324794,0.012147414131082274,1.3639634376980883,1.3474491700252507
2014KING,994,KING,2014,no,Forest,CDF,AEU,65.1,39265,18478,47.1,11296,20140913,20141008,8.655539152634667e-4,0.0698212812424493,0.006104568243821679,1.3671915506168275,1.3507059453256938
2014LITTLE_DEER,995,LITTLE DEER,2014,no,Forest,USF,KNF,75.37,2226,1017,45.7,442,20140731,20140811,0.003507005148150457,0.0785025559699108,0.013049184006483978,1.3795351555874722,1.3817590004964126
2014MEADOW,998,MEADOW,2014,no,Forest,NPS,YNP,0.0,1936,777,40.1,682,20140719,20140929,0.004167701481189724,0.07959420028338993,0.013961001430089348,1.3742292842115267,1.4145780476199863
2014NICOLLS,999,NICOLLS,2014,no,Forest,USF,SQF,100.0,721,499,69.2,483,20140711,20140722,0.0017692829597879532,0.05888742923400201,0.008131539820486956,1.3656240451887496,1.3609312768124613
2014WHITES,1005,WHITES,2014,no,Forest,USF,KNF,97.16,13766,4289,31.2,792,20140729,20140000,0.003508514871932474,0.06873369230071828,0.012628365475889494,1.367954316727832,1.3352258851204806
2015BARKER,1006,BARKER,2015,no,Forest,USF,SHF,76.79,1324,597,45.0,537,20150730,20150900,0.002090328552843983,0.06870958567506874,0.00872405628206083,1.3682958714376654,1.3330557037807693
2015BEAR,1007,BEAR,2015,no,Forest,USF,SRF,100.0,4811,881,18.3,116,20150731,20151015,0.008169142859753745,0.06912870521863507,0.020025787196795167,1.3688289298046814,1.3444936532279055
2015BIG_CREEK,1008,BIG CREEK,2015,no,Forest,CDF,TCU,89.43,83,43,51.8,22,20150729,20150909,0.00907393526009768,0.06586193845574312,0.015686276491939787,1.3558080150442149,1.3157754450575068
2015BLUE,1010,BLUE,2015,no,Forest,USF,SHF,87.68,1141,473,41.4,458,20150730,20150900,0.0018304219117879297,0.06407371486211699,0.007401783763875864,1.3611462889220536,1.335594926137442
2015BUCK,1011,BUCK,2015,no,Forest,USF,SRF,77.77,686,16,2.3,3,20150730,20150903,0.02617393597519846,0.07966707428137336,0.046067417004545766,1.376429287424015,1.350944754709657
2015CABIN,1013,CABIN,2015,no,Forest,USF,SQF,99.93,2809,608,21.7,308,20150719,20150905,0.004121074563459585,0.0664390073009689,0.013550533555039214,1.3620088530634236,1.324636264956672
2015CASTLE,1015,"CASTLE, CASTLE 1, OLSEN",2015,no,Forest,USF,SHF,95.14,6273,1720,27.4,1090,20150730,20151001,0.0019323432828179635,0.0693483709334204,0.010095949193098206,1.366819461041914,1.3228895296275232
2015COON,1016,COON,2015,no,Forest,USF,SRF,95.77,2330,332,14.3,47,20150731,20150900,0.010004525815064702,0.07440181274822051,0.022300089409928368,1.3700308624499842,1.3347120579045912
2015FROG,1019,FROG,2015,no,Forest,USF,MDF,100.0,1976,485,24.5,296,20150730,20150811,0.004397739255603015,0.06531407001542708,0.015401662733125623,1.3673880970181043,1.3553993420437689
2015GOBBLER,1020,GOBBLER,2015,no,Forest,USF,SRF,89.94,3352,579,17.3,290,20150730,20150903,0.0048655235765010674,0.07218508218936531,0.01970468686883632,1.3708725881486226,1.3657083238324201
2015JOHNSON,1023,"JOHNSON, BLAKE, PELLETREAU",2015,no,Forest,USF,SRF,65.89,13841,2537,18.3,932,20150730,20150903,0.00239373964799587,0.08037584746134943,0.013395303929802196,1.3755535736750804,1.3578893396696587
2015LASSIC,1025,LASSIC,2015,no,Forest,USF,SRF,96.61,7391,1400,18.9,523,20150730,20150903,0.005635481496290961,0.07590872954526713,0.0157794714994337,1.3748204930436885,1.361513523586427
2015LUMPKIN,1027,LUMPKIN,2015,no,Forest,CDF,BTU,81.03,427,171,40.2,138,20150911,20150921,0.006701581134339995,0.06236898617466702,0.016272966303342306,1.3726884065700649,1.3639730199592148
2015NICKOWITZ,1029,NICKOWITZ,2015,no,Forest,USF,SRF,100.0,3242,115,3.6,20,20150801,20150930,0.021369046718200793,0.07791792742345843,0.03901041981688486,1.3771688111052967,1.3616887906636874
2015PATTISON,1032,"PATTISON ,CLARK",2015,no,Forest,USF,SHF,92.85,5509,1094,19.9,242,20150730,20151001,0.0070444022414450445,0.07398361270621238,0.02047067217334169,1.3715902858314657,1.3525494342402016
2015PEAK_SHF,1033,PEAK,2015,no,Forest,USF,SHF,81.46,2539,492,19.4,56,20150731,20150900,0.011141292269879439,0.06836032128960104,0.025468165518707078,1.371249183606551,1.3511961171782012
2015PEAK_SRF,1034,PEAK,2015,no,Forest,USF,SRF,100.0,5583,832,14.9,117,20150731,20151015,0.008448266755742518,0.08062374535053496,0.020624015852923446,1.3793381542946594,1.3577602740618155
2015PICKETT,1035,PICKETT,2015,no,Forest,USF,SRF,85.32,4447,827,18.6,305,20150730,20150903,0.005357498067851641,0.07414561236265137,0.015767516089720466,1.3728006806329065,1.3629696839123975
2015PINE,1036,PINE,2015,no,Forest,USF,SRF,97.98,719,20,2.8,8,20150730,20150800,0.027448536145717396,0.0717397409873817,0.045833327535031075,1.3703297685027582,1.369556195367752
2015RAIL,1037,RAIL,2015,no,Forest,USF,SHF,94.95,3503,846,24.2,510,20150730,20150900,0.005061078606422231,0.06197778071501076,0.014590180997743507,1.3636872126884751,1.372408682604701
2015RIVER_CMPLX,1038,RIVER COMPLEX,2015,no,Forest,USF,SHF,98.97,31620,4566,14.4,293,20150730,20151015,0.0073597580292454005,0.07237790649726941,0.020159583228132244,1.3721654076345275,1.3490249124970934
2015ROUGH,1040,ROUGH,2015,no,Forest,USF,SNF,92.93,59249,11573,19.5,2740,20150731,20151105,0.003526261660444774,0.07972530442764014,0.015785555934547908,1.3767402238273134,1.3724412080896844
2015SADDLE,1042,SADDLE,2015,no,Forest,USF,SHF,68.43,654,199,30.4,162,20150609,20150624,0.004395000734599961,0.0766205196817923,0.014479638849544745,1.3711931379411477,1.3406522619574204
2015SHIELL,1043,SHIELL,2015,no,Forest,USF,SHF,96.12,6223,1103,17.7,99,20150730,20150900,0.007735625278300469,0.06593108425744774,0.020725557288406967,1.3695154400401448,1.340622820313424
2015SKY,1044,SKY,2015,no,Forest,USF,SNF,100.0,202,73,36.4,67,20150618,20150621,0.00964534762294417,0.0592907000322594,0.01758241942613773,1.356333299513914,1.3732669250727256
2015TENAYA,1047,TENAYA,2015,no,Forest,NPS,YNP,0.0,165,43,25.9,37,20150907,20150921,0.008284619697469983,0.0716517014861414,0.01610644168696315,1.3639304673234638,1.3265941029556074
2015WILLOW,1051,WILLOW,2015,no,Forest,USF,SNF,97.32,2356,668,28.4,262,20150725,20150812,0.005796703775958956,0.07040291777319727,0.017767653715007464,1.371775008155334,1.3728457661025035
2016CEDAR,1054,CEDAR,2016,no,Forest,USF,SQF,96.51,11818,6333,53.6,5367,20160816,20160930,0.0010151849670873945,0.07118243483156873,0.007200837084703413,1.3695787268543305,1.3945862570998326
2016CLARK,1055,CLARK,2016,no,Forest,USF,INF,100.0,1145,365,31.9,276,20160804,20160815,0.0033046770147308704,0.07983548118648054,0.012128652176171052,1.3791003959962664,1.3415996189244024
2016GAP,1058,GAP,2016,no,Forest,USF,KNF,63.5,13646,1562,11.4,431,20160829,20160917,0.0038990492246438815,0.07166943774128773,0.014546700145887766,1.3690233361738962,1.335358332718424
2016JACOBSON,1059,JACOBSON,2016,no,Forest,USF,SQF,100.0,682,114,16.7,88,20161020,20160000,0.004683292914681054,0.07556564655957265,0.013364902139835414,1.3707930142877054,1.3155656614933169
2016PONY,1063,PONY,2016,no,Forest,USF,KNF,100.0,1171,168,14.3,65,20160607,20160930,0.012503523622650677,0.072374413720753,0.025080041812068927,1.369581787744083,1.3596934314349167
2016SOUP_CMPLX,1068,SOUP COMPLEX,2016,no,Forest,USF,MDF,100.0,1016,218,21.5,61,20160917,20161031,0.008344996552472034,0.06983586393377837,0.019953533017082414,1.3777363789464492,1.3389431457420042
