"","VB_ID","ID_Num","FIRE_NAME","FIRE_YEAR","WFU","Veg","NUM_ASSESS","AGENCY","ICS_CODE","PCT_FS","FIRESIZE_HA","BA90_HA","BA90_PCT","BA90_PCT_integer","MaxPatch_HA","MaxPatch_PCT_of_HS","MaxPatch_PCT_of_firesize","sdc","MSI","AWMSI"
"1","1984BADGER",1,"BADGER",1984,"no","Forest",1,"USF","LNF",26,450,79,17.5,17,34,43.3,7.6,0.00920423503473247,0.0624432080827489,0.0232611107297855
"2","1984YNP_023",2," ",1984,"yes","Forest",1,"NPS","YNP",0,299,10,3.2,3,4,43.4,1.4,0.0271335450078186,0.0749679071108752,0.0490565955418911
"3","1985BARTLETT",3,"BARTLETT",1985,"yes","Forest",1,"NPS","YNP",0,427,88,20.7,20,70,79,16.4,0.0111586734621403,0.0706833957485868,0.023147208477212
"4","1985BUCK",4,"BUCK",1985,"yes","Forest",1,"NPS","YNP",0,141,24,17.2,17,11,43.7,7.5,0.01977462759454,0.0792000033469627,0.0334563316548318
"5","1985CAENF00000066",405,"1985CAENF00000066",1985,"no","Forest",1,"USF","ENF",NA,129,43,33.6,33,37,84.6,28.4,0.00747139549046534,0.0405157152516152,0.0144144152556193
"6","1985CAINF00000070",5,"1985CAINF00000070",1985,"no","Forest",1,"USF","INF",89,87,5,5.8,5,1,26.8,1.6,0.0276911588980529,0.0471534262446138,0.0464285429305937
"7","1985CALNF00000031",6,"1985CALNF00000031",1985,"no","Forest",1,"USF","LNF",99,89,42,47,46,42,100,47,0.0108948558908885,0.0179985597461579,0.0179985597461579
"8","1985CALNF00000069",7,"1985CALNF00000069",1985,"no","Forest",1,"USF","LNF",100,217,127,58.4,58,121,95.7,55.9,0.00496931243193866,0.0649048895120825,0.00962541518604468
"9","1985DELTA",406,"DELTA",1985,"no","Forest",1,"USF","SHF",NA,848,401,47.3,47,386,96.1,45.5,0.00185435784993555,0.0821693213814212,0.00599184377312364
"10","1985DOUGHERTY",8,"DOUGHERTY",1985,"yes","Forest",1,"NPS","KNP",0,1072,79,7.4,7,26,32.9,2.4,0.0145927477731078,0.0696680096496446,0.028982214580749
"11","1985KENDRICK",9,"KENDRICK",1985,"yes","Forest",1,"NPS","YNP",0,507,30,5.9,5,6,21.5,1.3,0.0224554749184038,0.0735425680422351,0.0392749195077476
"12","1985MAMMOTH",10,"MAMMOTH",1985,"no","Forest",1,"USF","SNF",71,316,29,9.3,9,29,97.6,9.1,0.00842938784173958,0.0600142730966705,0.0150866424445405
"13","1985PATE_VALLEY",12,"PATE VALLEY",1985,"no","Forest",1,"NPS","YNP",0,713,138,19.3,19,77,56,10.8,0.00783881469040722,0.0752548075237765,0.0211866243349546
"14","1985RICH_BAR",13,"RICH BAR",1985,"no","Forest",1,"USF","SQF",79,3295,1307,39.7,39,507,38.8,15.4,0.00662937752794894,0.0718641561300698,0.0184901301545507
"15","1985RIVER",14,"RIVER",1985,"no","Forest",1,"USF","STF",100,134,8,6.2,6,5,63,3.9,0.0250676675524445,0.0667395264830389,0.0420290060105151
"16","1985TRELOAR_CMPLX",15,"TRELOAR COMPLEX",1985,"no","Forest",1,"USF","SHF",100,1612,243,15.1,15,115,47.5,7.2,0.0085996334266624,0.0665813504999309,0.0214347260109314
"17","1986CAENF00000082",16,"1986CAENF00000082",1986,"no","Forest",1,"USF","ENF",100,239,24,10.1,10,22,91.4,9.2,0.00889738977893074,0.0594632765798901,0.0164793923196798
"18","1986CASCADE_CREEK",17,"CASCADE CREEK",1986,"yes","Forest",1,"NPS","YNP",0,837,16,1.9,1,7,47.2,0.9,0.0235462322079303,0.0949603437742734,0.0450757503772041
"19","1986DEER",18,"DEER",1986,"no","Forest",1,"USF","SNF",100,5349,1204,22.5,22,206,17.1,3.9,0.00611190942795152,0.0713212346441318,0.0167625503669454
"20","1986GLACIER_POINT",19,"GLACIER POINT",1986,"no","Forest",1,"NPS","YNP",0,278,122,43.8,43,98,80.7,35.4,0.00534442251634017,0.0856918089844419,0.0131469220877674
"21","1987ASSIST_PNF",407,"ASSIST P.N.F.",1987,"no","Forest",1,"CDF","LMU",NA,499,244,49,49,201,82.2,40.3,0.00322922930476037,0.0622348740008197,0.00934213878610469
"22","1987BEAR",20,"BEAR",1987,"no","Forest",1,"USF","SHF",98,2132,147,6.9,6,35,23.6,1.6,0.0118641101860774,0.0791462024174892,0.0277845727460903
"23","1987BEARCAT",21,"BEARCAT",1987,"no","Forest",1,"USF","KNF",95,1157,40,3.4,3,16,41,1.4,0.01596695219577,0.0865556817408435,0.035267865499648
"24","1987BETTY_BLAKE",22,"BETTY BLAKE",1987,"yes","Forest",1,"NPS","YNP",0,159,16,9.8,9,13,86.1,8.4,0.0146488291332706,0.0664179828500589,0.0262042385961188
"25","1987BIG",23,"BIG",1987,"no","Forest",2,"USF","TNF",72,427,37,8.6,8,18,48.4,4.2,0.00922448167301534,0.0733716595982024,0.0199836150246004
"26","1987BLAKE",24,"BLAKE",1987,"no","Forest",1,"USF","SRF",99,1413,345,24.4,24,281,81.5,19.9,0.00413184005400445,0.0577309342638182,0.0115097964782334
"27","1987CEDAR",25,"CEDAR",1987,"no","Forest",1,"USF","MDF",83,283,29,10.3,10,10,33.8,3.5,0.018904558244924,0.0802004994355629,0.0346666659867721
"28","1987CHAWANAKEE",26,"CHAWANAKEE",1987,"no","Forest",1,"USF","SNF",100,713,48,6.7,6,12,25.2,1.7,0.018769696373898,0.0747904611895941,0.0372881298676534
"29","1987CHINA_KNF",27,"CHINA",1987,"no","Forest",2,"USF","KNF",96,1332,112,8.4,8,25,22.7,1.9,0.0118799390008056,0.0682330880285347,0.0249665933978171
"30","1987CHINA_SHF",28,"CHINA",1987,"no","Forest",1,"USF","SHF",100,3696,726,19.6,19,380,52.3,10.3,0.00556141434552405,0.0685901147120249,0.0154770738350386
"31","1987CLARK",29,"PLUMAS NF #531 (CLARK)",1987,"no","Forest",1,"CDF","BTU",73,15861,5351,33.7,33,781,14.6,4.9,0.00370828677907718,0.0779291069304015,0.0154181800572228
"32","1987CLAVEY_CMPLX",30,"CLAVEY 87 CMPLX",1987,"no","Forest",1,"USF","STF",98,3537,708,20,20,324,45.7,9.2,0.00616985988901007,0.0640175380175527,0.0189707379224183
"33","1987COLD",31,"COLD",1987,"no","Forest",1,"USF","SHF",98,6678,387,5.8,5,96,24.7,1.4,0.0112507762581717,0.073671833695639,0.0262677711334099
"34","1987DOE",32,"DOE",1987,"no","Forest",1,"USF","SHF",100,932,256,27.5,27,121,47.2,13,0.00612260519760728,0.0621342247772359,0.0143090556049709
"35","1987DOG_CREEK",33,"DOG CREEK",1987,"yes","Forest",1,"NPS","KNP",0,170,11,6.3,6,4,41.2,2.6,0.0226298369442311,0.074222010291322,0.0414565797226024
"36","1987EAST",34,"EAST",1987,"no","Forest",1,"USF","SHF",97,4643,932,20.1,20,584,62.7,12.6,0.00208613532706111,0.0764103125800333,0.0107392447945043
"37","1987ELK_LICK",35,"ELK LICK",1987,"no","Forest",1,"USF","KNF",100,448,28,6.3,6,12,42.6,2.7,0.0144359852649516,0.0704369628500218,0.03226495731469
"38","1987EVER",36,"EVER",1987,"no","Forest",1,"USF","STF",92,215,161,74.8,74,160,99.4,74.4,0.00254196906766541,0.029600834936879,0.00613111763898289
"39","1987FAY",37,"FAY",1987,"no","Forest",1,"USF","SQF",81,4640,1147,24.7,24,664,57.9,14.3,0.00281403632664553,0.084953912102417,0.0164350773084094
"40","1987FLUME",38,"FLUME",1987,"no","Forest",1,"USF","SHF",100,5277,813,15.4,15,198,24.3,3.7,0.00640504936585152,0.0725041880969204,0.0185221849405968
"41","1987FORT_COPPER",39,"FORT COPPER",1987,"no","Forest",2,"USF","KNF",95,14703,2842,19.3,19,290,10.2,2,0.00582756584187584,0.0733584728288375,0.0158417080785138
"42","1987FOUTS",408,"FOUTS",1987,"no","Forest",1,"USF","MNF",NA,6965,1752,25.2,25,399,22.8,5.7,0.00536071142909847,0.076366356519944,0.0168686510129916
"43","1987FRIENDLY",40,"FRIENDLY",1987,"no","Forest",1,"USF","SHF",89,1466,407,27.7,27,297,73.1,20.3,0.00457211887687436,0.0768732018426961,0.0133832798646993
"44","1987FROG",41,"FROG",1987,"yes","Forest",1,"NPS","YNP",0,1554,66,4.2,4,10,15.7,0.7,0.0199798209941104,0.0668693633390442,0.0370168271716585
"45","1987GLASGOW",42,"GLASGOW",1987,"no","Forest",2,"USF","KNF",97,6156,1273,20.7,20,480,37.7,7.8,0.0024930763483544,0.0803770379869304,0.0124332185710634
"46","1987GLEN_AULIN",43,"GLEN AULIN",1987,"yes","Forest",1,"NPS","YNP",0,106,23,21.5,21,10,45.5,9.8,0.0164805908421668,0.0656431327402278,0.0310935400181046
"47","1987GULCH_KNF",44,"GULCH",1987,"no","Forest",2,"USF","KNF",99,4435,181,4.1,4,18,9.8,0.4,0.0159320608523717,0.0829040706280028,0.0326550988189306
"48","1987GULCH_SHF",45,"GULCH",1987,"no","Forest",1,"USF","SHF",90,2652,789,29.8,29,520,65.8,19.6,0.00387449599761072,0.075435935407456,0.0149163555543399
"49","1987HAMM_CMPLX",46,"HAMM 87 CMPLX",1987,"no","Forest",1,"USF","STF",94,13624,2993,22,21,431,14.4,3.2,0.00491943930383619,0.0709714944881619,0.016415806359592
"50","1987HASLOE_CMPLX",47,"HASLOE 87 CMPLX",1987,"no","Forest",1,"USF","STF",70,2783,1073,38.5,38,790,73.6,28.4,0.00405407694009318,0.0722787119004408,0.0121443370394202
"51","1987HIGHROCK",48,"HIGHROCK",1987,"no","Forest",1,"USF","MDF",95,455,33,7.3,7,17,51.2,3.8,0.0103839730743477,0.0734769955358253,0.0237196598844494
"52","1987HOTELLING",49,"HOTELLING",1987,"no","Forest",2,"USF","KNF",100,7453,696,9.3,9,268,38.5,3.6,0.00780612280044944,0.067250466701064,0.0213755493604705
"53","1987INDIAN",50,"INDIAN",1987,"no","Forest",1,"USF","TNF",100,3791,1523,40.2,40,939,61.7,24.8,0.00208642129362071,0.076742945662926,0.0103269271488811
"54","1987JARREL",51,"JARREL",1987,"no","Forest",1,"USF","STF",23,742,25,3.3,3,13,52,1.7,0.0149624928119349,0.073030441397306,0.0332121036537031
"55","1987JESSIE",409,"JESSIE",1987,"no","Forest",1,"USF","SHF",NA,1385,148,10.7,10,37,25.3,2.7,0.0117015515902741,0.075420235587704,0.0253758369580985
"56","1987KELSEY",52,"KELSEY",1987,"no","Forest",2,"USF","KNF",96,1753,96,5.5,5,46,47.3,2.6,0.00924270677042257,0.0689829703369026,0.021059185934791
"57","1987KING_TITUS",53,"KING TITUS",1987,"no","Forest",2,"USF","KNF",99,28891,2092,7.2,7,132,6.3,0.5,0.0101770669558678,0.0735124276610646,0.0247978437246131
"58","1987LAKE",54,"LAKE",1987,"no","Forest",2,"USF","KNF",100,7655,247,3.2,3,41,16.6,0.5,0.0131608523916823,0.0724737807473493,0.0288614898220767
"59","1987LARSON_CMPLX",55,"LARSON 87 CMPLX",1987,"no","Forest",1,"USF","STF",93,19551,3752,19.2,19,754,20.1,3.9,0.00468796356409194,0.0687747187223372,0.0171991419074977
"60","1987LAUREL",56,"LAUREL",1987,"no","Forest",1,"USF","INF",85,469,112,23.9,23,51,45.2,10.8,0.0105148315692118,0.080159163532878,0.0232989206950746
"61","1987LAZYMAN",57,"LAZYMAN",1987,"no","Forest",1,"USF","SHF",100,606,20,3.3,3,8,39.7,1.3,0.0199251883750033,0.0668656330697837,0.0360119378979421
"62","1987LIGHTNING120",410,"LIGHTNING #120 (CRANK)",1987,"no","Forest",1,"CDF","LMU",NA,1725,853,49.5,49,661,77.5,38.3,0.00210651191497664,0.0807182757815988,0.0088577590515505
"63","1987LOST",58,"LOST",1987,"no","Forest",1,"USF","LNF",96,9672,4685,48.4,48,1674,35.7,17.3,0.00164237596867033,0.0852444578443582,0.0118687003372336
"64","1987LOST_BEAR",59,"LOST BEAR",1987,"yes","Forest",1,"NPS","YNP",0,809,33,4.1,4,5,14.6,0.6,0.0229766905876468,0.0781335105560645,0.0409703478623311
"65","1987MAMMOTH",60,"MAMMOTH",1987,"no","Forest",1,"USF","INF",100,183,36,19.8,19,36,98.5,19.5,0.00730380369389973,0.0632439382384829,0.0131011635277191
"66","1987MENDENHALL",411,"MENDENHALL",1987,"no","Forest",1,"CDF","MEU",NA,21919,8586,39.2,39,4875,56.8,22.2,0.00114660561368948,0.0746204320855585,0.0114865498485102
"67","1987NIELON",61,"NIELON",1987,"no","Forest",2,"USF","KNF",100,649,199,30.6,30,186,93.6,28.6,0.00290618697399389,0.0887130114789967,0.0102564087434267
"68","1987PALMER",412,"PALMER",1987,"no","Forest",1,"USF","TNF",NA,862,187,21.7,21,105,56.3,12.2,0.00668563532592155,0.0609891310291112,0.0187779971997899
"69","1987PAPER_CMPLX",62,"PAPER 87 CMPLX",1987,"no","Forest",1,"USF","STF",72,15232,4120,27.1,27,1775,43.1,11.7,0.00294865504851201,0.0705615244342351,0.0116828664778366
"70","1987PEANUT",63,"PEANUT",1987,"no","Forest",1,"USF","SHF",85,2608,599,23,22,208,34.8,8,0.00667322038651171,0.0742942552142986,0.0179598395837571
"71","1987PIERCE",64,"PIERCE",1987,"no","Forest",1,"CDF","TUU",75,290,37,12.7,12,13,34.2,4.3,0.0125372390104163,0.0498428221829795,0.0231458812720135
"72","1987QUAKING",65,"QUAKING",1987,"no","Forest",1,"USF","MDF",97,1787,464,25.9,25,201,43.4,11.3,0.00721039127532091,0.0891787365950514,0.0250700284738819
"73","1987RIPSTEIN",66,"RIPSTEIN",1987,"no","Forest",1,"USF","SHF",100,1378,459,33.3,33,189,41.2,13.8,0.00509196041675799,0.0702715998883016,0.0132091381860666
"74","1987RIVER",67,"RIVER II",1987,"no","Forest",1,"USF","STF",94,285,7,2.6,2,6,86.6,2.2,0.0217858641340565,0.0590900370243882,0.0349594183286433
"75","1987SAINT_CLAIRE",68,"SAINT CLAIRE",1987,"no","Forest",2,"USF","KNF",100,3497,114,3.2,3,17,14.9,0.5,0.0207386645408269,0.0842061362965813,0.0385631421064832
"76","1987SLATER",69,"SLATER",1987,"no","Forest",2,"USF","KNF",97,2577,328,12.7,12,99,30.1,3.8,0.00980671112858863,0.0757375098300558,0.0227513178337731
"77","1987SNAG_CMPLX",70,"SNAG COMPLEX",1987,"no","Forest",1,"NPS","LNP",0,325,29,8.9,8,11,37.5,3.3,0.0182257245437484,0.0608644947534392,0.0314583404925575
"78","1987STRAUSE",71,"STRAUSE",1987,"no","Forest",1,"USF","SHF",100,2646,783,29.6,29,193,24.6,7.3,0.00547946262370704,0.072226590204963,0.015483132578647
"79","1987TEN_BALD",72,"TEN BALD",1987,"no","Forest",2,"USF","KNF",100,7946,969,12.2,12,86,8.9,1.1,0.00941060015002436,0.0711863181340403,0.0226905968064817
"80","1987THOMPSON",73,"THOMPSON",1987,"no","Forest",2,"USF","KNF",100,2039,88,4.3,4,13,14.5,0.6,0.0163716444408818,0.0667984131620702,0.0324803910133506
"81","1987TRAVIS",74,"TRAVIS",1987,"no","Forest",1,"USF","SRF",93,4781,725,15.2,15,234,32.2,4.9,0.00561088474590567,0.0795933204185638,0.0186660154088525
"82","1987TRINITY",75,"TRINITY",1987,"no","Forest",1,"USF","SHF",100,570,20,3.4,3,6,28.6,1,0.017216179521777,0.0581000380663816,0.0330383276211863
"83","1987USF05141987000282",76," ",1987,"no","Forest",1,"USF","SHF",100,420,24,5.7,5,12,50.2,2.9,0.0126951615943668,0.0757303326599287,0.023456754871415
"84","1987WALLOW",77,"WALLOW",1987,"no","Forest",1,"USF","SHF",96,1395,21,1.5,1,13,61,0.9,0.0138344735991456,0.0909725529480345,0.0299435156288461
"85","1987YELLOW2",78,"YELLOW #2",1987,"no","Forest",1,"USF","KNF",100,21741,2305,10.6,10,451,19.6,2.1,0.00470575595259311,0.0723489240622972,0.017990600817644
"86","1988ALASKA",79,"ALASKA",1988,"yes","Forest",1,"NPS","YNP",0,770,8,1.1,1,4,47.8,0.5,0.0215802430451433,0.0605850773874021,0.0399999951671771
"87","1988BUCKEYE",80,"BUCKEYE",1988,"yes","Forest",1,"NPS","KNP",0,1290,302,23.4,23,255,84.2,19.7,0.00431746946267346,0.0798748387083048,0.0133136091545295
"88","1988CALNF00000155",81,"1988CALNF00000155",1988,"no","Forest",1,"USF","LNF",85,375,235,62.5,62,226,96.4,60.2,0.0021516586312401,0.0109923947229813,0.00491657219557724
"89","1988CLEARINGHOUSE",82,"CLEARHOUSE",1988,"no","Forest",1,"USF","STF",94,1021,36,3.5,3,10,27.9,1,0.0169593784829452,0.0686346364223459,0.0310889326281711
"90","1988EAST_LECONTE",83,"EAST LECONTE",1988,"yes","Forest",1,"NPS","YNP",0,1519,20,1.3,1,11,53.6,0.7,0.017400028263472,0.0951378061033842,0.0403030245418812
"91","1988ECHO",84,"ECHO",1988,"yes","Forest",1,"NPS","YNP",0,577,35,6,6,7,20.5,1.2,0.0251103616436347,0.0858044910792545,0.0467532480428203
"92","1988ELBOW",85,"ELBOW",1988,"yes","Forest",1,"NPS","YNP",0,184,3,1.7,1,3,100,1.7,0.0188436260845806,0.0285714270851484,0.0285714270851484
"93","1988GARNET",86,"GARNET",1988,"no","Forest",1,"USF","SNF",100,924,33,3.5,3,13,40.1,1.4,0.0155248307178002,0.0539273217993956,0.0296703429578483
"94","1988HERMIT",87,"HERMIT",1988,"no","Forest",1,"USF","SHF",98,3391,1158,34.1,34,356,30.8,10.5,0.00365459601168164,0.0766302081328134,0.0124775529073966
"95","1988LETTS",413,"LETTS",1988,"no","Forest",1,"USF","MNF",NA,1340,193,14.4,14,72,37.2,5.4,0.00865927549583648,0.072724449111165,0.0216931234816873
"96","1988LIGHTNING97",414,"LIGHTNING #97 (BISON)",1988,"no","Forest",1,"CDF","LMU",NA,1386,769,55.5,55,689,89.6,49.7,0.00201191421605343,0.0810690709185311,0.00861788568812606
"97","1988OBELISK",88,"OBELISK",1988,"no","Forest",1,"USF","SNF",100,3045,289,9.5,9,36,12.3,1.2,0.0131734348636591,0.0710986522663617,0.0275214220045173
"98","1988QUARTZITE",89,"QUARTZITE",1988,"yes","Forest",1,"NPS","YNP",0,248,42,17.1,17,11,25.5,4.4,0.019011299493962,0.0646486806485355,0.0349610751320912
"99","1988SIMPSON",90,"SIMPSON",1988,"yes","Forest",1,"NPS","KNP",0,492,10,2,1,7,72.9,1.4,0.020083557210901,0.0831196985857566,0.0386292774493307
"100","1988USF05131988000061",91," ",1988,"no","Forest",1,"USF","SQF",97,286,67,23.5,23,33,49.3,11.6,0.00864328361164306,0.0874605632905213,0.0252565895982763
"101","1988USFS_ASSIST3",94,"USFS ASSIST 3",1988,"no","Forest",1,"CDF","NEU",88,244,7,3.1,3,5,71.1,2.2,0.02326781422218,0.0452084045522537,0.037750930217985
"102","1988VERN",95,"VERN",1988,"yes","Forest",1,"NPS","YNP",0,289,4,1.3,1,3,72.1,1,0.0213010531832737,0.0686217922444731,0.0356589107983439
"103","1988WALKER",96,"WALKER",1988,"no","Forest",1,"NPS","YNP",0,1247,283,22.7,22,176,62.1,14.1,0.00487047219649457,0.0802774365048956,0.0149345172467957
"104","1989BALCH",97,"BALCH",1989,"no","Forest",1,"USF","SNF",100,3584,574,16,16,161,28.1,4.5,0.00871150795426734,0.076442715885341,0.0210990103905166
"105","1989LAYMAN",98,"LAYMAN",1989,"no","Forest",1,"USF","PNF",91,2012,580,28.8,28,212,36.5,10.5,0.00527200653238726,0.0795301290453918,0.0149339030160185
"106","1989POWERHOUSE",415,"POWDERHOUSE",1989,"no","Forest",1,"USF","SNF",NA,4863,480,9.9,9,99,20.5,2,0.00887807523500612,0.0741113420046829,0.023813068442567
"107","1989RACK",99,"RACK",1989,"no","Forest",1,"USF","PNF",100,1400,552,39.4,39,189,34.3,13.5,0.00534420018178785,0.0716317573962669,0.0153030334728223
"108","1990A_ROCK",100,"A-ROCK",1990,"no","Forest",1,"NPS","YNP",59,7281,2682,36.8,36,1513,56.4,20.8,0.00216668440027353,0.0711718277683249,0.00886801294840505
"109","1990AVALANCHE",101,"AVALANCHE",1990,"yes","Forest",1,"NPS","KNP",0,1157,161,13.9,13,38,23.7,3.3,0.0113447592772815,0.076898871608202,0.0239344256762141
"110","1990BUTTES",102,"BUTTES",1990,"no","Forest",1,"USF","TNF",68,122,44,36.3,36,41,92.5,33.6,0.00638192316917178,0.0697003426582726,0.01419877722527
"111","1990CALNF00000109",103,"1990CALNF00000109",1990,"no","Forest",1,"USF","LNF",100,136,71,51.9,51,71,100,51.9,0.00549599479148872,0.0109693858565336,0.0109693858565336
"112","1990COTTONWOOD",104,"COTTONWOOD",1990,"no","Forest",1,"CDF","TCU",86,991,326,32.9,32,205,63.1,20.7,0.00404593400078806,0.0598142041567117,0.0123076921881422
"113","1990GREENHORN",106,"GREENHORN",1990,"no","Forest",1,"USF","PNF",79,165,45,27.3,27,22,49.3,13.5,0.00908970790957527,0.056465193175344,0.0182178223006685
"114","1990KIRCH",107,"KIRCH",1990,"no","Forest",1,"USF","SNF",95,1507,165,11,10,66,40,4.4,0.0106769025380116,0.0683906451558784,0.0257551022488542
"115","1990LAUREL_LAKE2",108,"LAUREL LAKE 2",1990,"no","Forest",1,"NPS","YNP",0,336,5,1.4,1,1,27.5,0.4,0.0392852594833056,0.0828968225168164,0.0666666633669058
"116","1990LONG_VALLEY",109,"LONG VALLEY",1990,"no","Forest",1,"CDF","SHU",81,290,73,25.3,25,70,95.6,24.2,0.00514417429886872,0.0424819371845293,0.0130240127691623
"117","1990PIUTE",110,"PIUTE",1990,"no","Forest",1,"NPS","YNP",0,224,14,6.1,6,3,19.7,1.2,0.0276579644973995,0.0785471973137642,0.0495614039568308
"118","1990RECER",416,"RECER",1990,"no","Forest",1,"USF","MNF",NA,1389,207,14.9,14,74,35.5,5.3,0.0083069093269736,0.084749351380288,0.0176046066928375
"119","1990SAVAGE",111,"SAVAGE",1990,"no","Forest",1,"USF","SNF",94,786,224,28.5,28,106,47.4,13.5,0.00692247108756059,0.0584425633235554,0.0181481475232427
"120","1990STEAMBOAT",112,"STEAMBOAT",1990,"no","Forest",1,"NPS","YNP",0,2470,338,13.7,13,132,39,5.3,0.00600249713798137,0.0697767094467388,0.014681489520015
"121","1990STORMY",113,"STORMY",1990,"no","Forest",1,"USF","SQF",98,9493,6114,64.4,64,5218,85.3,55,0.000745561047712956,0.0851068912396623,0.00647394200721706
"122","1990T_GROVE4",114,"T-GROVE 4",1990,"no","Forest",1,"NPS","YNP",0,301,4,1.3,1,3,66.7,0.9,0.020330105449764,0.0559259161630915,0.0385185104198306
"123","1990WALKER",115,"WALKER",1990,"no","Forest",1,"USF","PNF",100,472,134,28.4,28,93,69.7,19.8,0.00623445372179553,0.0730991308684247,0.0150335575858198
"124","1991BEAR",417,"BEAR",1991,"no","Forest",1,"USF","MNF",NA,339,15,4.5,4,13,84.7,3.8,0.0155722751918322,0.080971666284504,0.0296296488683999
"125","1991FROG",116,"FROG",1991,"yes","Forest",1,"NPS","YNP",0,1232,32,2.6,2,4,12.7,0.3,0.0266643134347765,0.0820868466404022,0.0478342715568129
"126","1991ILL",117,"ILL",1991,"no","Forest",1,"NPS","YNP",0,1430,250,17.5,17,91,36.4,6.4,0.00988491377085986,0.0633938281511904,0.021424296497464
"127","1991ROCK",118,"ROCK",1991,"no","Forest",1,"USF","SHF",94,451,240,53.2,53,231,96.3,51.2,0.00370085503880493,0.0894265451366287,0.00963046133468435
"128","1992CALLBOX",120,"CALLBOX",1992,"no","Forest",1,"USF","SQF",100,648,253,39,39,93,36.6,14.3,0.0092247049383178,0.0760643235421023,0.0215226795506001
"129","1992CHAGOOPA",121,"CHAGOOPA",1992,"yes","Forest",1,"NPS","KNP",0,255,17,6.7,6,5,29.1,1.9,0.0180206414000344,0.0656233390680138,0.0342151679682688
"130","1992CLEVELAND",418,"CLEVELAND",1992,"no","Forest",1,"USF","ENF",NA,9258,5252,56.7,56,2307,43.9,24.9,0.000967463384018037,0.0806602862431815,0.00662637617312638
"131","1992DOME",122,"DOME",1992,"no","Forest",1,"NPS","YNP",0,100,15,14.9,14,7,45.2,6.7,0.0183428790157766,0.0412222339143678,0.0317269174939226
"132","1992ITALIAN",123,"ITALIAN",1992,"no","Forest",1,"USF","SNF",74,888,11,1.2,1,4,33.3,0.4,0.0312827358947,0.0916924119842386,0.0547008353896651
"133","1992MUD",419,"MUD FIRE",1992,"no","Forest",1,"CDF","LMU",NA,311,205,66,66,205,100,66,0.00273770664997944,0.0070098879222417,0.0070098879222417
"134","1992OSTRANDER",124,"OSTRANDER",1992,"yes","Forest",1,"NPS","YNP",0,165,6,3.8,3,6,88.6,3.4,0.0162600726556691,0.0526881648027481,0.0295238054665863
"135","1992RAINBOW",125,"RAINBOW",1992,"no","Forest",1,"USF","INF",92,3422,828,24.2,24,287,34.7,8.4,0.00504891358687863,0.072721113426959,0.0159661762218857
"136","1992RATTLESNAKE",126,"RATTLESNAKE",1992,"yes","Forest",1,"NPS","KNP",0,138,13,9.3,9,10,80.4,7.5,0.0155251798105054,0.0800552046174314,0.0307692310434658
"137","1992RUBY",127,"RUBY",1992,"no","Forest",1,"USF","STF",77,1718,1209,70.4,70,1168,96.6,68,0.00118553882639211,0.0855488072043737,0.00608123134707681
"138","1993BUCK_PEAK",128,"BUCK PEAK",1993,"yes","Forest",1,"NPS","KNP",0,836,50,6,6,17,34.4,2.1,0.0179201414500926,0.0630826934242366,0.0326889282243638
"139","1994BARKLEY",130,"BARKLEY",1994,"no","Forest",1,"CDF","TGU",71,18124,544,3,3,332,61,1.8,0.00435821917013021,0.0817010261094237,0.0175091957566864
"140","1994BEAR",131,"BEAR",1994,"no","Forest",1,"USF","KNF",100,834,197,23.6,23,161,81.9,19.4,0.00304046529889787,0.0748935549028367,0.00996063837914124
"141","1994BIG_CREEK",132,"BIG CREEK",1994,"no","Forest",1,"USF","SNF",100,2383,546,22.9,22,187,34.2,7.8,0.00612950908995627,0.0728739668698776,0.0166967742739388
"142","1994COTTONWOOD",133,"COTTONWOOD",1994,"no","Forest",1,"USF","TNF",74,19621,8780,44.7,44,4805,54.7,24.5,0.00148834659967394,0.0752971025143049,0.00927194126946959
"143","1994CREEK",134,"CREEK",1994,"no","Forest",1,"CDF","TCU",85,591,103,17.4,17,77,75.2,13.1,0.00764869488407149,0.0815382557535468,0.0193511355153664
"144","1994FOUR_LANE",135,"FOUR LANE",1994,"no","Forest",1,"CDF","FKU",93,90,23,25.8,25,23,99.6,25.7,0.0135381682829553,0.0773024826287825,0.0217054004140435
"145","1994HIRSCHDALE",136,"HIRSCHDALE",1994,"no","Forest",1,"USF","TNF",79,445,99,22.2,22,41,41.7,9.2,0.0101273309831955,0.0736592212890646,0.0253939428281272
"146","1994HORIZON",137,"HORIZON",1994,"yes","Forest",1,"NPS","YNP",0,1337,66,4.9,4,21,31.4,1.5,0.0139330970003199,0.0645162677860647,0.0268670287850982
"147","1994JACK1",138,"JACK #1",1994,"no","Forest",1,"USF","KNF",100,11305,1252,11.1,11,154,12.3,1.4,0.00837002230021863,0.0761866325700436,0.0219487748642071
"148","1994LUCAS4",139,"LUCAS #4",1994,"no","Forest",1,"USF","SQF",79,2808,820,29.2,29,270,33,9.6,0.00750805462019529,0.0712629499686279,0.0237215279269075
"149","1994SPECIMEN",141,"SPECIMEN",1994,"no","Forest",1,"USF","KNF",100,3432,997,29,29,446,44.7,13,0.00325279640687803,0.0753908552418965,0.0109094148101751
"150","1994SUGARFOOT",420,"SUGARFOOT",1994,"no","Forest",1,"USF","MNF",NA,1106,162,14.7,14,46,28.7,4.2,0.0092438752339817,0.0729989808102781,0.0242223472647852
"151","1995CASTLE",142,"CASTLE WF",1995,"no","Forest",1,"NPS","KNP",0,736,17,2.3,2,3,15.3,0.4,0.0342432492431476,0.0830384128144771,0.0571929860741509
"152","1995HELESTER",143,"HELESTER",1995,"no","Forest",1,"USF","TNF",100,258,55,21.5,21,55,98.7,21.2,0.00564040220856302,0.0677320639817854,0.0134199096721747
"153","1995PONY",144,"PONY",1995,"no","Forest",1,"USF","KNF",100,852,179,21,21,146,81.4,17.1,0.00349413934372642,0.0685162898610989,0.0129518052265596
"154","1996ACKERSON",146,"ACKERSON",1996,"no","Forest",1,"NPS","YNP",19,24123,4078,16.9,16,319,7.8,1.3,0.00531742012768292,0.078362874383967,0.0172366541628848
"155","1996BIG_ARROYO",147,"BIG ARROYO",1996,"yes","Forest",1,"NPS","KNP",0,1410,48,3.4,3,7,14.9,0.5,0.0240609777611934,0.072460012530936,0.0444444448316623
"156","1996BOREL",148,"BOREL",1996,"no","Forest",1,"USF","SQF",100,1099,130,11.8,11,71,54.7,6.5,0.00879437041852958,0.0805618218947703,0.0211248286786434
"157","1996CASTLE_COMPLEX",149,"CASTLE COMPLEX",1996,"no","Forest",1,"NPS","KNP",0,1148,48,4.2,4,11,22.3,0.9,0.0173672673458318,0.0729105405751628,0.0322097370559242
"158","1996DIXIE",421,"DIXIE FIRE",1996,"no","Forest",1,"CDF","LMU",NA,576,289,50.2,50,285,98.6,49.4,0.0025571952564027,0.0751175746506661,0.00777261065646965
"159","1996FORK",422,"FORK",1996,"no","Forest",1,"USF","MNF",NA,33673,12366,36.7,36,2848,23,8.5,0.00241072435422186,0.0800246147755295,0.0149195670475718
"160","1996HOSPITAL",151,"HOSPITAL",1996,"no","Forest",1,"NPS","KNP",0,119,28,23.3,23,15,54.7,12.7,0.00941436726486221,0.0571973142488452,0.0196332274381125
"161","1996ILL",152,"ILL",1996,"yes","Forest",1,"NPS","YNP",0,233,3,1.3,1,1,35.3,0.5,0.0340536829369612,0.0946913948392779,0.0627450888990145
"162","1996KAWEAH",153,"KAWEAH",1996,"no","Forest",1,"NPS","KNP",0,1824,426,23.4,23,190,44.6,10.4,0.00610500301347531,0.0825945785855994,0.0169336385864083
"163","1996KENDRICK",154,"KENDRICK",1996,"yes","Forest",1,"NPS","YNP",0,344,7,2.1,2,6,88.6,1.8,0.0180940863100098,0.0641270009994575,0.0312236256944671
"164","1996KIBBIE",155,"KIBBIE",1996,"no","Forest",1,"NPS","YNP",56,118,9,7.8,7,9,93.1,7.2,0.0148350243989773,0.0470176372633294,0.0300653453454321
"165","1996MADDALENA",424,"MADDALENA",1996,"no","Forest",1,"USF","PNF",NA,1819,408,22.4,22,83,20.4,4.6,0.0118880760503479,0.0713748928643568,0.0256555978461575
"166","1996ROCK",156,"ROCK",1996,"no","Forest",1,"USF","SHF",100,1042,23,2.2,2,12,51.7,1.2,0.015067293191904,0.0802042361380398,0.0311621716033482
"167","1996ROGGE",157,"ROGGE",1996,"no","Forest",1,"USF","STF",93,8561,470,5.5,5,147,31.2,1.7,0.0092772815890584,0.0766290270512609,0.0239113804640687
"168","1997AMPHITHEATER",159,"AMPHITHEATER",1997,"no","Forest",1,"NPS","KNP",0,101,2,1.8,1,1,50,0.9,0.0377177801738281,0.0728042248330629,0.0666666575053512
"169","1997CHOKE",160,"CHOKE",1997,"no","Forest",1,"USF","SQF",100,1592,517,32.5,32,372,71.9,23.4,0.00311212573994752,0.0741695806270537,0.0134300845128439
"170","1997HUFFER",162,"HUFFER",1997,"no","Forest",1,"NPS","LNP",0,927,192,20.7,20,130,67.8,14,0.00439640811900859,0.0525075002778431,0.0120418035163881
"171","1997JACKS",163,"JACKS",1997,"no","Forest",1,"USF","SQF",99,2320,1501,64.7,64,1482,98.7,63.9,0.00127298399014187,0.0844892387478398,0.00564127136831724
"172","1997MAYBERT",425,"MAYBERT",1997,"no","Forest",1,"USF","TNF",NA,206,50,24.4,24,49,97.8,23.9,0.00488323095955022,0.0705891690959287,0.0113500583713098
"173","1997SUGARLOAF",164,"SUGARLOAF",1997,"yes","Forest",1,"NPS","KNP",0,135,7,5.1,5,5,78.9,4,0.013585621350965,0.0952706145136067,0.0329004378584858
"174","1998ROUGH",165,"ROUGH",1998,"no","Forest",1,"USF","SNF",100,379,8,2,2,2,21.2,0.4,0.0357298029875514,0.0770314647979959,0.0603921698730489
"175","1999BELL_WEST",167,"BELL WEST",1999,"no","Forest",1,"USF","MDF",80,941,84,9,8,46,54.3,4.9,0.00751477785548792,0.0878852780094537,0.0155579000520353
"176","1999BOHEMOTASH",426,"BOHEMOTASH",1999,"no","Forest",1,"USF","SHF",NA,2309,195,8.4,8,37,19,1.6,0.0129658405530072,0.0737213474205308,0.0287683797303178
"177","1999BUCKS",168,"BUCKS",1999,"no","Forest",1,"USF","PNF",81,13893,1377,9.9,9,107,7.7,0.8,0.00979290405850768,0.0740659085037315,0.0223363450424925
"178","1999CINDER",427,"CINDER",1999,"no","Forest",1,"USF","LNF",NA,298,107,35.9,35,106,98.8,35.5,0.00509616775809373,0.023732403934397,0.00970818912475703
"179","1999DEER",169,"DEER",1999,"yes","Forest",1,"USF","STF",100,140,4,2.9,2,2,54.3,1.6,0.0289663208057836,0.0664847943475251,0.0492754510562145
"180","1999DEVILSGAP",170,"DEVILS GAP",1999,"no","Forest",1,"USF","PNF",98,606,177,29.3,29,147,83,24.3,0.0049846395121571,0.0655711729135374,0.012022968478503
"181","1999EAST",172,"EAST",1999,"no","Forest",1,"USF","KNF",100,475,122,25.8,25,76,62.1,16,0.00831817064397618,0.0673504018004472,0.0194037156899837
"182","1999GUN2",428,"GUN II",1999,"no","Forest",1,"CDF","TGU",NA,24609,1032,4.2,4,348,33.8,1.4,0.00465672110579045,0.0726388509917716,0.014968220642219
"183","1999HIGH",429,"HIGH",1999,"no","Forest",1,"USF","SHF",NA,1332,105,7.9,7,30,28.8,2.3,0.012768247631165,0.0844113783711591,0.0287013264865474
"184","1999HIRAM",173,"HIRAM",1999,"yes","Forest",1,"USF","STF",100,1118,110,9.8,9,45,40.6,4,0.0111784319364303,0.0791424341217781,0.0263172352662111
"185","1999HORTON2",174,"HORTON 2",1999,"no","Forest",1,"USF","PNF",98,1643,365,22.2,22,90,24.8,5.5,0.00960056374097439,0.0695629926757389,0.022456829291273
"186","1999JACKASS",175,"JACKASS",1999,"no","Forest",1,"USF","SHF",91,2217,50,2.3,2,10,20.1,0.5,0.019688856950296,0.0792763668753211,0.0383512554949116
"187","1999LECONTE",176,"LECONTE",1999,"yes","Forest",1,"NPS","YNP",0,3584,325,9.1,9,104,32,2.9,0.00412703597460515,0.0764414776698704,0.0165389423601211
"188","1999LOOKOUT",177,"LOOKOUT",1999,"no","Forest",1,"USF","PNF",92,1062,124,11.6,11,65,52.2,6.1,0.00783156792602776,0.0665797320026597,0.020479300654959
"189","1999LOST_BEAR",178,"LOST BEAR",1999,"yes","Forest",1,"NPS","YNP",0,868,9,1,1,3,36.1,0.4,0.0288362625718191,0.0848682200485791,0.050859101160419
"190","1999LOST_VALLEY",179,"LOST VALLEY",1999,"no","Forest",1,"NPS","YNP",0,363,33,9,9,6,18.6,1.7,0.0230227564718316,0.0673820409748495,0.0399999984344578
"191","1999LUNCH",180,"LUNCH",1999,"no","Forest",1,"USF","SHF",89,825,34,4.1,4,17,50.4,2.1,0.0141632895853842,0.0770793275098385,0.0328889125271551
"192","1999MEGRAM",181,"MEGRAM",1999,"no","Forest",1,"USF","SHF",98,50779,7042,13.9,13,618,8.8,1.2,0.00462790270253936,0.0698240087263687,0.0161138034139162
"193","1999ONION",182,"ONION",1999,"no","Forest",1,"USF","SHF",99,6775,237,3.5,3,85,35.9,1.3,0.0101838584240769,0.0773370761607624,0.0266364531011884
"194","1999PIDGEN",183,"PIDGEON",1999,"no","Forest",1,"USF","PNF",96,1916,169,8.8,8,31,18.4,1.6,0.0115510612230206,0.0720772772233924,0.0240379448502232
"195","1999PILOT",184,"PILOT",1999,"no","Forest",1,"USF","STF",96,1647,734,44.5,44,348,47.5,21.1,0.00417536986641078,0.0734712395108455,0.0108619714750688
"196","1999REPTILE",186,"REPTILE",1999,"no","Forest",1,"USF","SHF",95,735,134,18.2,18,24,17.7,3.2,0.0113094075126406,0.055743539859785,0.0241939122648789
"197","1999RICHBAR_CMPLX",187,"RICHBAR COMPLEX",1999,"no","Forest",1,"USF","SQF",77,1027,386,37.6,37,238,61.6,23.2,0.00463874949224456,0.0768688221949411,0.0183429641221093
"198","1999SHEEP1",430,"SHEEP #1",1999,"no","Forest",1,"USF","SHF",NA,5019,500,10,9,145,29,2.9,0.00585027348876035,0.0819543564083852,0.0171821277923029
"199","1999SHEEP2",188,"SHEEP #2",1999,"no","Forest",1,"USF","SHF",78,1059,111,10.5,10,54,48.1,5.1,0.00933358921358154,0.0776936052361508,0.0199892879252982
"200","1999STAG",189,"STAG",1999,"no","Forest",1,"USF","PNF",100,190,6,3.2,3,5,80.9,2.6,0.0269172129781894,0.0625253054570635,0.044117662978113
"201","1999SUGAR",190,"SUGAR",1999,"no","Forest",1,"USF","SHF",80,2065,120,5.8,5,22,18.4,1.1,0.0184566828406923,0.0844974277913831,0.0375312291803259
"202","2000ARNOT",191,"ARNOT",2000,"yes","Forest",1,"USF","STF",100,252,6,2.2,2,2,39.7,0.9,0.025048072105474,0.0785777836030472,0.043386229364235
"203","2000BARK",431,"BARK",2000,"no","Forest",1,"USF","KNF",NA,764,241,31.5,31,111,46,14.5,0.00586671917561971,0.0714712390502603,0.0158175251342266
"204","2000CABBAGE",432,"CABBAGE",2000,"no","Forest",1,"USF","MNF",NA,587,19,3.3,3,3,17.2,0.6,0.0292252881244338,0.0868315113437416,0.0542635362830038
"205","2000HIGHWAY",192,"HIGHWAY",2000,"no","Forest",1,"CDF","FKU",80,273,29,10.7,10,15,50,5.3,0.0129575947513606,0.0724205821298723,0.0271604946055712
"206","2000JOURNEY",193,"JOURNEY",2000,"no","Forest",1,"USF","SRF",78,418,106,25.4,25,46,43.2,11,0.00883384379532808,0.0813030069705122,0.0210705214170759
"207","2000MANTER",194,"MANTER",2000,"no","Forest",1,"USF","SQF",70,32061,13978,43.6,43,8011,57.3,25,0.00100988250056903,0.0838770868259933,0.0108314332526632
"208","2000SAWMILL",195,"SAWMILL",2000,"no","Forest",1,"USF","INF",100,133,15,11.1,11,6,43,4.8,0.0232892956164942,0.0596141888225847,0.0416161572696165
"209","2000STORRIE",196,"STORRIE",2000,"no","Forest",1,"USF","PNF",92,22806,6273,27.5,27,1869,29.8,8.2,0.00225534654368639,0.0714624474365492,0.0094499094557116
"210","2000TOWN",433,"TOWN",2000,"no","Forest",1,"USF","MNF",NA,459,125,27.3,27,104,83.4,22.8,0.00604310108957414,0.0882659219168596,0.0166547093346995
"211","2001BELL",197,"BELL",2001,"no","Forest",1,"USF","MDF",100,1236,409,33.1,33,222,54.2,17.9,0.00481576476432993,0.0764545659826071,0.0178766073234629
"212","2001BLUE",198,"BLUE",2001,"no","Forest",2,"USF","MDF",95,13926,4086,29.3,29,1535,37.6,11,0.00365307977636173,0.0672137279919427,0.0126756876198357
"213","2001BRICEBURG",199,"BRICEBURG",2001,"no","Forest",1,"USF","SNF",74,300,44,14.8,14,28,63.6,9.4,0.0112930114580897,0.0411266487132564,0.0230769046828028
"214","2001BURNT",200,"BURNT",2001,"yes","Forest",1,"NPS","KNP",0,948,84,8.9,8,22,26,2.3,0.0148338347443714,0.0725835780294491,0.0305108987099356
"215","2001DARBY",201,"DARBY",2001,"no","Forest",1,"CDF","TCU",75,5830,1273,21.8,21,253,19.9,4.3,0.00616720207080271,0.0707724659117494,0.0172702870083033
"216","2001GAP",434,"GAP",2001,"no","Forest",1,"USF","TNF",NA,1013,663,65.5,65,663,99.9,65.4,0.00176703516435763,0.0707573202949356,0.00536099091535185
"217","2001HIGHWAY",202,"HIGHWAY",2001,"no","Forest",1,"USF","SQF",81,1691,169,10,10,32,19,1.9,0.0146963296961607,0.0661941640588731,0.029699838321026
"218","2001HOOVER",203,"HOOVER",2001,"yes","Forest",1,"NPS","YNP",0,3054,317,10.4,10,80,25.3,2.6,0.00961143887672041,0.0754669387114525,0.022434636381329
"219","2001HYAMPOM",204,"HYAMPOM",2001,"no","Forest",1,"USF","SHF",97,481,135,28.1,28,79,58.9,16.5,0.00585413831612487,0.0665568535441723,0.0135195070133593
"220","2001JONES",205,"JONES",2001,"no","Forest",1,"USF","KNF",93,637,77,12.1,12,18,23.3,2.8,0.0130368796359334,0.0692089083602119,0.0297244895347386
"221","2001MOORE",207,"MOORE",2001,"no","Forest",1,"CDF","TCU",100,238,10,4.2,4,6,60,2.5,0.0196413612973218,0.0659147720378998,0.0327273007445299
"222","2001MUSIC",208,"MUSIC",2001,"no","Forest",1,"USF","SNF",95,93,3,3.7,3,1,34.2,1.3,0.0395737793616802,0.0872972308015144,0.0684211653806247
"223","2001NORTH_FORK",209,"NORTH FORK",2001,"no","Forest",1,"USF","SNF",94,1697,471,27.8,27,141,29.9,8.3,0.00488998606076382,0.0653550344265753,0.0152319541148591
"224","2001ROCK",210,"ROCK",2001,"no","Forest",1,"USF","MDF",100,711,73,10.3,10,15,20.3,2.1,0.0197216294658628,0.0727073091472379,0.0361179391124973
"225","2001ROCK_CREEK",211,"ROCK CREEK",2001,"no","Forest",1,"USF","TNF",100,231,50,21.8,21,44,87.8,19.1,0.00639067810566527,0.0693652058324801,0.0144305274185892
"226","2001STAR",212,"STAR",2001,"no","Forest",2,"USF","ENF",72,6842,2424,35.4,35,1055,43.5,15.4,0.0021391449653209,0.0653827341756831,0.0101460512291436
"227","2001STREAM",213,"STREAM",2001,"no","Forest",2,"USF","PNF",100,1469,797,54.2,54,627,78.7,42.7,0.00218404200050918,0.0756768887062903,0.0100523187219551
"228","2001SWILLUP2",214,"SWILLUP II",2001,"no","Forest",1,"USF","KNF",99,3327,328,9.9,9,86,26.1,2.6,0.00892402822590925,0.0778283901748373,0.0244492941115286
"229","2001TREASURE",215,"TREASURE",2001,"no","Forest",1,"USF","TNF",88,152,38,24.9,24,34,88.8,22.1,0.00632877478994466,0.0578249245161038,0.0149724076646781
"230","2001TROUGH",435,"TROUGH",2001,"no","Forest",1,"USF","MNF",NA,10242,3188,31.1,31,773,24.2,7.5,0.00316289237749096,0.0775703732320648,0.0133407059663997
"231","2001WHITE",216,"WHITE",2001,"no","Forest",1,"USF","STF",100,101,26,25.3,25,26,100,25.3,0.0101547375493176,0.0184795377547542,0.0184795377547542
"232","2001WHITE_SQF",217,"WHITE",2001,"no","Forest",1,"USF","SQF",100,138,6,4.4,4,4,67.6,3,0.0219077349211208,0.0341238306309833,0.0333333375454236
"233","2002CONE",219,"CONE",2002,"no","Forest",2,"USF","LNF",83,824,338,41,40,308,91.1,37.3,0.00335763423970362,0.0684343933400349,0.00999202720722381
"234","2002FORKS",220,"FORKS",2002,"no","Forest",1,"USF","KNF",99,580,152,26.2,26,100,66.2,17.3,0.00777581879829429,0.0830912118116279,0.0185250669314822
"235","2002MCNALLY",222,"MCNALLY",2002,"no","Forest",2,"USF","SQF",99,61516,16836,27.4,27,2577,15.3,4.2,0.0025658180129192,0.0737656200457664,0.0124509377530854
"236","2002PALISADE",223,"PALISADE",2002,"yes","Forest",1,"NPS","KNP",0,612,111,18.2,18,34,30.4,5.5,0.0133282411767226,0.0735275796927132,0.0281098530128095
"237","2002PIUTE",224,"PIUTE",2002,"no","Forest",1,"USF","INF",100,158,44,27.5,27,12,28.5,7.8,0.0165477606257146,0.0451028312278755,0.0293552788081813
"238","2002PLUM",436,"PLUM",2002,"no","Forest",1,"USF","ENF",NA,745,40,5.4,5,7,16.4,0.9,0.0216626166367058,0.0641106580108156,0.0388888920733006
"239","2002SAINTPAULI",225,"SAINT PAULI",2002,"no","Forest",1,"USF","ENF",94,133,17,13.2,13,17,97.4,12.8,0.00837594221668513,0.0724282695238643,0.0189003263497378
"240","2002SHOWERS",226,"SHOWERS",2002,"no","Forest",2,"USF","TMU",100,117,31,26.4,26,14,46.8,12.3,0.0117886587297057,0.0535908930022235,0.0224171735564699
"241","2002STANZA",227,"STANZA",2002,"no","Forest",1,"USF","KNF",100,1171,220,18.8,18,57,26,4.9,0.00861772377854026,0.0686161496351372,0.0229632630593475
"242","2003ALBANITA",228,"ALBANITA",2003,"yes","Forest",1,"USF","SQF",100,928,97,10.5,10,24,25,2.6,0.0142707748187704,0.0569545520120068,0.0265060196559218
"243","2003COD_FISH",229,"COD FISH",2003,"no","Forest",1,"USF","TNF",100,341,14,4.3,4,7,49.7,2.1,0.0154600423639181,0.0842891603873936,0.0314700012677729
"244","2003COONEY",230,"COONEY",2003,"yes","Forest",1,"USF","SQF",100,818,164,20.1,20,47,28.3,5.7,0.0089484161290641,0.0670111610082337,0.0195540901998951
"245","2003DEAFY",439,"DEAFY",2003,"no","Forest",1,"USF","MNF",NA,1964,826,42.1,42,402,48.7,20.5,0.00461474614860273,0.0858532266400607,0.0128321469638929
"246","2003DEXTER",231,"DEXTER",2003,"yes","Forest",1,"USF","INF",100,995,74,7.4,7,26,35.9,2.7,0.013228134693053,0.0697494241715122,0.0264227577153334
"247","2003HAPPY_CAMP",440,"HAPPY CAMP",2003,"no","Forest",1,"USF","MNF",NA,622,13,2,2,5,37.4,0.8,0.024476163734781,0.0831186473894719,0.0455635296384215
"248","2003HOOKER",232,"HOOKER",2003,"yes","Forest",1,"USF","SQF",100,969,48,5,4,18,38.2,1.9,0.014450464661126,0.079407622444056,0.031857279884753
"249","2003KIBBIE",233,"KIBBIE CMPLX",2003,"yes","Forest",1,"NPS","YNP",53,2788,497,17.8,17,73,14.7,2.6,0.0119075207699017,0.0700064340058702,0.0250767854140705
"250","2003LOMA",234,"LOMA",2003,"no","Forest",1,"USF","SHF",100,1516,125,8.3,8,59,47.3,3.9,0.00766541942918692,0.076787554391873,0.0203915934681309
"251","2003MOUNTAIN",235,"MOUNTAIN CMPLX",2003,"yes","Forest",1,"USF","STF",100,1708,153,9,8,36,23.5,2.1,0.0152338721600759,0.0722879738797598,0.0332163700402636
"252","2003MUD",236,"MUD",2003,"yes","Forest",1,"USF","STF",100,1761,481,27.3,27,101,21.1,5.8,0.00791142934886726,0.0711867871893797,0.0213225387670005
"253","2003SNAKE_CARGYLE2",237,"SNAKE/CARGYLE2",2003,"no","Forest",1,"USF","SNF",100,336,15,4.5,4,10,68.6,3.1,0.0126706833493515,0.0226360787951462,0.0216962511691035
"254","2003SPANISH",441,"SPANISH",2003,"no","Forest",1,"USF","MNF",NA,2487,877,35.3,35,528,60.3,21.2,0.00223095033409357,0.0747787630409928,0.0113796266364107
"255","2003SUMMIT",238,"SUMMIT",2003,"yes","Forest",1,"USF","INF",100,2420,344,14.2,14,63,18.2,2.6,0.00934782365006194,0.0687077120092427,0.0217309433441773
"256","2003TUOLUMNE",239,"TUOLUMNE",2003,"no","Forest",1,"NPS","YNP",0,1456,174,11.9,11,49,28.3,3.4,0.0110102781785849,0.0685904356882055,0.0243080601296455
"257","2003WEST_KERN",240,"WEST KERN",2003,"yes","Forest",1,"NPS","KNP",56,3233,76,2.3,2,19,25,0.6,0.0155625244088732,0.0768381673744488,0.0316249670884622
"258","2003WHISKEY",241,"WHISKEY",2003,"yes","Forest",1,"NPS","YNP",0,455,61,13.4,13,14,23.7,3.2,0.0126405135474068,0.0733674179419134,0.0257531553219281
"259","2003WHIT",242,"WHIT",2003,"yes","Forest",1,"USF","STF",100,423,35,8.2,8,11,31.2,2.6,0.0190399500221793,0.0723692734467158,0.0373056578366798
"260","2003WILLIAMS",243,"WILLIAMS",2003,"yes","Forest",1,"NPS","KNP",0,1478,48,3.2,3,18,38,1.2,0.014612912232362,0.0743349123237292,0.0312617534510827
"261","2004BEAR",442,"BEAR",2004,"no","Forest",1,"CDF","SHU",NA,4226,679,16.1,16,372,54.9,8.8,0.00305114354199419,0.0763316802433661,0.0139233381117079
"262","2004BLUFF",244,"BLUFF",2004,"yes","Forest",1,"NPS","LNP",0,1379,81,5.9,5,12,14.9,0.9,0.0188255651813545,0.0896201610707944,0.0375138709548891
"263","2004COTTONWOOD",245,"COTTONWOOD",2004,"no","Forest",1,"USF","PNF",100,258,21,8,7,16,77.7,6.2,0.0101580738753793,0.0604985181350063,0.0229985505677318
"264","2004CRAG",246,"CRAG",2004,"no","Forest",1,"USF","SQF",100,352,94,26.7,26,47,49.7,13.3,0.00722677473391822,0.0708326216859016,0.0169847307427899
"265","2004EARLY",248,"EARLY",2004,"no","Forest",1,"USF","STF",100,700,161,23,22,93,58,13.3,0.00739574445056107,0.0825916296272699,0.0216916543493118
"266","2004EDDY54",249,"EDDY 54",2004,"no","Forest",1,"USF","KNF",100,377,4,1.2,1,2,42,0.5,0.0307803813041051,0.0861241668723025,0.0546666326059862
"267","2004FREDS",443,"FREDS",2004,"no","Forest",1,"USF","ENF",NA,3148,1602,50.9,50,1280,79.9,40.6,0.00166434833869136,0.0739621383810851,0.00805001838862164
"268","2004HETCHY",250,"HETCHY",2004,"no","Forest",1,"NPS","YNP",0,784,148,18.9,18,54,36.6,6.9,0.0138599826438752,0.0833231118659641,0.0287519746492352
"269","2004HOT_SPRINGS",251,"HOTSPRINGS",2004,"yes","Forest",1,"NPS","KNP",0,135,49,36.5,36,41,84.1,30.7,0.00722006013874298,0.0807466521399963,0.0206349224402787
"270","2004MEADOW",252,"MEADOW WFU",2004,"yes","Forest",1,"NPS","YNP",0,2036,292,14.3,14,38,13.1,1.9,0.0119401419239851,0.0617684297577109,0.0247700789117718
"271","2004NEHOUSE",253,"NEHOUSE",2004,"no","Forest",1,"USF","SNF",100,105,18,17.6,17,9,50,8.8,0.0127758107171587,0.0545138889040596,0.0222222348000824
"272","2004POWER",254,"POWER",2004,"no","Forest",1,"USF","ENF",80,6857,2573,37.5,37,1701,66.1,24.8,0.00281605746950184,0.0710237078440728,0.01142124757346
"273","2004SIMS",255,"SIMS",2004,"no","Forest",2,"USF","SRF",80,1633,794,48.6,48,754,95,46.2,0.00146861588060595,0.0696128302483724,0.00591270231919948
"274","2004SOURCE",256,"SOURCE",2004,"no","Forest",1,"USF","SNF",100,158,16,10.1,10,16,98.9,10,0.00898402329199209,0.0948236167436996,0.0191011125729343
"275","2004STRAYLOR",257,"STRAYLOR",2004,"no","Forest",2,"CDF","LMU",96,1341,526,39.2,39,239,45.5,17.8,0.00451060688757489,0.0793251633590374,0.0117440358245787
"276","2004TUOLUMNE",258,"TUOLUMNE",2004,"no","Forest",1,"USF","STF",93,293,139,47.2,47,130,93.9,44.3,0.00388320194386385,0.059197600703739,0.0109671855825961
"277","2005COMB",259,"COMB",2005,"yes","Forest",1,"NPS","KNP",11,4143,398,9.6,9,73,18.4,1.8,0.0118392573444585,0.0812682769414429,0.0274668449515098
"278","2005CRAG",260,"CRAG",2005,"yes","Forest",1,"USF","SQF",100,584,19,3.3,3,9,44,1.5,0.0191073813688705,0.0835956625318464,0.041357968155751
"279","2005DEER",444,"DEER",2005,"no","Forest",1,"USF","MNF",NA,720,380,52.7,52,371,97.8,51.6,0.00260942490928952,0.0830253122294992,0.00793388064856992
"280","2005HOGBACK",261,"HOGBACK",2005,"no","Forest",1,"USF","INF",100,270,19,7.1,7,15,76.9,5.4,0.00876869211733813,0.0612701185149161,0.019405307985936
"281","2005LAUREL",262,"LAUREL",2005,"yes","Forest",1,"NPS","YNP",0,195,7,3.5,3,6,82.7,2.9,0.0192293240315103,0.0818279457441831,0.0355555506692889
"282","2005WAPAMA",263,"WAPAMA",2005,"yes","Forest",1,"NPS","YNP",0,428,8,1.9,1,4,52.3,1,0.0256309390485853,0.102611368714447,0.0522727220189429
"283","2005WOOLEY",264,"WOOLEY",2005,"no","Forest",1,"USF","KNF",100,1352,88,6.5,6,15,16.8,1.1,0.0159166795724042,0.0647856852778186,0.0300854609630811
"284","2006BAKEOVEN_PIGEON",265,"BAKE OVEN & PIGEON",2006,"no","Forest",2,"USF","SHF",100,41153,7475,18.2,18,887,11.9,2.2,0.00441873167940037,0.0750377512942714,0.0149398429242594
"285","2006BASSETTS",266,"BASSETTS",2006,"no","Forest",2,"USF","TNF",94,1054,274,26,25,136,49.6,12.9,0.00546850926542026,0.0610206427401333,0.0137126645799746
"286","2006BOULDER_CMPLX",267,"BOULDER CMPLX",2006,"no","Forest",2,"USF","PNF",100,1416,507,35.8,35,335,66.1,23.7,0.00301632782129668,0.0764783951114741,0.0106360405908688
"287","2006BOUNDARY",268,"BOUNDARY",2006,"no","Forest",1,"NPS","YNP",0,192,10,5.2,5,9,89.1,4.6,0.0146304440126043,0.0910052788969105,0.0309090902438779
"288","2006BRODER_BECK",269,"BRODER BECK WFU",2006,"yes","Forest",1,"USF","SQF",100,1413,136,9.7,9,33,24.4,2.4,0.0151565819143144,0.0771433065798325,0.0332014047620756
"289","2006FROG",270,"FROG",2006,"yes","Forest",1,"NPS","YNP",0,2502,57,2.3,2,16,27.7,0.6,0.021041985911689,0.0775638926241666,0.0425690022835534
"290","2006GREASE",271,"GREASE",2006,"no","Forest",1,"USF","PNF",100,150,15,10.2,10,6,39.1,4,0.019888229788323,0.0787878188484425,0.0378698342381318
"291","2006HANCOCK",272,"HANCOCK",2006,"no","Forest",2,"USF","KNF",100,8837,533,6,6,52,9.7,0.6,0.0129125049145604,0.0763917220695138,0.0286191940675414
"292","2006HIGH",273,"HIGH",2006,"no","Forest",1,"USF","MDF",95,425,52,12.2,12,15,28.2,3.4,0.0200641131782308,0.0717425982284984,0.0380297847448595
"293","2006HUNTER",445,"HUNTER",2006,"no","Forest",2,"USF","MNF",NA,6592,775,11.7,11,198,25.6,3,0.00676948244516,0.0755621379465347,0.0210546627287506
"294","2006LAKIN",274,"LAKIN",2006,"no","Forest",1,"USF","SHF",100,200,114,57.1,57,100,87.5,50,0.0032467000800204,0.0779869214520516,0.0102806189051838
"295","2006LAVA",275,"LAVA",2006,"no","Forest",1,"USF","MDF",100,85,5,5.7,5,4,90.7,5.2,0.0214249623844385,0.0563268068926914,0.0370370208746108
"296","2006MIDDLET",276,"MIDDLET",2006,"no","Forest",1,"NPS","YNP",0,192,12,6.1,6,10,82.3,5,0.0137654267380358,0.0695089661970073,0.0266666680612694
"297","2006PANTHER",277,"PANTHER",2006,"no","Forest",2,"USF","SRF",84,366,8,2.2,2,2,25,0.5,0.0310304474223606,0.0688760317646556,0.0522726140015205
"298","2006RALSTON",278,"RALSTON",2006,"no","Forest",2,"USF","TNF",73,3524,85,2.4,2,18,21.3,0.5,0.0188990922128485,0.0776685881093479,0.0385779804264302
"299","2006RUSH",279,"RUSH",2006,"no","Forest",2,"USF","KNF",100,1972,171,8.7,8,62,36.3,3.2,0.00884399757633129,0.07337431604135,0.0229002263791241
"300","2006SAWMILL",280,"SAWMILL",2006,"no","Forest",1,"USF","INF",80,3017,1907,63.2,63,1727,90.6,57.3,0.00120488314631394,0.0952039127016759,0.00723843513534173
"301","2006SMITH",281,"SMITH",2006,"no","Forest",1,"USF","SQF",100,94,40,42.5,42,27,66.9,28.5,0.00707155652125491,0.0485035563465894,0.0174174115054735
"302","2006SOMES",282,"SOMES",2006,"no","Forest",2,"USF","SRF",100,6275,239,3.8,3,77,32.2,1.2,0.00719641885997398,0.0859797901802448,0.0223555893395174
"303","2006TAMARACK",283,"TAMARACK WFU",2006,"yes","Forest",1,"USF","SQF",100,1891,133,7,7,26,19.4,1.4,0.0165303286098995,0.0801664842327965,0.0322754825609648
"304","2006TITUS",284,"TITUS",2006,"no","Forest",2,"USF","KNF",100,2499,402,16.1,16,76,18.9,3,0.00847816251172939,0.0709197020076862,0.0214603763000026
"305","2006UNCLES",285,"UNCLES",2006,"no","Forest",2,"USF","KNF",100,1571,375,23.9,23,236,62.9,15,0.00496439073608644,0.0694846222618117,0.0155529002221111
"306","2007ANGORA",286,"ANGORA",2007,"no","Forest",2,"USF","TMU",89,1264,613,48.5,48,472,76.9,37.3,0.00290755473683789,0.0879744504710579,0.00899556195997359
"307","2007ANTELOPE_CMPLX",287,"ANTELOPE CMPLX",2007,"no","Forest",2,"USF","PNF",98,9369,4860,51.9,51,3683,75.8,39.3,0.0014648828622415,0.0741530198324415,0.00882284369156283
"308","2007BABCOCK",288,"BABCOCK",2007,"yes","Forest",1,"NPS","YNP",0,107,5,5,4,2,33.9,1.7,0.0360931752585646,0.079794229046484,0.0587570534710104
"309","2007BALD",289,"BALD WFU",2007,"yes","Forest",1,"NPS","YNP",0,169,26,15.5,15,12,43.8,6.8,0.0148236548451368,0.0601157747723616,0.0276255745147688
"310","2007CHINA",290,"CHINA",2007,"no","Forest",2,"USF","KNF",93,1198,218,18.2,18,80,36.6,6.6,0.00803488599106111,0.0691709459249939,0.0181147621345566
"311","2007COLBY",291,"COLBY",2007,"no","Forest",1,"USF","LNF",100,118,19,15.8,15,13,72,11.3,0.016420801199899,0.0678366512570397,0.0289854918345195
"312","2007ELK",292,"ELK",2007,"no","Forest",2,"USF","KNF",100,466,65,13.9,13,24,36.4,5.1,0.0116508154015153,0.0766734537452067,0.0265004351981066
"313","2007ELK_CMPLX",293,"ELK CMPLX",2007,"no","Forest",2,"USF","KNF",99,5532,784,14.2,14,196,25,3.5,0.0101350420169062,0.0720874592170991,0.024601537476926
"314","2007FLETCHER",448,"FLETCHER",2007,"no","Forest",2,"USF","MDF",NA,3298,2474,75,75,1490,60.2,45.2,0.00131193216481327,0.0795792730965254,0.00603707398334874
"315","2007GOLDLEDGE",294,"GOLDLEDGE",2007,"no","Forest",2,"USF","SQF",100,1781,966,54.3,54,866,89.6,48.6,0.00172511725758435,0.0844138220252845,0.00882000193241103
"316","2007GROUSE",295,"GROUSE",2007,"no","Forest",1,"USF","SQF",100,449,159,35.5,35,82,51.4,18.3,0.00634830514718685,0.0611147287940454,0.0162912895990872
"317","2007LITTLEGRIDER",297,"LITTLE GRIDER",2007,"no","Forest",2,"USF","KNF",99,891,47,5.2,5,6,11.9,0.6,0.022972633173573,0.071785507419865,0.0408477945626437
"318","2007MOONLIGHT",298,"MOONLIGHT",2007,"no","Forest",2,"USF","PNF",71,26390,14706,55.7,55,5136,34.9,19.5,0.00101690102776922,0.0788236148965077,0.00674624031415697
"319","2007OHAREL",299,"OHAREL",2007,"yes","Forest",1,"USF","INF",100,264,5,1.9,1,3,51.8,1,0.0224207015748688,0.0775606258703947,0.0440475828696085
"320","2007VISTA",301,"VISTA",2007,"no","Forest",2,"USF","SQF",100,170,47,27.8,27,36,77,21.4,0.0118839327997979,0.0723392817715167,0.0228571552049437
"321","2008ANTHONYMILNE",302,"ANTHONY MILNE",2008,"no","Forest",2,"USF","KNF",100,777,59,7.7,7,33,55.2,4.2,0.00980284663942604,0.0856765924899266,0.02158345949733
"322","2008BACK",450,"BACK",2008,"no","Forest",2,"USF","MNF",NA,636,41,6.4,6,7,18.2,1.2,0.019189092746916,0.056104372039642,0.0350183314784863
"323","2008BONANZA",303,"BONANZA",2008,"no","Forest",2,"USF","SRF",100,555,6,1,1,3,55.6,0.6,0.026431465252227,0.0915398070760844,0.0529100626624307
"324","2008BUCKHORN",304,"BUCKHORN",2008,"no","Forest",2,"USF","SHF",99,12343,2093,17,16,309,14.7,2.5,0.00517289461216826,0.0701460619219246,0.0162799958534087
"325","2008CAREY",305,"CAREY",2008,"no","Forest",2,"USF","SHF",100,1527,220,14.4,14,53,24.2,3.5,0.00971113791075522,0.0736475344991164,0.0239050297490635
"326","2008CARIBOU",306,"CARIBOU",2008,"no","Forest",2,"USF","KNF",100,5319,1084,20.4,20,133,12.3,2.5,0.00689570687738777,0.0668972570902971,0.0175791545460011
"327","2008CASCADEL",307,"CASCADEL",2008,"no","Forest",1,"USF","SNF",100,112,30,27,27,30,97.3,26.3,0.0102983674982783,0.0500167596152472,0.0180392179656772
"328","2008CEDAR",308,"CEDAR",2008,"no","Forest",2,"USF","SHF",96,10297,1926,18.7,18,606,31.4,5.9,0.0039433492089685,0.0715176791160433,0.0162168848608266
"329","2008CLOVER",309,"CLOVER",2008,"no","Forest",2,"USF","SQF",100,5992,3542,59.1,59,2923,82.5,48.8,0.00145635224041366,0.0802273557186348,0.00741077415212363
"330","2008COLD",310,"COLD",2008,"no","Forest",2,"USF","PNF",99,2299,1105,48.1,48,836,75.6,36.4,0.00173899065733644,0.0651275832066041,0.00892562747837414
"331","2008CORRAL",451,"CORRAL",2008,"no","Forest",2,"CDF","LMU",NA,4879,1659,34,33,701,42.3,14.4,0.00400749772608203,0.0760477188993955,0.0133929066703541
"332","2008CUB",311,"CUB",2008,"no","Forest",2,"USF","LNF",99,6106,1159,19,18,336,29,5.5,0.00633580447375837,0.0764836272673282,0.0186334128328935
"333","2008DOME_ROCK",312,"DOME ROCK",2008,"no","Forest",1,"USF","STF",100,374,75,20.1,20,40,52.6,10.6,0.00750368167012826,0.0570342003180202,0.0166864366336551
"334","2008EAGLE",313,"EAGLE",2008,"no","Forest",2,"USF","SHF",88,12994,1403,10.8,10,215,15.4,1.7,0.00760653339668727,0.0756894226178556,0.0202496582591721
"335","2008FALL",452,"FALL",2008,"no","Forest",2,"USF","TNF",NA,982,100,10.2,10,94,94.2,9.6,0.00565462776559615,0.0607188098015953,0.012997907279905
"336","2008FRIENDDARNELL",453,"FRIEND DARNELL",2008,"no","Forest",2,"USF","PNF",NA,1671,491,29.4,29,427,86.9,25.6,0.00260184937944505,0.0758558676311288,0.0105211923883221
"337","2008GOVERNMENT",314,"GOVERNMENT, WESTVILLE",2008,"no","Forest",2,"USF","TNF",92,8360,2052,24.5,24,1516,73.9,18.1,0.00200737994340369,0.0758592709865758,0.0125061882363385
"338","2008GRANITE",315,"GRANITE",2008,"no","Forest",1,"USF","SHF",100,275,33,12,11,33,98.6,11.8,0.00651790756016198,0.102983679917368,0.0163487678440032
"339","2008GROUSE",454,"GROUSE",2008,"no","Forest",2,"USF","MNF",NA,2611,176,6.7,6,130,73.8,5,0.00566407092199717,0.0810299589404634,0.0168029982706383
"340","2008GULCH",316,"GULCH",2008,"no","Forest",2,"USF","SHF",97,1165,600,51.5,51,449,74.8,38.5,0.0030200268676885,0.0731656664347431,0.00952948890876817
"341","2008HALF",317,"HALF",2008,"no","Forest",2,"USF","SRF",93,6184,105,1.7,1,27,25.8,0.4,0.0172864421691755,0.0752106038435657,0.033361893811726
"342","2008HIDDEN",318,"HIDDEN",2008,"no","Forest",1,"NPS","KNP",0,1492,68,4.6,4,14,21,1,0.0195241758402456,0.0783135454429195,0.038271608744693
"343","2008HONEYBEE",319,"HONEYBEE",2008,"yes","Forest",2,"USF","INF",100,563,185,32.8,32,77,42,13.8,0.00789500269112472,0.0621089990672149,0.0168346886104325
"344","2008IRON",320,"IRON,HARVEY,SLIDES,THOMES,VINEGAR",2008,"no","Forest",2,"USF","MNF",97,21310,1723,8.1,8,347,20.1,1.6,0.00530927257378243,0.0753377266096671,0.0170294716767298
"345","2008IRONSIDE",321,"IRONSIDE",2008,"no","Forest",2,"USF","SHF",100,5350,189,3.5,3,30,15.6,0.6,0.0109144763722808,0.0734331737949077,0.0257798883978562
"346","2008JAKE",322,"JAKE",2008,"no","Forest",2,"USF","KNF",100,15649,2518,16.1,16,409,16.3,2.6,0.00736670889750272,0.07398258464569,0.0205774371016404
"347","2008LIME",323,"LIME",2008,"no","Forest",2,"USF","SHF",91,10898,621,5.7,5,63,10.1,0.6,0.0124528586108837,0.0770713650429101,0.0290861933781607
"348","2008MILL",455,"MILL",2008,"no","Forest",1,"CDF","TGU",NA,5612,757,13.5,13,44,5.9,0.8,0.0179608953230839,0.0716754628889083,0.0359506453331813
"349","2008MILL_MNF",456,"MILL",2008,"no","Forest",2,"USF","MNF",NA,1238,51,4.1,4,22,42.3,1.7,0.014406815359876,0.0792811042013786,0.0321596195857718
"350","2008MINERS",324,"MINERS",2008,"no","Forest",2,"USF","SHF",99,10346,962,9.3,9,107,11.1,1,0.00879813183342134,0.0736081776956324,0.0227581723963367
"351","2008MONKEYROCK",457,"MONKEY ROCK",2008,"no","Forest",2,"USF","MNF",NA,783,51,6.5,6,35,68,4.4,0.0110191981871268,0.0706311712759006,0.025441708130408
"352","2008NORTHMOUNTAIN",325,"NORTH MOUNTAIN",2008,"no","Forest",2,"USF","STF",72,1207,163,13.5,13,62,37.8,5.1,0.00832178210747767,0.0705993669829909,0.0212154341588609
"353","2008OLIVER",326,"OLIVER",2008,"no","Forest",1,"USF","SNF",95,1138,112,9.8,9,47,41.9,4.1,0.0100233484089001,0.0784337183590206,0.0245105864472961
"354","2008ONION2",458,"ONION2",2008,"no","Forest",2,"USF","LNF",NA,2145,386,18,17,137,35.4,6.4,0.00663085845737247,0.0743760686937435,0.019987582353479
"355","2008PANTHER_MERRILL_HAYPRESS",327,"PANTHER, MERRILL, HAYPRESS",2008,"no","Forest",2,"USF","KNF",100,28457,7333,25.8,25,2200,30,7.7,0.00271073809064688,0.0713943358029394,0.0130106242663999
"356","2008PEAVINE",328,"PEAVINE",2008,"no","Forest",2,"USF","TNF",70,259,3,1,1,2,83.3,0.9,0.0229837731922932,0.0782229509896652,0.0422223393256586
"357","2008PIUTE",329,"PIUTE",2008,"no","Forest",2,"USF","SQF",89,15041,7852,52.2,52,5373,68.4,35.7,0.00216819412643878,0.0776423923748948,0.00859723338275734
"358","2008RICH",330,"RICH",2008,"no","Forest",2,"USF","PNF",89,2594,773,29.8,29,658,85.1,25.4,0.00251595887327433,0.068019288407129,0.00942659363890808
"359","2008SCOTCH",331,"SCOTCH, SOUTH FREY",2008,"no","Forest",2,"USF","PNF",92,10421,701,6.7,6,55,7.8,0.5,0.0113095053353118,0.0730616836801963,0.0252882290096531
"360","2008SCOTCHMAN",459,"SCOTCHMAN",2008,"no","Forest",2,"USF","TNF",NA,508,83,16.3,16,38,45.3,7.4,0.0116201563216759,0.0671818121635117,0.0227994198342251
"361","2008SHERWIN",332,"SHERWIN",2008,"no","Forest",1,"USF","INF",100,137,13,9.3,9,12,90.8,8.5,0.0133328075844975,0.0720505109517088,0.0258215919540763
"362","2008SISKIYOUBLUE2COMPLEX",333,"SISKIYOU BLUE2 COMPLEX",2008,"no","Forest",2,"USF","SRF",100,40593,6545,16.1,16,681,10.4,1.7,0.00469559326192004,0.0738137329942859,0.0160644427345132
"363","2008SLIDE",334,"SLIDE",2008,"no","Forest",2,"USF","SHF",93,478,13,2.7,2,2,18.3,0.5,0.0281512552511347,0.076497258682983,0.0502347010464746
"364","2008TEHIPITE",335,"TEHIPITE",2008,"no","Forest",1,"USF","SNF",62,4881,326,6.7,6,30,9.2,0.6,0.0131681181358234,0.0687659202789986,0.0284691623237514
"365","2008TELEPHONE",336,"TELEPHONE",2008,"no","Forest",2,"USF","SHF",98,2983,424,14.2,14,70,16.5,2.3,0.00929155889677807,0.0703213954845151,0.0228899633827679
"366","2008TROUGH",337,"TROUGH",2008,"no","Forest",2,"USF","SHF",97,1515,525,34.7,34,186,35.4,12.3,0.00453039392756336,0.0706344336676317,0.0126756549943121
"367","2008YELLOW",461,"YELLOW,CAMP,JOHNSON",2008,"no","Forest",2,"USF","MNF",NA,13257,1848,13.9,13,809,43.8,6.1,0.00250626626704434,0.0715985235250932,0.0139220447761907
"368","2008ZEIGLER",338,"ZEIGLER",2008,"no","Forest",2,"USF","SHF",100,1006,20,1.9,1,9,47.5,0.9,0.0152327939426804,0.0795088455465177,0.0322580659936276
"369","2009BACKBONE",339,"LT-17(BACKBONE)",2009,"no","Forest",2,"USF","SRF",100,2102,530,25.2,25,343,64.7,16.3,0.00365669768980821,0.0837004321820557,0.0121815434493266
"370","2009BIG_MEADOW",340,"BIG MEADOW",2009,"no","Forest",1,"NPS","YNP",3,3091,485,15.7,15,159,32.9,5.2,0.0062376826990395,0.0756019575312261,0.0212008866529444
"371","2009BLACKJACK",341,"BLACKJACK",2009,"no","Forest",1,"USF","INF",100,113,11,9.5,9,9,82.4,7.8,0.0138987959999445,0.0620079696646345,0.0268907586871404
"372","2009BROWN",342,"BROWN",2009,"no","Forest",2,"USF","LNF",91,734,309,42,42,271,87.9,37,0.00277592539274706,0.0483842957268324,0.010027101017278
"373","2009CHALK",343,"CHALK",2009,"no","Forest",1,"CDF","SHU",97,2786,483,17.4,17,257,53.1,9.2,0.00634972123010936,0.069626198363247,0.0166575802971969
"374","2009ELEPHANT",344,"ELEPHANT",2009,"no","Forest",1,"USF","PNF",78,174,5,3.2,3,2,32.8,1,0.029633900163537,0.0599734643967359,0.0524589355890368
"375","2009FAIRFIELD",345,"FAIRFIELD",2009,"yes","Forest",1,"NPS","LNP",0,673,33,4.9,4,12,37.5,1.8,0.0166129389894285,0.0661518395057483,0.0329710107210695
"376","2009GOOSE",462,"GOOSE",2009,"no","Forest",1,"CDF","SHU",NA,1684,383,22.7,22,224,58.5,13.3,0.00359574653971483,0.0608141488094359,0.0108192626381871
"377","2009GRANITE",347,"GRANITE",2009,"no","Forest",2,"USF","SQF",100,577,12,2.1,2,5,38.3,0.8,0.0209966481558541,0.0538389148525107,0.0360902383838549
"378","2009GROUSE",348,"GROUSE",2009,"yes","Forest",1,"NPS","YNP",0,1253,45,3.6,3,12,25.6,0.9,0.010583241467979,0.0711086811458243,0.0228182194256914
"379","2009HARDEN",349,"HARDEN",2009,"yes","Forest",1,"NPS","YNP",0,681,180,26.5,26,144,80.1,21.2,0.00769575289625377,0.0478669700727597,0.018284952278208
"380","2009KNIGHT",350,"KNIGHT",2009,"no","Forest",2,"USF","STF",84,2501,74,3,2,30,40.6,1.2,0.0127004239426184,0.0740108344239831,0.030133644221617
"381","2009MILFORD_GRADE",351,"MILFORD_GRADE",2009,"no","Forest",1,"USF","PNF",100,132,1,1,1,1,60,0.6,0.037743525638701,0.0629628159029445,0.0622220675131913
"382","2009REDROCK",352,"REDROCK",2009,"no","Forest",2,"USF","KNF",100,555,58,10.4,10,15,26.1,2.7,0.0153910628026152,0.0658684226572832,0.0289583449731652
"383","2009REDSPOT",353,"REDSPOT",2009,"no","Forest",2,"USF","SHF",100,468,170,36.4,36,124,72.6,26.4,0.00465158739244015,0.0731919989135826,0.016230364657444
"384","2009SHOTGUN",354,"SHOTGUN",2009,"yes","Forest",2,"USF","SQF",100,386,33,8.4,8,18,55.8,4.7,0.0178492488682083,0.0673580960125542,0.0342541458651461
"385","2009SILVER",355,"SILVER",2009,"no","Forest",1,"USF","PNF",100,127,52,40.8,40,52,99.1,40.5,0.00814675140226464,0.0402753512108566,0.014334468152659
"386","2009SUGARLOAF",356,"SUGARLOAF",2009,"no","Forest",2,"USF","LNF",81,3807,1844,48.4,48,1478,80.2,38.8,0.00163417957219309,0.0763254014865503,0.00905177942195359
"387","2009TENNANT",357,"TENNANT",2009,"no","Forest",2,"USF","KNF",79,1288,848,65.8,65,531,62.7,41.2,0.00175294050772954,0.0783558688059079,0.00693181132420155
"388","2009WILDCAT",358,"WILDCAT",2009,"yes","Forest",1,"NPS","YNP",0,546,161,29.5,29,65,40.6,12,0.00861864570329533,0.0805504523892406,0.0211834561771399
"389","2010BAR",359,"BAR",2010,"no","Forest",2,"USF","PNF",100,421,20,4.8,4,10,48.9,2.3,0.0206070412951675,0.0629086002344272,0.0355555629819023
"390","2010PINECREST",361,"PINECREST",2010,"no","Forest",1,"USF","STF",100,367,6,1.5,1,3,47.6,0.7,0.0215365047199642,0.056187901899947,0.0391534217960224
"391","2010SHEEP",362,"SHEEP",2010,"yes","Forest",2,"NPS","KNP",65,3663,163,4.5,4,47,28.8,1.3,0.0129862260397032,0.0735401947204982,0.0278634357767008
"392","2011BALD",363,"BALD",2011,"no","Forest",1,"NPS","YNP",0,84,10,12.5,12,10,91.4,11.4,0.0161060479571334,0.0877920444078401,0.0301994281240425
"393","2011COUGAR",364,"COUGAR",2011,"no","Forest",1,"USF","MDF",100,729,491,67.4,67,485,98.7,66.5,0.00201384624890016,0.0813684291261732,0.00579604781570029
"394","2011LION",365,"LION",2011,"no","Forest",1,"USF","SQF",93,8472,1241,14.7,14,407,32.8,4.8,0.00441789993045375,0.0683429304732776,0.0144575411676318
"395","2011MOTOR",366,"MOTOR",2011,"no","Forest",1,"USF","SNF",96,2117,961,45.4,45,673,70,31.8,0.00261922735374593,0.0698602289564755,0.00970777541345804
"396","2011ONION",367,"ONION",2011,"no","Forest",1,"USF","KNF",100,231,34,14.7,14,34,100,14.7,0.0067878081643601,0.0119613003102945,0.0119613003102945
"397","2011RUTH",368,"RUTH",2011,"no","Forest",1,"USF","SRF",83,590,94,15.9,15,34,36.7,5.8,0.0105064750869774,0.0549859596344698,0.0214603146358019
"398","2011TAMARACK",370,"TAMARACK",2011,"no","Forest",1,"NPS","YNP",0,414,151,36.4,36,130,86.5,31.5,0.00515746125102249,0.0874932456113233,0.0129300114762397
"399","2011WILLOWS",371,"WILLOWS",2011,"no","Forest",1,"USF","SQF",100,137,27,20,19,17,63.2,12.6,0.0121103090435949,0.0656122775370316,0.0258771990276168
"400","2012BAGLEY",372,"BAGLEY",2012,"no","Forest",2,"USF","SHF",70,18616,3855,20.7,20,1425,37,7.7,0.00292630410712405,0.074579021093953,0.0152217927287249
"401","2012BEAR",373,"BEAR",2012,"no","Forest",2,"USF","SNF",100,384,141,36.7,36,83,59.1,21.7,0.0037496230206095,0.0844200847490688,0.0137292052457901
"402","2012CASCADE",374,"CASCADE",2012,"yes","Forest",1,"NPS","YNP",0,692,14,2,1,4,30.5,0.6,0.0264344413901302,0.0817138046797785,0.0498896267445781
"403","2012CHIPS",375,"CHIPS",2012,"no","Forest",2,"USF","PNF",88,30898,6531,21.1,21,996,15.2,3.2,0.00375960455624871,0.0731511734107168,0.0146871059802846
"404","2012CLEAR",376,"CLEAR",2012,"no","Forest",1,"CCO","KRN",91,590,220,37.3,37,207,94.1,35.1,0.00227496908755195,0.109622847727502,0.0088325013474029
"405","2012FLAT",377,"FLAT",2012,"no","Forest",2,"USF","SHF",99,685,60,8.8,8,23,37.5,3.3,0.0118145705344231,0.0702546137593958,0.0252600280178353
"406","2012GEORGE",378,"GEORGE",2012,"no","Forest",2,"USF","SQF",100,694,99,14.3,14,62,62.4,8.9,0.00789194789166975,0.0729581190960361,0.0192110799484341
"407","2012GOFF",379,"GOFF",2012,"no","Forest",2,"USF","KNF",95,9504,2224,23.4,23,206,9.3,2.2,0.00712895619392187,0.0742909177864147,0.0184966615024216
"408","2012MILL",463,"MILL",2012,"no","Forest",2,"USF","MNF",NA,11957,4888,40.9,40,2350,48.1,19.7,0.00257063208368946,0.076799837083328,0.0134789932344224
"409","2012MILL_CDF",464,"MILL",2012,"no","Forest",1,"CDF","BTU",NA,670,84,12.5,12,51,61.1,7.6,0.00950913617112664,0.0783544167534194,0.0238453270680906
"410","2012NORTH_PASS",465,"NORTH PASS",2012,"no","Forest",2,"USF","MNF",NA,17008,4447,26.1,26,526,11.8,3.1,0.00449721888607577,0.0711963872482752,0.0150389639148333
"411","2012PEAK",380,"PEAK",2012,"no","Forest",1,"USF","PNF",95,320,79,24.7,24,30,37.6,9.3,0.0208280662415851,0.084914422683184,0.0396254721192901
"412","2012RAMSEY",381,"RAMSEY",2012,"no","Forest",2,"USF","STF",95,482,78,16.2,16,34,43.8,7.1,0.0116410634427216,0.0737109568567036,0.0267274117597044
"413","2012READING",382,"READING",2012,"no","Forest",2,"NPS","LNP",39,11361,3744,33,32,771,20.6,6.8,0.00376035887989273,0.0726443995264496,0.0136896145454197
"414","2012SALT_CREEK",383,"SALT CREEK",2012,"no","Forest",2,"USF","SHF",82,422,253,60,60,227,89.5,53.7,0.00455401930569946,0.0939240124622795,0.0141307795818238
"415","2012STAFFORD",384,"STAFFORD",2012,"no","Forest",2,"USF","SHF",93,1790,754,42.1,42,255,33.8,14.3,0.00338811267072161,0.0689558293358341,0.010690405736975
"416","2012WOODS_CREEK",385,"WOODS CREEK",2012,"no","Forest",1,"NPS","KNP",0,152,9,5.8,5,2,25.5,1.5,0.03039172018107,0.0807754886978931,0.0510204223502914
"417","2013AMERICAN",386,"AMERICAN",2013,"no","Forest",2,"USF","TNF",81,11114,3506,31.5,31,1095,31.2,9.9,0.00415381767265253,0.076251768352717,0.0142662927341867
"418","2013ASPEN",387,"ASPEN",2013,"no","Forest",2,"USF","SNF",100,9337,1667,17.9,17,194,11.6,2.1,0.00629085012364125,0.0713384178990709,0.0195041909022068
"419","2013BUTLER",388,"BUTLER",2013,"no","Forest",1,"USF","SRF",99,9146,1836,20.1,20,244,13.3,2.7,0.00797921173750454,0.0718228008258932,0.0200296035324401
"420","2013CORRAL_CMPLX",389,"CORRAL COMPLEX",2013,"no","Forest",2,"USF","SRF",100,5401,1813,33.6,33,616,34,11.4,0.00395051787484813,0.0764126738609536,0.0138327600301951
"421","2013FISH",390,"FISH",2013,"no","Forest",2,"USF","SQF",100,852,227,26.6,26,123,54.2,14.4,0.00583579240427876,0.0751226812940256,0.0164495325222079
"422","2013KYBURZ",466,"KYBURZ",2013,"no","Forest",1,"USF","ENF",NA,232,14,6.1,6,8,59.9,3.7,0.0201604173611507,0.0650067841534855,0.0348195391486642
"423","2013POWER",391,"POWER",2013,"no","Forest",1,"USF","STF",100,435,100,22.9,22,90,90,20.6,0.00735284737369234,0.0794919109383218,0.0169969968378986
"424","2013RIM",392,"RIM",2013,"no","Forest",2,"USF","STF",60,104038,36774,35.3,35,16770,45.6,16.1,0.00113228827205363,0.0744117458676279,0.00917176680150001
"425","2013SALMON_RIVER_CMPLX",393,"SALMON RIVER CMPLX",2013,"no","Forest",1,"USF","KNF",100,5986,1411,23.6,23,324,23,5.4,0.005386257190918,0.0769196730704364,0.0164784978628484
"426","2013SHIRLEY",394,"SHIRLEY",2013,"no","Forest",1,"USF","SQF",100,157,54,34.6,34,50,91.7,31.7,0.00694991769338454,0.0392365271420112,0.0156473842140728
"427","2013WINDY_PEAK",395,"WINDY PEAK",2013,"no","Forest",2,"NPS","KNP",0,291,79,27,26,22,28.5,7.7,0.0123567872062855,0.0559581156742563,0.0237121225083928
"428","2014BALD",396,"BALD",2014,"no","Forest",1,"USF","LNF",79,16128,8371,51.9,51,2425,29,15,0.00148206999954562,0.0741523625608364,0.00922239847495801
"429","2014BEAVER",467,"BEAVER",2014,"no","Forest",1,"USF","KNF",NA,13274,4534,34.2,34,1052,23.2,7.9,0.00255393548295864,0.0709833197980046,0.0111005699548729
"430","2014EILER",468,"EILER",2014,"no","Forest",1,"USF","LNF",NA,13453,8015,59.6,59,4447,55.5,33.1,0.000974720090071405,0.0810955128656846,0.0065178143990503
"431","2014FRENCH",399,"FRENCH",2014,"no","Forest",1,"USF","SNF",100,5621,1625,28.9,28,472,29,8.4,0.00522088272581253,0.0790744776107667,0.0172177022121501
"432","2014HAPPY_CAMP_CMPLX",400,"HAPPY CAMP CMPLX",2014,"no","Forest",1,"USF","KNF",98,53948,9698,18,17,785,8.1,1.5,0.00266244318659135,0.0674322512832479,0.0121474141310823
"433","2014KING",401,"KING",2014,"no","Forest",1,"CDF","AEU",65,39265,18478,47.1,47,11296,61.1,28.8,0.00348767642737284,0.0698212812424493,0.00610456824382168
"434","2014LITTLE_DEER",402,"LITTLE DEER",2014,"no","Forest",1,"USF","KNF",75,2226,1017,45.7,45,442,43.5,19.9,0.000863871311132811,0.0785025559699108,0.013049184006484
"435","2014NICOLLS",403,"NICOLLS",2014,"no","Forest",1,"USF","SQF",100,721,488,67.8,67,475,97.3,66,0.00327954532964948,0.058887429234002,0.00813153982048696
"436","2014WHITES",404,"WHITES",2014,"no","Forest",1,"USF","KNF",97,13766,2963,21.5,21,593,20,4.3,0.00175858484487267,0.0687336923007183,0.0126283654758895
