"","name","buf_width","area_ha","prop.hs"
"1","2003MUD",0,501.389970676022,1
"2","1988BUCKEYE",0,317.429992776237,1
"3","2003KIBBIE",0,519.749911144639,1
"4","2004MEADOW",0,307.52999893671,1
"5","2003SUMMIT",0,364.409857160918,1
"6","1990AVALANCHE",0,170.820008996758,1
"7","2001HOOVER",0,331.829996330161,1
"8","2006BRODER_BECK",0,143.999989520003,1
"9","1999HIRAM",0,115.01997187118,1
"10","1999LECONTE",0,1159.74001635894,1
"11","2003MOUNTAIN",0,164.250026564677,1
"12","2006TAMARACK",0,142.649988341395,1
"13","1985DOUGHERTY",0,85.770006211773,1
"14","2004BLUFF",0,86.6700084776413,1
"15","1987FROG",0,69.8399893233909,1
"16","1994HORIZON",0,68.8500088276818,1
"17","2010SHEEP",0,173.520002474705,1
"18","1996BIG_ARROYO",0,52.289995398062,1
"19","2009GROUSE",0,75.1500000654586,1
"20","2003WILLIAMS",0,49.6800104211043,1
"21","1991FROG",0,35.3700040686918,1
"22","2006FROG",0,61.2899982749704,1
"23","2003WEST_KERN",0,80.5500148673638,1
"24","1988EAST_LECONTE",0,22.9500002516096,1
"25","1985SUGARLOAF",0,4.23000075857985,1
"26","1999ELEANOR",0,8.64000075944999,1
"27","2003MUD",10,405.171616888295,0.808096772143254
"28","1988BUCKEYE",10,278.262486116919,0.876610567524637
"29","2003KIBBIE",10,400.141427871609,0.769873008713713
"30","2004MEADOW",10,238.411608529849,0.775246673021042
"31","2003SUMMIT",10,293.039235723044,0.804147390540102
"32","1990AVALANCHE",10,134.118856089223,0.785147225298231
"33","2001HOOVER",10,264.303757569689,0.796503512318744
"34","2006BRODER_BECK",10,101.156569281942,0.702476226693687
"35","1999HIRAM",10,87.6122186442076,0.761713093986246
"36","1999LECONTE",10,996.82019919932,0.859520396932484
"37","2003MOUNTAIN",10,116.084401847374,0.706754234841259
"38","2006TAMARACK",10,101.077005592196,0.708566518423368
"39","1985DOUGHERTY",10,62.12539211821,0.724325377391456
"40","2004BLUFF",10,57.9313551462129,0.668412939652102
"41","1987FROG",10,46.8744332286197,0.671168963265011
"42","1994HORIZON",10,51.2461740351777,0.744316157800894
"43","2010SHEEP",10,129.020266914192,0.743546940261255
"44","1996BIG_ARROYO",10,32.0116529921977,0.612194603355887
"45","2009GROUSE",10,58.8425592358308,0.783001452888578
"46","2003WILLIAMS",10,35.5742903169837,0.716068495466168
"47","1991FROG",10,20.6324403021671,0.583331578421562
"48","2006FROG",10,38.5311853486127,0.628670034803182
"49","2003WEST_KERN",10,57.7103269778426,0.71645333738138
"50","1988EAST_LECONTE",10,15.0373768542665,0.6552233851593
"51","1985SUGARLOAF",10,2.170471874234,0.513113826240233
"52","1999ELEANOR",10,3.89686463236033,0.451025959470911
"53","2003MUD",20,326.708629238805,0.651605832478668
"54","1988BUCKEYE",20,246.34062079369,0.776047085655641
"55","2003KIBBIE",20,303.453082775318,0.583844414916834
"56","2004MEADOW",20,181.908359415379,0.591514193881347
"57","2003SUMMIT",20,234.579560259217,0.643724519657079
"58","1990AVALANCHE",20,103.564337050947,0.606277552958754
"59","2001HOOVER",20,209.666996385094,0.631850642509371
"60","2006BRODER_BECK",20,69.1963748099914,0.480530415596867
"61","1999HIRAM",20,66.4071374033224,0.577353100709301
"62","1999LECONTE",20,862.710542967674,0.743882707157245
"63","2003MOUNTAIN",20,79.4138670522006,0.483493785134518
"64","2006TAMARACK",20,69.1969551099026,0.485082094393853
"65","1985DOUGHERTY",20,44.2282615655111,0.515661167801574
"66","2004BLUFF",20,37.4505136484316,0.432104649650437
"67","1987FROG",20,29.6509734344365,0.424555812818627
"68","1994HORIZON",20,37.5160840622669,0.544895849703701
"69","2010SHEEP",20,94.8859541518719,0.546830064537973
"70","1996BIG_ARROYO",20,17.66421289099,0.337812477444676
"71","2009GROUSE",20,46.0182612842167,0.612352112363713
"72","2003WILLIAMS",20,25.1004858238454,0.505243167444719
"73","1991FROG",20,10.7934007922884,0.305156899934945
"74","2006FROG",20,22.7934749073485,0.37189550577385
"75","2003WEST_KERN",20,40.4865638031681,0.502626397646661
"76","1988EAST_LECONTE",20,9.86294177674603,0.429757806911321
"77","1985SUGARLOAF",20,0.984590273117304,0.232763616205086
"78","1999ELEANOR",20,1.3302640692061,0.153965735217226
"79","2003MUD",30,266.820276296035,0.532161175733696
"80","1988BUCKEYE",30,221.443911918449,0.697614960645982
"81","2003KIBBIE",30,229.507185995612,0.441572342918098
"82","2004MEADOW",30,137.973248473655,0.448649721818032
"83","2003SUMMIT",30,188.025219055876,0.515971825023511
"84","1990AVALANCHE",30,79.6115716400463,0.466055306445729
"85","2001HOOVER",30,166.336175217507,0.501269255513619
"86","2006BRODER_BECK",30,47.3582032562631,0.328876435436717
"87","1999HIRAM",30,50.7343099469933,0.441091308940805
"88","1999LECONTE",30,757.192641286914,0.652898607106926
"89","2003MOUNTAIN",30,54.5736537042699,0.332259633959819
"90","2006TAMARACK",30,46.3898376189925,0.325200430496851
"91","1985DOUGHERTY",30,31.4224827697904,0.366357473406331
"92","2004BLUFF",30,23.7890768895122,0.274478765000342
"93","1987FROG",30,17.7445508424398,0.254074363618163
"94","1994HORIZON",30,27.1620280203337,0.39451016031552
"95","2010SHEEP",30,70.4304448948231,0.405892369123786
"96","1996BIG_ARROYO",30,8.92966989158553,0.1707720534991
"97","2009GROUSE",30,36.5840978323057,0.48681434198855
"98","2003WILLIAMS",30,17.5998858367475,0.354264938504742
"99","1991FROG",30,4.8638440574802,0.137513245631359
"100","2006FROG",30,13.3921312436849,0.218504350148659
"101","2003WEST_KERN",30,28.0675807358959,0.348449106832728
"102","1988EAST_LECONTE",30,6.72017483955106,0.292818072587155
"103","1985SUGARLOAF",30,0.392827317436373,0.0928669614632072
"104","1999ELEANOR",30,0.287072086853814,0.0332259330579144
"105","2003MUD",40,223.598619098552,0.445957502494665
"106","1988BUCKEYE",40,201.927276901814,0.636131687291933
"107","2003KIBBIE",40,175.652489641951,0.337955785803048
"108","2004MEADOW",40,105.524364559452,0.343135189816617
"109","2003SUMMIT",40,152.337973271843,0.418040210159771
"110","1990AVALANCHE",40,61.4575423954105,0.35977952908653
"111","2001HOOVER",40,131.516768819519,0.396337794274221
"112","2006BRODER_BECK",40,34.3900268749993,0.238819648457143
"113","1999HIRAM",40,39.7139586038772,0.345278806435077
"114","1999LECONTE",40,676.639377768341,0.58344057135554
"115","2003MOUNTAIN",40,39.1907142749371,0.238604005701667
"116","2006TAMARACK",40,31.4624493685117,0.22055697118751
"117","1985DOUGHERTY",40,22.4759439888138,0.262048995698087
"118","2004BLUFF",40,15.0418548282968,0.173553171304665
"119","1987FROG",40,10.2469002680055,0.146719671169446
"120","1994HORIZON",40,19.5020626669433,0.283254323405436
"121","2010SHEEP",40,52.8507451730973,0.30458013150848
"122","1996BIG_ARROYO",40,4.51203874549974,0.0862887577470885
"123","2009GROUSE",40,29.6046870156638,0.393941277310406
"124","2003WILLIAMS",40,12.8315177779353,0.25828331494239
"125","1991FROG",40,2.03089022093917,0.0574184333424162
"126","2006FROG",40,8.5834354580037,0.140046266920993
"127","2003WEST_KERN",40,19.6364951521097,0.243780155527516
"128","1988EAST_LECONTE",40,4.78827593967675,0.208639472208324
"129","1985SUGARLOAF",40,0.122331291405858,0.0289199218599972
"130","1999ELEANOR",40,0.0292416162149525,0.00338444602368461
"131","2003MUD",50,191.344470036597,0.381628036513391
"132","1988BUCKEYE",50,185.44233346592,0.584199154730291
"133","2003KIBBIE",50,133.164577821229,0.256208947737889
"134","2004MEADOW",50,79.2658502888212,0.257749977442474
"135","2003SUMMIT",50,124.8868841557,0.342709950627247
"136","1990AVALANCHE",50,48.2809089037688,0.282641999536981
"137","2001HOOVER",50,105.116735851021,0.316778883806613
"138","2006BRODER_BECK",50,25.7376847903627,0.178733935163152
"139","1999HIRAM",50,31.6342509968276,0.275032678952985
"140","1999LECONTE",50,611.494319598843,0.527268448939669
"141","2003MOUNTAIN",50,28.776730313582,0.175200765049804
"142","2006TAMARACK",50,20.8124070823314,0.14589841418369
"143","1985DOUGHERTY",50,15.8691163634947,0.185019414879283
"144","2004BLUFF",50,9.08373889192719,0.104808330488055
"145","1987FROG",50,5.23560346871904,0.0749656968656712
"146","1994HORIZON",50,13.5656303577272,0.197031642968693
"147","2010SHEEP",50,39.0961350254969,0.22531197826139
"148","1996BIG_ARROYO",50,2.40577004818385,0.0460082283402346
"149","2009GROUSE",50,23.8525567730986,0.317399291448066
"150","2003WILLIAMS",50,9.42266196529404,0.189667069016782
"151","1991FROG",50,0.774880489489827,0.0219078428146329
"152","2006FROG",50,5.59233044589713,0.0912437690209712
"153","2003WEST_KERN",50,13.3124861568132,0.165269816259301
"154","1988EAST_LECONTE",50,3.41214809124734,0.148677475112796
"155","1985SUGARLOAF",50,0.00516143158966775,0.00122019637448023
"156","1999ELEANOR",50,NA,NA
"157","2003MUD",60,164.982167324377,0.329049596069765
"158","1988BUCKEYE",60,171.67213154657,0.5408188748805
"159","2003KIBBIE",60,100.877884599722,0.194089277240201
"160","2004MEADOW",60,58.6358079250535,0.190666953233141
"161","2003SUMMIT",60,101.683926434735,0.279037255542274
"162","1990AVALANCHE",60,37.1079644488849,0.217234296303012
"163","2001HOOVER",60,84.2132072122037,0.253784191132661
"164","2006BRODER_BECK",60,19.8110684429772,0.137576874199878
"165","1999HIRAM",60,25.7346756785116,0.223740931769084
"166","1999LECONTE",60,559.244442284632,0.482215353782832
"167","2003MOUNTAIN",60,21.8715423539818,0.1331600536781
"168","2006TAMARACK",60,13.1045093881701,0.0918647771411516
"169","1985DOUGHERTY",60,11.1950477168809,0.130524039945146
"170","2004BLUFF",60,5.30277812230367,0.061183542213125
"171","1987FROG",60,2.2767130925685,0.0325989896995299
"172","1994HORIZON",60,9.199585021131,0.133617775477063
"173","2010SHEEP",60,28.8920182464505,0.166505404762557
"174","1996BIG_ARROYO",60,1.64933934865655,0.0315421589942936
"175","2009GROUSE",60,18.9946609589663,0.252756632633681
"176","2003WILLIAMS",60,6.93483333654133,0.139590013725025
"177","1991FROG",60,0.212715287707408,0.00601400235335839
"178","2006FROG",60,3.75158713183778,0.0612104297181854
"179","2003WEST_KERN",60,8.76297176918289,0.108789201139345
"180","1988EAST_LECONTE",60,2.46668412715055,0.107480788675702
"181","1985SUGARLOAF",60,NA,NA
"182","1999ELEANOR",60,NA,NA
"183","2003MUD",70,143.585977546087,0.286375847032781
"184","1988BUCKEYE",70,159.707057626118,0.503125291436145
"185","2003KIBBIE",70,76.0373093040785,0.146295954407423
"186","2004MEADOW",70,43.0381349637322,0.139947761559969
"187","2003SUMMIT",70,82.7870467964594,0.22718114005325
"188","1990AVALANCHE",70,27.9815891180772,0.163807444352776
"189","2001HOOVER",70,69.8113160552002,0.210382776805205
"190","2006BRODER_BECK",70,15.1929658526829,0.10550671498884
"191","1999HIRAM",70,21.0729596938798,0.183211309749589
"192","1999LECONTE",70,515.253368657254,0.444283513019511
"193","2003MOUNTAIN",70,16.7457560607085,0.101952836239661
"194","2006TAMARACK",70,7.25582355317665,0.0508645225810447
"195","1985DOUGHERTY",70,7.64171985708573,0.0890954798139773
"196","2004BLUFF",70,3.11184293490602,0.0359044955638696
"197","1987FROG",70,0.757537417708318,0.0108467573527335
"198","1994HORIZON",70,6.40333271790303,0.093004094362999
"199","2010SHEEP",70,21.5429348883091,0.124152458397121
"200","1996BIG_ARROYO",70,1.14126091000653,0.0218256073904499
"201","2009GROUSE",70,14.5819967086437,0.19403854552152
"202","2003WILLIAMS",70,5.02661478716716,0.10117982553868
"203","1991FROG",70,0.0147593245470926,0.000417283654206786
"204","2006FROG",70,2.8072590556719,0.0458028901074113
"205","2003WEST_KERN",70,5.68026958263416,0.070518541703406
"206","1988EAST_LECONTE",70,1.72953831356875,0.0753611457345168
"207","1985SUGARLOAF",70,NA,NA
"208","1999ELEANOR",70,NA,NA
"209","2003MUD",80,125.577476963745,0.250458693448592
"210","1988BUCKEYE",80,148.660994499969,0.468326868547558
"211","2003KIBBIE",80,56.8857544038139,0.109448319632292
"212","2004MEADOW",80,31.1945805682003,0.1014358946316
"213","2003SUMMIT",80,67.579363826165,0.185448781085861
"214","1990AVALANCHE",80,20.5783467070384,0.120468010907487
"215","2001HOOVER",80,57.7592981301451,0.174062920076328
"216","2006BRODER_BECK",80,11.4438227802619,0.0794709973133173
"217","1999HIRAM",80,17.015704085956,0.147936952245243
"218","1999LECONTE",80,476.660487545365,0.411006329713331
"219","2003MOUNTAIN",80,12.6728632357342,0.077155928073741
"220","2006TAMARACK",80,3.33772323445693,0.02339799163859
"221","1985DOUGHERTY",80,5.43914046084005,0.0634154140948804
"222","2004BLUFF",80,1.74154638744733,0.0200939911976195
"223","1987FROG",80,0.191390248406065,0.00274041061947821
"224","1994HORIZON",80,4.37202307676015,0.0635006901408317
"225","2010SHEEP",80,15.8867424610251,0.0915556836932445
"226","1996BIG_ARROYO",80,0.723635432873425,0.0138388888230854
"227","2009GROUSE",80,10.737749568782,0.142884225674372
"228","2003WILLIAMS",80,3.68476965673263,0.0741700660990064
"229","1991FROG",80,NA,NA
"230","2006FROG",80,2.10931154492382,0.0344152652029886
"231","2003WEST_KERN",80,3.35644517062301,0.0416690819505104
"232","1988EAST_LECONTE",80,1.1876073956013,0.0517475983695469
"233","1985SUGARLOAF",80,NA,NA
"234","1999ELEANOR",80,NA,NA
"235","2003MUD",90,109.992910094473,0.219375967864235
"236","1988BUCKEYE",90,138.189377442035,0.435338123639274
"237","2003KIBBIE",90,42.3217638819318,0.0814271690566086
"238","2004MEADOW",90,22.2417478655587,0.0723238316341818
"239","2003SUMMIT",90,55.370004261471,0.151944309884626
"240","1990AVALANCHE",90,14.6061902218966,0.0855063192402351
"241","2001HOOVER",90,48.062875682815,0.144841865456292
"242","2006BRODER_BECK",90,8.34701213467274,0.0579653662649279
"243","1999HIRAM",90,13.5084354782835,0.117444259970892
"244","1999LECONTE",90,441.971082038292,0.381094965944077
"245","2003MOUNTAIN",90,9.23220348573246,0.056208231309461
"246","2006TAMARACK",90,1.32530756581139,0.00929062512532154
"247","1985DOUGHERTY",90,3.91297333194689,0.0456216981293606
"248","2004BLUFF",90,0.80503728380948,0.00928853357637733
"249","1987FROG",90,0.0144224658054932,0.000206507273915959
"250","1994HORIZON",90,2.96782022867056,0.0431055896608299
"251","2010SHEEP",90,11.6490120553702,0.0671335401638687
"252","1996BIG_ARROYO",90,0.391168085241542,0.00748074430421616
"253","2009GROUSE",90,7.5376531265488,0.100301438722331
"254","2003WILLIAMS",90,2.70664184572348,0.0544815072054351
"255","1991FROG",90,NA,NA
"256","2006FROG",90,1.52024393314006,0.0248041112078297
"257","2003WEST_KERN",90,1.64718876906442,0.0204492671016477
"258","1988EAST_LECONTE",90,0.74449224530241,0.0324397488950003
"259","1985SUGARLOAF",90,NA,NA
"260","1999ELEANOR",90,NA,NA
"261","2003MUD",100,95.9072752724317,0.191282795591464
"262","1988BUCKEYE",100,128.012224392026,0.403277028967657
"263","2003KIBBIE",100,30.9357607536095,0.0595204733859021
"264","2004MEADOW",100,15.525429886008,0.0504842777605029
"265","2003SUMMIT",100,45.24526532198,0.124160377204067
"266","1990AVALANCHE",100,9.70308465251234,0.0568029747188252
"267","2001HOOVER",100,40.4248249498453,0.121823901988728
"268","2006BRODER_BECK",100,6.02775146258858,0.0418593882032976
"269","1999HIRAM",100,10.4273062360354,0.0906564839688343
"270","1999LECONTE",100,410.549515447135,0.354001336209882
"271","2003MOUNTAIN",100,6.29596252224157,0.0383315768887405
"272","2006TAMARACK",100,0.40000717483701,0.00280411642151487
"273","1985DOUGHERTY",100,2.85250666809884,0.0332576245949636
"274","2004BLUFF",100,0.352539986150317,0.00406761222645159
"275","1987FROG",100,NA,NA
"276","1994HORIZON",100,1.99475105202698,0.028972415341579
"277","2010SHEEP",100,8.86064583510738,0.0510641177313208
"278","1996BIG_ARROYO",100,0.156350393717083,0.00299006325257542
"279","2009GROUSE",100,5.19005409598629,0.0690625960274857
"280","2003WILLIAMS",100,1.88694630820328,0.0379820030674088
"281","1991FROG",100,NA,NA
"282","2006FROG",100,1.03115515648349,0.0168241994698276
"283","2003WEST_KERN",100,0.563884321890365,0.00700042480214156
"284","1988EAST_LECONTE",100,0.409738199084094,0.0178535161042256
"285","1985SUGARLOAF",100,NA,NA
"286","1999ELEANOR",100,NA,NA
"287","2003MUD",110,82.6519923380944,0.164845723233464
"288","1988BUCKEYE",110,118.114204509981,0.372095287773395
"289","2003KIBBIE",110,22.0334375716193,0.0423923835274841
"290","2004MEADOW",110,10.7001340426669,0.0347937894828562
"291","2003SUMMIT",110,36.4602767294676,0.100052937682658
"292","1990AVALANCHE",110,5.79040896021444,0.0338977207308562
"293","2001HOOVER",110,33.9327642428147,0.102259484127687
"294","2006BRODER_BECK",110,4.59480038597915,0.0319083383359614
"295","1999HIRAM",110,7.80149135004216,0.067827275760245
"296","1999LECONTE",110,381.625863107853,0.329061563561449
"297","2003MOUNTAIN",110,4.0081791881454,0.02440291348487
"298","2006TAMARACK",110,0.0374898141379562,0.000262809794615856
"299","1985DOUGHERTY",110,2.04446259386242,0.0238365680983452
"300","2004BLUFF",110,0.113251569327612,0.00130669849140292
"301","1987FROG",110,NA,NA
"302","1994HORIZON",110,1.29859219428286,0.0188611768741089
"303","2010SHEEP",110,6.76139235849197,0.0389660688223978
"304","1996BIG_ARROYO",110,0.0237407483102918,0.000454020852929196
"305","2009GROUSE",110,3.44551756202089,0.0458485370461704
"306","2003WILLIAMS",110,1.23853100941178,0.0249301680678723
"307","1991FROG",110,NA,NA
"308","2006FROG",110,0.639258291545628,0.0104300588927686
"309","2003WEST_KERN",110,0.040912876669246,0.000507918921388338
"310","1988EAST_LECONTE",110,0.170896289175567,0.00744646132034708
"311","1985SUGARLOAF",110,NA,NA
"312","1999ELEANOR",110,NA,NA
"313","2003MUD",120,70.1469704763727,0.139905013221134
"314","1988BUCKEYE",120,108.529215240561,0.341899687207774
"315","2003KIBBIE",120,15.2029807696747,0.0292505692520339
"316","2004MEADOW",120,7.37582620254114,0.0239840868469521
"317","2003SUMMIT",120,28.9749087553797,0.0795118688092589
"318","1990AVALANCHE",120,3.13627848456026,0.0183601353435111
"319","2001HOOVER",120,28.5990329537575,0.0861857977580254
"320","2006BRODER_BECK",120,3.67955679862293,0.0255524796278669
"321","1999HIRAM",120,5.69228346351132,0.0494895223056267
"322","1999LECONTE",120,355.260533030862,0.306327735543885
"323","2003MOUNTAIN",120,2.46639439305855,0.0150160973769302
"324","2006TAMARACK",120,NA,NA
"325","1985DOUGHERTY",120,1.32518326568821,0.015450427535428
"326","2004BLUFF",120,0.00104831233544957,1.20954451702864e-05
"327","1987FROG",120,NA,NA
"328","1994HORIZON",120,0.751862255416388,0.0109202927961586
"329","2010SHEEP",120,5.08251577345091,0.0292906621770699
"330","1996BIG_ARROYO",120,NA,NA
"331","2009GROUSE",120,2.11925852703012,0.0282003795766356
"332","2003WILLIAMS",120,0.740760849709217,0.0149106419952468
"333","1991FROG",120,NA,NA
"334","2006FROG",120,0.344357849457902,0.00561849990455181
"335","2003WEST_KERN",120,NA,NA
"336","1988EAST_LECONTE",120,0.0325526159608296,0.00141841462326548
"337","1985SUGARLOAF",120,NA,NA
"338","1999ELEANOR",120,NA,NA
"339","2003MUD",130,58.6382997905212,0.116951481321933
"340","1988BUCKEYE",130,99.2729846453507,0.312739775397753
"341","2003KIBBIE",130,10.2672221074406,0.019754158466
"342","2004MEADOW",130,4.96127407132576,0.0161326507608345
"343","2003SUMMIT",130,22.7241222128418,0.0623586924620625
"344","1990AVALANCHE",130,1.62227344170961,0.00949697550794763
"345","2001HOOVER",130,24.1310552354678,0.0727211388432109
"346","2006BRODER_BECK",130,2.91261001797264,0.0202264599301797
"347","1999HIRAM",130,4.08564509906647,0.0355211797794761
"348","1999LECONTE",130,331.279713272629,0.285649980685067
"349","2003MOUNTAIN",130,1.3990937722593,0.00851807333929641
"350","2006TAMARACK",130,NA,NA
"351","1985DOUGHERTY",130,0.702113797200084,0.00818600613676661
"352","2004BLUFF",130,NA,NA
"353","1987FROG",130,NA,NA
"354","1994HORIZON",130,0.395160516100795,0.00573944031132669
"355","2010SHEEP",130,3.642372594601,0.0209910819655041
"356","1996BIG_ARROYO",130,NA,NA
"357","2009GROUSE",130,1.28018098398508,0.0170350097520957
"358","2003WILLIAMS",130,0.337589890495126,0.00679528622545771
"359","1991FROG",130,NA,NA
"360","2006FROG",130,0.138626752159181,0.00226181687160845
"361","2003WEST_KERN",130,NA,NA
"362","1988EAST_LECONTE",130,NA,NA
"363","1985SUGARLOAF",130,NA,NA
"364","1999ELEANOR",130,NA,NA
"365","2003MUD",140,48.0864140616209,0.0959062144717137
"366","1988BUCKEYE",140,90.4554236383765,0.284961804797508
"367","2003KIBBIE",140,6.84635522454296,0.0131724028763474
"368","2004MEADOW",140,3.11491015692963,0.0101288009875443
"369","2003SUMMIT",140,17.3635696803171,0.0476484632320185
"370","1990AVALANCHE",140,0.804707831507888,0.00471085229554788
"371","2001HOOVER",140,20.4204093812324,0.0615387686679017
"372","2006BRODER_BECK",140,2.24471777589875,0.0155883190226687
"373","1999HIRAM",140,2.80771909825729,0.0244107093105698
"374","1999LECONTE",140,309.319965503919,0.266714919844746
"375","2003MOUNTAIN",140,0.659855310219369,0.004017383278532
"376","2006TAMARACK",140,NA,NA
"377","1985DOUGHERTY",140,0.300516704896824,0.00350375053203127
"378","2004BLUFF",140,NA,NA
"379","1987FROG",140,NA,NA
"380","1994HORIZON",140,0.175407283089592,0.00254767263034929
"381","2010SHEEP",140,2.40705517733179,0.0138719176060563
"382","1996BIG_ARROYO",140,NA,NA
"383","2009GROUSE",140,0.654870742469242,0.00871418152892647
"384","2003WILLIAMS",140,0.0716298991760098,0.00144182536535019
"385","1991FROG",140,NA,NA
"386","2006FROG",140,0.0243425790752608,0.000397170496987954
"387","2003WEST_KERN",140,NA,NA
"388","1988EAST_LECONTE",140,NA,NA
"389","1985SUGARLOAF",140,NA,NA
"390","1999ELEANOR",140,NA,NA
"391","2003MUD",150,39.3659572940209,0.0785136512422535
"392","1988BUCKEYE",150,81.917129633992,0.258063609293962
"393","2003KIBBIE",150,4.42744436276571,0.00851841292866256
"394","2004MEADOW",150,1.80524740644147,0.00587015059565941
"395","2003SUMMIT",150,12.8177049047631,0.0351738698964529
"396","1990AVALANCHE",150,0.378209861470024,0.00221408407417425
"397","2001HOOVER",150,17.3153101473457,0.0521812685376324
"398","2006BRODER_BECK",150,1.66420160254139,0.0115569564142935
"399","1999HIRAM",150,1.7097536042622,0.01486484109192
"400","1999LECONTE",150,289.60784571035,0.249717903689819
"401","2003MOUNTAIN",150,0.249109378001212,0.00151664741377147
"402","2006TAMARACK",150,NA,NA
"403","1985DOUGHERTY",150,0.00712938114566617,8.31220779914969e-05
"404","2004BLUFF",150,NA,NA
"405","1987FROG",150,NA,NA
"406","1994HORIZON",150,0.043156321624702,0.000626816500963913
"407","2010SHEEP",150,1.54942044256252,0.00892934774357433
"408","1996BIG_ARROYO",150,NA,NA
"409","2009GROUSE",150,0.275917167238806,0.00367155245506948
"410","2003WILLIAMS",150,1.14878365606021e-05,2.31236597239561e-07
"411","1991FROG",150,NA,NA
"412","2006FROG",150,NA,NA
"413","2003WEST_KERN",150,NA,NA
"414","1988EAST_LECONTE",150,NA,NA
"415","1985SUGARLOAF",150,NA,NA
"416","1999ELEANOR",150,NA,NA
"417","2003MUD",160,32.4119708491465,0.0646442345175863
"418","1988BUCKEYE",160,73.7527546341308,0.232343371176399
"419","2003KIBBIE",160,2.92504388381169,0.00562779102235899
"420","2004MEADOW",160,1.0919343248037,0.00355065954078979
"421","2003SUMMIT",160,9.09647743337333,0.0249622156333616
"422","1990AVALANCHE",160,0.133458690955695,0.000781282542598556
"423","2001HOOVER",160,14.6576324636127,0.0441721141117961
"424","2006BRODER_BECK",160,1.16635309201184,0.0080996748395584
"425","1999HIRAM",160,0.921084768561461,0.00800804202589318
"426","1999LECONTE",160,271.453455467258,0.234064058873729
"427","2003MOUNTAIN",160,0.0610741474100683,0.00037183645377384
"428","2006TAMARACK",160,NA,NA
"429","1985DOUGHERTY",160,NA,NA
"430","2004BLUFF",160,NA,NA
"431","1987FROG",160,NA,NA
"432","1994HORIZON",160,NA,NA
"433","2010SHEEP",160,0.935417984044767,0.00539083662231466
"434","1996BIG_ARROYO",160,NA,NA
"435","2009GROUSE",160,0.0633491762611645,0.000842969743259945
"436","2003WILLIAMS",160,NA,NA
"437","1991FROG",160,NA,NA
"438","2006FROG",160,NA,NA
"439","2003WEST_KERN",160,NA,NA
"440","1988EAST_LECONTE",160,NA,NA
"441","1985SUGARLOAF",160,NA,NA
"442","1999ELEANOR",160,NA,NA
"443","2003MUD",170,26.3544876921023,0.0525628537335292
"444","1988BUCKEYE",170,66.0900385141789,0.20820350949246
"445","2003KIBBIE",170,1.86640915929603,0.00359097542736594
"446","2004MEADOW",170,0.596682022910534,0.0019402400577946
"447","2003SUMMIT",170,6.0301041764535,0.0165475879918108
"448","1990AVALANCHE",170,0.0174964632110745,0.000102426310089977
"449","2001HOOVER",170,12.4110016903443,0.0374016870915904
"450","2006BRODER_BECK",170,0.746398659611827,0.00518332440231286
"451","1999HIRAM",170,0.415731937048567,0.00361443260927049
"452","1999LECONTE",170,254.912148027156,0.21980111441482
"453","2003MOUNTAIN",170,NA,NA
"454","2006TAMARACK",170,NA,NA
"455","1985DOUGHERTY",170,NA,NA
"456","2004BLUFF",170,NA,NA
"457","1987FROG",170,NA,NA
"458","1994HORIZON",170,NA,NA
"459","2010SHEEP",170,0.475901375386589,0.00274263121599462
"460","1996BIG_ARROYO",170,NA,NA
"461","2009GROUSE",170,0.000138595394683804,1.84425009398645e-06
"462","2003WILLIAMS",170,NA,NA
"463","1991FROG",170,NA,NA
"464","2006FROG",170,NA,NA
"465","2003WEST_KERN",170,NA,NA
"466","1988EAST_LECONTE",170,NA,NA
"467","1985SUGARLOAF",170,NA,NA
"468","1999ELEANOR",170,NA,NA
"469","2003MUD",180,21.1258138135799,0.0421344961988291
"470","1988BUCKEYE",180,58.7895836638474,0.185204879821452
"471","2003KIBBIE",180,0.992384205134433,0.00190934944644611
"472","2004MEADOW",180,0.306308377176109,0.000996027633841171
"473","2003SUMMIT",180,3.44172201220948,0.00944464575964985
"474","1990AVALANCHE",180,NA,NA
"475","2001HOOVER",180,10.332395953989,0.0311376188658622
"476","2006BRODER_BECK",180,0.40415102540549,0.00280660454735207
"477","1999HIRAM",180,0.140032608094902,0.00121746341802045
"478","1999LECONTE",180,239.806658619483,0.206776221598672
"479","2003MOUNTAIN",180,NA,NA
"480","2006TAMARACK",180,NA,NA
"481","1985DOUGHERTY",180,NA,NA
"482","2004BLUFF",180,NA,NA
"483","1987FROG",180,NA,NA
"484","1994HORIZON",180,NA,NA
"485","2010SHEEP",180,0.120480593723907,0.000694332595698703
"486","1996BIG_ARROYO",180,NA,NA
"487","2009GROUSE",180,NA,NA
"488","2003WILLIAMS",180,NA,NA
"489","1991FROG",180,NA,NA
"490","2006FROG",180,NA,NA
"491","2003WEST_KERN",180,NA,NA
"492","1988EAST_LECONTE",180,NA,NA
"493","1985SUGARLOAF",180,NA,NA
"494","1999ELEANOR",180,NA,NA
"495","2003MUD",190,16.6322903549748,0.0331723634849527
"496","1988BUCKEYE",190,51.7644149321212,0.163073484264642
"497","2003KIBBIE",190,0.404379374159703,0.000778026826919783
"498","2004MEADOW",190,0.108041007544519,0.000351318596293281
"499","2003SUMMIT",190,1.68597669981617,0.00462659466171264
"500","1990AVALANCHE",190,NA,NA
"501","2001HOOVER",190,8.36507760277063,0.0252089253391295
"502","2006BRODER_BECK",190,0.156729600404881,0.00108840008202299
"503","1999HIRAM",190,0.0288042931409777,0.000250428622719869
"504","1999LECONTE",190,226.005957519463,0.194876398444041
"505","2003MOUNTAIN",190,NA,NA
"506","2006TAMARACK",190,NA,NA
"507","1985DOUGHERTY",190,NA,NA
"508","2004BLUFF",190,NA,NA
"509","1987FROG",190,NA,NA
"510","1994HORIZON",190,NA,NA
"511","2010SHEEP",190,0.00042413836121422,2.44431970473289e-06
"512","1996BIG_ARROYO",190,NA,NA
"513","2009GROUSE",190,NA,NA
"514","2003WILLIAMS",190,NA,NA
"515","1991FROG",190,NA,NA
"516","2006FROG",190,NA,NA
"517","2003WEST_KERN",190,NA,NA
"518","1988EAST_LECONTE",190,NA,NA
"519","1985SUGARLOAF",190,NA,NA
"520","1999ELEANOR",190,NA,NA
"521","2003MUD",200,12.7362826369368,0.0254019493444683
"522","1988BUCKEYE",200,45.0253421181702,0.141843376942359
"523","2003KIBBIE",200,0.0910726724189347,0.000175224026913956
"524","2004MEADOW",200,0.0106185679773218,3.45285598609427e-05
"525","2003SUMMIT",200,0.721862205229943,0.00198090746187247
"526","1990AVALANCHE",200,NA,NA
"527","2001HOOVER",200,6.49519265189992,0.0195738562629444
"528","2006BRODER_BECK",200,0.023702607595231,0.000164601453612873
"529","1999HIRAM",200,NA,NA
"530","1999LECONTE",200,213.700653379688,0.184265999590677
"531","2003MOUNTAIN",200,NA,NA
"532","2006TAMARACK",200,NA,NA
"533","1985DOUGHERTY",200,NA,NA
"534","2004BLUFF",200,NA,NA
"535","1987FROG",200,NA,NA
"536","1994HORIZON",200,NA,NA
"537","2010SHEEP",200,NA,NA
"538","1996BIG_ARROYO",200,NA,NA
"539","2009GROUSE",200,NA,NA
"540","2003WILLIAMS",200,NA,NA
"541","1991FROG",200,NA,NA
"542","2006FROG",200,NA,NA
"543","2003WEST_KERN",200,NA,NA
"544","1988EAST_LECONTE",200,NA,NA
"545","1985SUGARLOAF",200,NA,NA
"546","1999ELEANOR",200,NA,NA
"547","2003MUD",210,9.50983596067162,0.0189669449268192
"548","1988BUCKEYE",210,38.5362531116242,0.121400793839885
"549","2003KIBBIE",210,NA,NA
"550","2004MEADOW",210,NA,NA
"551","2003SUMMIT",210,0.219668262517435,0.00060280549002941
"552","1990AVALANCHE",210,NA,NA
"553","2001HOOVER",210,4.71737059444795,0.0142162271241877
"554","2006BRODER_BECK",210,NA,NA
"555","1999HIRAM",210,NA,NA
"556","1999LECONTE",210,202.371679430822,0.17449745337423
"557","2003MOUNTAIN",210,NA,NA
"558","2006TAMARACK",210,NA,NA
"559","1985DOUGHERTY",210,NA,NA
"560","2004BLUFF",210,NA,NA
"561","1987FROG",210,NA,NA
"562","1994HORIZON",210,NA,NA
"563","2010SHEEP",210,NA,NA
"564","1996BIG_ARROYO",210,NA,NA
"565","2009GROUSE",210,NA,NA
"566","2003WILLIAMS",210,NA,NA
"567","1991FROG",210,NA,NA
"568","2006FROG",210,NA,NA
"569","2003WEST_KERN",210,NA,NA
"570","1988EAST_LECONTE",210,NA,NA
"571","1985SUGARLOAF",210,NA,NA
"572","1999ELEANOR",210,NA,NA
"573","2003MUD",220,6.93142352079765,0.0138244159759559
"574","1988BUCKEYE",220,32.433455654893,0.102175145364275
"575","2003KIBBIE",220,NA,NA
"576","2004MEADOW",220,NA,NA
"577","2003SUMMIT",220,0.0157675459484207,4.32687141650452e-05
"578","1990AVALANCHE",220,NA,NA
"579","2001HOOVER",220,3.0416435457054,0.00916627061852196
"580","2006BRODER_BECK",220,NA,NA
"581","1999HIRAM",220,NA,NA
"582","1999LECONTE",220,191.676772414426,0.165275639117985
"583","2003MOUNTAIN",220,NA,NA
"584","2006TAMARACK",220,NA,NA
"585","1985DOUGHERTY",220,NA,NA
"586","2004BLUFF",220,NA,NA
"587","1987FROG",220,NA,NA
"588","1994HORIZON",220,NA,NA
"589","2010SHEEP",220,NA,NA
"590","1996BIG_ARROYO",220,NA,NA
"591","2009GROUSE",220,NA,NA
"592","2003WILLIAMS",220,NA,NA
"593","1991FROG",220,NA,NA
"594","2006FROG",220,NA,NA
"595","2003WEST_KERN",220,NA,NA
"596","1988EAST_LECONTE",220,NA,NA
"597","1985SUGARLOAF",220,NA,NA
"598","1999ELEANOR",220,NA,NA
"599","2003MUD",230,4.9671146344638,0.00990668925380908
"600","1988BUCKEYE",230,26.6157484086162,0.0838476168424898
"601","2003KIBBIE",230,NA,NA
"602","2004MEADOW",230,NA,NA
"603","2003SUMMIT",230,NA,NA
"604","1990AVALANCHE",230,NA,NA
"605","2001HOOVER",230,1.58506236202215,0.00477673019182105
"606","2006BRODER_BECK",230,NA,NA
"607","1999HIRAM",230,NA,NA
"608","1999LECONTE",230,181.452048148204,0.156459245683254
"609","2003MOUNTAIN",230,NA,NA
"610","2006TAMARACK",230,NA,NA
"611","1985DOUGHERTY",230,NA,NA
"612","2004BLUFF",230,NA,NA
"613","1987FROG",230,NA,NA
"614","1994HORIZON",230,NA,NA
"615","2010SHEEP",230,NA,NA
"616","1996BIG_ARROYO",230,NA,NA
"617","2009GROUSE",230,NA,NA
"618","2003WILLIAMS",230,NA,NA
"619","1991FROG",230,NA,NA
"620","2006FROG",230,NA,NA
"621","2003WEST_KERN",230,NA,NA
"622","1988EAST_LECONTE",230,NA,NA
"623","1985SUGARLOAF",230,NA,NA
"624","1999ELEANOR",230,NA,NA
"625","2003MUD",240,3.58153549369435,0.00714321327342344
"626","1988BUCKEYE",240,21.1021967315557,0.0664782698918783
"627","2003KIBBIE",240,NA,NA
"628","2004MEADOW",240,NA,NA
"629","2003SUMMIT",240,NA,NA
"630","1990AVALANCHE",240,NA,NA
"631","2001HOOVER",240,0.692240891087522,0.00208613114770602
"632","2006BRODER_BECK",240,NA,NA
"633","1999HIRAM",240,NA,NA
"634","1999LECONTE",240,171.852455937831,0.148181880002184
"635","2003MOUNTAIN",240,NA,NA
"636","2006TAMARACK",240,NA,NA
"637","1985DOUGHERTY",240,NA,NA
"638","2004BLUFF",240,NA,NA
"639","1987FROG",240,NA,NA
"640","1994HORIZON",240,NA,NA
"641","2010SHEEP",240,NA,NA
"642","1996BIG_ARROYO",240,NA,NA
"643","2009GROUSE",240,NA,NA
"644","2003WILLIAMS",240,NA,NA
"645","1991FROG",240,NA,NA
"646","2006FROG",240,NA,NA
"647","2003WEST_KERN",240,NA,NA
"648","1988EAST_LECONTE",240,NA,NA
"649","1985SUGARLOAF",240,NA,NA
"650","1999ELEANOR",240,NA,NA
"651","2003MUD",250,2.4614308680522,0.00490921440796564
"652","1988BUCKEYE",250,16.3512586787257,0.0515113853474208
"653","2003KIBBIE",250,NA,NA
"654","2004MEADOW",250,NA,NA
"655","2003SUMMIT",250,NA,NA
"656","1990AVALANCHE",250,NA,NA
"657","2001HOOVER",250,0.219324732322215,0.00066095511179765
"658","2006BRODER_BECK",250,NA,NA
"659","1999HIRAM",250,NA,NA
"660","1999LECONTE",250,162.685646304655,0.140277686386484
"661","2003MOUNTAIN",250,NA,NA
"662","2006TAMARACK",250,NA,NA
"663","1985DOUGHERTY",250,NA,NA
"664","2004BLUFF",250,NA,NA
"665","1987FROG",250,NA,NA
"666","1994HORIZON",250,NA,NA
"667","2010SHEEP",250,NA,NA
"668","1996BIG_ARROYO",250,NA,NA
"669","2009GROUSE",250,NA,NA
"670","2003WILLIAMS",250,NA,NA
"671","1991FROG",250,NA,NA
"672","2006FROG",250,NA,NA
"673","2003WEST_KERN",250,NA,NA
"674","1988EAST_LECONTE",250,NA,NA
"675","1985SUGARLOAF",250,NA,NA
"676","1999ELEANOR",250,NA,NA
"677","2003MUD",260,1.55641559115663,0.0031042016836877
"678","1988BUCKEYE",260,12.5597390554487,0.0395669575694517
"679","2003KIBBIE",260,NA,NA
"680","2004MEADOW",260,NA,NA
"681","2003SUMMIT",260,NA,NA
"682","1990AVALANCHE",260,NA,NA
"683","2001HOOVER",260,0.0295713762675445,8.91160431383119e-05
"684","2006BRODER_BECK",260,NA,NA
"685","1999HIRAM",260,NA,NA
"686","1999LECONTE",260,153.876336363275,0.132681751248333
"687","2003MOUNTAIN",260,NA,NA
"688","2006TAMARACK",260,NA,NA
"689","1985DOUGHERTY",260,NA,NA
"690","2004BLUFF",260,NA,NA
"691","1987FROG",260,NA,NA
"692","1994HORIZON",260,NA,NA
"693","2010SHEEP",260,NA,NA
"694","1996BIG_ARROYO",260,NA,NA
"695","2009GROUSE",260,NA,NA
"696","2003WILLIAMS",260,NA,NA
"697","1991FROG",260,NA,NA
"698","2006FROG",260,NA,NA
"699","2003WEST_KERN",260,NA,NA
"700","1988EAST_LECONTE",260,NA,NA
"701","1985SUGARLOAF",260,NA,NA
"702","1999ELEANOR",260,NA,NA
"703","2003MUD",270,0.918702155237489,0.00183231059448358
"704","1988BUCKEYE",270,9.61310946461696,0.0302841876425755
"705","2003KIBBIE",270,NA,NA
"706","2004MEADOW",270,NA,NA
"707","2003SUMMIT",270,NA,NA
"708","1990AVALANCHE",270,NA,NA
"709","2001HOOVER",270,NA,NA
"710","2006BRODER_BECK",270,NA,NA
"711","1999HIRAM",270,NA,NA
"712","1999LECONTE",270,145.43659880486,0.12540448441321
"713","2003MOUNTAIN",270,NA,NA
"714","2006TAMARACK",270,NA,NA
"715","1985DOUGHERTY",270,NA,NA
"716","2004BLUFF",270,NA,NA
"717","1987FROG",270,NA,NA
"718","1994HORIZON",270,NA,NA
"719","2010SHEEP",270,NA,NA
"720","1996BIG_ARROYO",270,NA,NA
"721","2009GROUSE",270,NA,NA
"722","2003WILLIAMS",270,NA,NA
"723","1991FROG",270,NA,NA
"724","2006FROG",270,NA,NA
"725","2003WEST_KERN",270,NA,NA
"726","1988EAST_LECONTE",270,NA,NA
"727","1985SUGARLOAF",270,NA,NA
"728","1999ELEANOR",270,NA,NA
"729","2003MUD",280,0.462364958113573,0.000922166347863257
"730","1988BUCKEYE",280,7.21103701940393,0.0227169365954878
"731","2003KIBBIE",280,NA,NA
"732","2004MEADOW",280,NA,NA
"733","2003SUMMIT",280,NA,NA
"734","1990AVALANCHE",280,NA,NA
"735","2001HOOVER",280,NA,NA
"736","2006BRODER_BECK",280,NA,NA
"737","1999HIRAM",280,NA,NA
"738","1999LECONTE",280,137.368516854659,0.118447682167538
"739","2003MOUNTAIN",280,NA,NA
"740","2006TAMARACK",280,NA,NA
"741","1985DOUGHERTY",280,NA,NA
"742","2004BLUFF",280,NA,NA
"743","1987FROG",280,NA,NA
"744","1994HORIZON",280,NA,NA
"745","2010SHEEP",280,NA,NA
"746","1996BIG_ARROYO",280,NA,NA
"747","2009GROUSE",280,NA,NA
"748","2003WILLIAMS",280,NA,NA
"749","1991FROG",280,NA,NA
"750","2006FROG",280,NA,NA
"751","2003WEST_KERN",280,NA,NA
"752","1988EAST_LECONTE",280,NA,NA
"753","1985SUGARLOAF",280,NA,NA
"754","1999ELEANOR",280,NA,NA
"755","2003MUD",290,0.165276776970096,0.000329637181907037
"756","1988BUCKEYE",290,5.25792149898852,0.0165640349640651
"757","2003KIBBIE",290,NA,NA
"758","2004MEADOW",290,NA,NA
"759","2003SUMMIT",290,NA,NA
"760","1990AVALANCHE",290,NA,NA
"761","2001HOOVER",290,NA,NA
"762","2006BRODER_BECK",290,NA,NA
"763","1999HIRAM",290,NA,NA
"764","1999LECONTE",290,129.80770557881,0.111928280259181
"765","2003MOUNTAIN",290,NA,NA
"766","2006TAMARACK",290,NA,NA
"767","1985DOUGHERTY",290,NA,NA
"768","2004BLUFF",290,NA,NA
"769","1987FROG",290,NA,NA
"770","1994HORIZON",290,NA,NA
"771","2010SHEEP",290,NA,NA
"772","1996BIG_ARROYO",290,NA,NA
"773","2009GROUSE",290,NA,NA
"774","2003WILLIAMS",290,NA,NA
"775","1991FROG",290,NA,NA
"776","2006FROG",290,NA,NA
"777","2003WEST_KERN",290,NA,NA
"778","1988EAST_LECONTE",290,NA,NA
"779","1985SUGARLOAF",290,NA,NA
"780","1999ELEANOR",290,NA,NA
"781","2003MUD",300,0.0266660153358581,5.31841817655515e-05
"782","1988BUCKEYE",300,3.92459168617052,0.0123636448208505
"783","2003KIBBIE",300,NA,NA
"784","2004MEADOW",300,NA,NA
"785","2003SUMMIT",300,NA,NA
"786","1990AVALANCHE",300,NA,NA
"787","2001HOOVER",300,NA,NA
"788","2006BRODER_BECK",300,NA,NA
"789","1999HIRAM",300,NA,NA
"790","1999LECONTE",300,122.707810887717,0.105806309307982
"791","2003MOUNTAIN",300,NA,NA
"792","2006TAMARACK",300,NA,NA
"793","1985DOUGHERTY",300,NA,NA
"794","2004BLUFF",300,NA,NA
"795","1987FROG",300,NA,NA
"796","1994HORIZON",300,NA,NA
"797","2010SHEEP",300,NA,NA
"798","1996BIG_ARROYO",300,NA,NA
"799","2009GROUSE",300,NA,NA
"800","2003WILLIAMS",300,NA,NA
"801","1991FROG",300,NA,NA
"802","2006FROG",300,NA,NA
"803","2003WEST_KERN",300,NA,NA
"804","1988EAST_LECONTE",300,NA,NA
"805","1985SUGARLOAF",300,NA,NA
"806","1999ELEANOR",300,NA,NA
"807","2003MUD",310,NA,NA
"808","1988BUCKEYE",310,2.86453930737748,0.00902416083094187
"809","2003KIBBIE",310,NA,NA
"810","2004MEADOW",310,NA,NA
"811","2003SUMMIT",310,NA,NA
"812","1990AVALANCHE",310,NA,NA
"813","2001HOOVER",310,NA,NA
"814","2006BRODER_BECK",310,NA,NA
"815","1999HIRAM",310,NA,NA
"816","1999LECONTE",310,115.829867441408,0.0998757185296248
"817","2003MOUNTAIN",310,NA,NA
"818","2006TAMARACK",310,NA,NA
"819","1985DOUGHERTY",310,NA,NA
"820","2004BLUFF",310,NA,NA
"821","1987FROG",310,NA,NA
"822","1994HORIZON",310,NA,NA
"823","2010SHEEP",310,NA,NA
"824","1996BIG_ARROYO",310,NA,NA
"825","2009GROUSE",310,NA,NA
"826","2003WILLIAMS",310,NA,NA
"827","1991FROG",310,NA,NA
"828","2006FROG",310,NA,NA
"829","2003WEST_KERN",310,NA,NA
"830","1988EAST_LECONTE",310,NA,NA
"831","1985SUGARLOAF",310,NA,NA
"832","1999ELEANOR",310,NA,NA
"833","2003MUD",320,NA,NA
"834","1988BUCKEYE",320,2.06302929825746,0.00649916310747526
"835","2003KIBBIE",320,NA,NA
"836","2004MEADOW",320,NA,NA
"837","2003SUMMIT",320,NA,NA
"838","1990AVALANCHE",320,NA,NA
"839","2001HOOVER",320,NA,NA
"840","2006BRODER_BECK",320,NA,NA
"841","1999HIRAM",320,NA,NA
"842","1999LECONTE",320,109.156993307462,0.0941219512716015
"843","2003MOUNTAIN",320,NA,NA
"844","2006TAMARACK",320,NA,NA
"845","1985DOUGHERTY",320,NA,NA
"846","2004BLUFF",320,NA,NA
"847","1987FROG",320,NA,NA
"848","1994HORIZON",320,NA,NA
"849","2010SHEEP",320,NA,NA
"850","1996BIG_ARROYO",320,NA,NA
"851","2009GROUSE",320,NA,NA
"852","2003WILLIAMS",320,NA,NA
"853","1991FROG",320,NA,NA
"854","2006FROG",320,NA,NA
"855","2003WEST_KERN",320,NA,NA
"856","1988EAST_LECONTE",320,NA,NA
"857","1985SUGARLOAF",320,NA,NA
"858","1999ELEANOR",320,NA,NA
"859","2003MUD",330,NA,NA
"860","1988BUCKEYE",330,1.48925585827739,0.0046916041085229
"861","2003KIBBIE",330,NA,NA
"862","2004MEADOW",330,NA,NA
"863","2003SUMMIT",330,NA,NA
"864","1990AVALANCHE",330,NA,NA
"865","2001HOOVER",330,NA,NA
"866","2006BRODER_BECK",330,NA,NA
"867","1999HIRAM",330,NA,NA
"868","1999LECONTE",330,102.685169123033,0.0885415417891837
"869","2003MOUNTAIN",330,NA,NA
"870","2006TAMARACK",330,NA,NA
"871","1985DOUGHERTY",330,NA,NA
"872","2004BLUFF",330,NA,NA
"873","1987FROG",330,NA,NA
"874","1994HORIZON",330,NA,NA
"875","2010SHEEP",330,NA,NA
"876","1996BIG_ARROYO",330,NA,NA
"877","2009GROUSE",330,NA,NA
"878","2003WILLIAMS",330,NA,NA
"879","1991FROG",330,NA,NA
"880","2006FROG",330,NA,NA
"881","2003WEST_KERN",330,NA,NA
"882","1988EAST_LECONTE",330,NA,NA
"883","1985SUGARLOAF",330,NA,NA
"884","1999ELEANOR",330,NA,NA
"885","2003MUD",340,NA,NA
"886","1988BUCKEYE",340,1.02903358942659,0.00324176546906196
"887","2003KIBBIE",340,NA,NA
"888","2004MEADOW",340,NA,NA
"889","2003SUMMIT",340,NA,NA
"890","1990AVALANCHE",340,NA,NA
"891","2001HOOVER",340,NA,NA
"892","2006BRODER_BECK",340,NA,NA
"893","1999HIRAM",340,NA,NA
"894","1999LECONTE",340,96.4072754745591,0.083128351281035
"895","2003MOUNTAIN",340,NA,NA
"896","2006TAMARACK",340,NA,NA
"897","1985DOUGHERTY",340,NA,NA
"898","2004BLUFF",340,NA,NA
"899","1987FROG",340,NA,NA
"900","1994HORIZON",340,NA,NA
"901","2010SHEEP",340,NA,NA
"902","1996BIG_ARROYO",340,NA,NA
"903","2009GROUSE",340,NA,NA
"904","2003WILLIAMS",340,NA,NA
"905","1991FROG",340,NA,NA
"906","2006FROG",340,NA,NA
"907","2003WEST_KERN",340,NA,NA
"908","1988EAST_LECONTE",340,NA,NA
"909","1985SUGARLOAF",340,NA,NA
"910","1999ELEANOR",340,NA,NA
"911","2003MUD",350,NA,NA
"912","1988BUCKEYE",350,0.653998472200166,0.00206029199219742
"913","2003KIBBIE",350,NA,NA
"914","2004MEADOW",350,NA,NA
"915","2003SUMMIT",350,NA,NA
"916","1990AVALANCHE",350,NA,NA
"917","2001HOOVER",350,NA,NA
"918","2006BRODER_BECK",350,NA,NA
"919","1999HIRAM",350,NA,NA
"920","1999LECONTE",350,90.3256709631783,0.0778844134798076
"921","2003MOUNTAIN",350,NA,NA
"922","2006TAMARACK",350,NA,NA
"923","1985DOUGHERTY",350,NA,NA
"924","2004BLUFF",350,NA,NA
"925","1987FROG",350,NA,NA
"926","1994HORIZON",350,NA,NA
"927","2010SHEEP",350,NA,NA
"928","1996BIG_ARROYO",350,NA,NA
"929","2009GROUSE",350,NA,NA
"930","2003WILLIAMS",350,NA,NA
"931","1991FROG",350,NA,NA
"932","2006FROG",350,NA,NA
"933","2003WEST_KERN",350,NA,NA
"934","1988EAST_LECONTE",350,NA,NA
"935","1985SUGARLOAF",350,NA,NA
"936","1999ELEANOR",350,NA,NA
"937","2003MUD",360,NA,NA
"938","1988BUCKEYE",360,0.364196295560552,0.00114732792694004
"939","2003KIBBIE",360,NA,NA
"940","2004MEADOW",360,NA,NA
"941","2003SUMMIT",360,NA,NA
"942","1990AVALANCHE",360,NA,NA
"943","2001HOOVER",360,NA,NA
"944","2006BRODER_BECK",360,NA,NA
"945","1999HIRAM",360,NA,NA
"946","1999LECONTE",360,84.4345412437077,0.0728047148953213
"947","2003MOUNTAIN",360,NA,NA
"948","2006TAMARACK",360,NA,NA
"949","1985DOUGHERTY",360,NA,NA
"950","2004BLUFF",360,NA,NA
"951","1987FROG",360,NA,NA
"952","1994HORIZON",360,NA,NA
"953","2010SHEEP",360,NA,NA
"954","1996BIG_ARROYO",360,NA,NA
"955","2009GROUSE",360,NA,NA
"956","2003WILLIAMS",360,NA,NA
"957","1991FROG",360,NA,NA
"958","2006FROG",360,NA,NA
"959","2003WEST_KERN",360,NA,NA
"960","1988EAST_LECONTE",360,NA,NA
"961","1985SUGARLOAF",360,NA,NA
"962","1999ELEANOR",360,NA,NA
"963","2003MUD",370,NA,NA
"964","1988BUCKEYE",370,0.159828281946656,0.00050350718452532
"965","2003KIBBIE",370,NA,NA
"966","2004MEADOW",370,NA,NA
"967","2003SUMMIT",370,NA,NA
"968","1990AVALANCHE",370,NA,NA
"969","2001HOOVER",370,NA,NA
"970","2006BRODER_BECK",370,NA,NA
"971","1999HIRAM",370,NA,NA
"972","1999LECONTE",370,78.9886658808727,0.068108942320419
"973","2003MOUNTAIN",370,NA,NA
"974","2006TAMARACK",370,NA,NA
"975","1985DOUGHERTY",370,NA,NA
"976","2004BLUFF",370,NA,NA
"977","1987FROG",370,NA,NA
"978","1994HORIZON",370,NA,NA
"979","2010SHEEP",370,NA,NA
"980","1996BIG_ARROYO",370,NA,NA
"981","2009GROUSE",370,NA,NA
"982","2003WILLIAMS",370,NA,NA
"983","1991FROG",370,NA,NA
"984","2006FROG",370,NA,NA
"985","2003WEST_KERN",370,NA,NA
"986","1988EAST_LECONTE",370,NA,NA
"987","1985SUGARLOAF",370,NA,NA
"988","1999ELEANOR",370,NA,NA
"989","2003MUD",380,NA,NA
"990","1988BUCKEYE",380,0.0394677153469001,0.000124335180181671
"991","2003KIBBIE",380,NA,NA
"992","2004MEADOW",380,NA,NA
"993","2003SUMMIT",380,NA,NA
"994","1990AVALANCHE",380,NA,NA
"995","2001HOOVER",380,NA,NA
"996","2006BRODER_BECK",380,NA,NA
"997","1999HIRAM",380,NA,NA
"998","1999LECONTE",380,73.7438600140748,0.0635865443753483
"999","2003MOUNTAIN",380,NA,NA
"1000","2006TAMARACK",380,NA,NA
"1001","1985DOUGHERTY",380,NA,NA
"1002","2004BLUFF",380,NA,NA
"1003","1987FROG",380,NA,NA
"1004","1994HORIZON",380,NA,NA
"1005","2010SHEEP",380,NA,NA
"1006","1996BIG_ARROYO",380,NA,NA
"1007","2009GROUSE",380,NA,NA
"1008","2003WILLIAMS",380,NA,NA
"1009","1991FROG",380,NA,NA
"1010","2006FROG",380,NA,NA
"1011","2003WEST_KERN",380,NA,NA
"1012","1988EAST_LECONTE",380,NA,NA
"1013","1985SUGARLOAF",380,NA,NA
"1014","1999ELEANOR",380,NA,NA
"1015","2003MUD",390,NA,NA
"1016","1988BUCKEYE",390,NA,NA
"1017","2003KIBBIE",390,NA,NA
"1018","2004MEADOW",390,NA,NA
"1019","2003SUMMIT",390,NA,NA
"1020","1990AVALANCHE",390,NA,NA
"1021","2001HOOVER",390,NA,NA
"1022","2006BRODER_BECK",390,NA,NA
"1023","1999HIRAM",390,NA,NA
"1024","1999LECONTE",390,68.8166708694305,0.0593380153299219
"1025","2003MOUNTAIN",390,NA,NA
"1026","2006TAMARACK",390,NA,NA
"1027","1985DOUGHERTY",390,NA,NA
"1028","2004BLUFF",390,NA,NA
"1029","1987FROG",390,NA,NA
"1030","1994HORIZON",390,NA,NA
"1031","2010SHEEP",390,NA,NA
"1032","1996BIG_ARROYO",390,NA,NA
"1033","2009GROUSE",390,NA,NA
"1034","2003WILLIAMS",390,NA,NA
"1035","1991FROG",390,NA,NA
"1036","2006FROG",390,NA,NA
"1037","2003WEST_KERN",390,NA,NA
"1038","1988EAST_LECONTE",390,NA,NA
"1039","1985SUGARLOAF",390,NA,NA
"1040","1999ELEANOR",390,NA,NA
"1041","2003MUD",400,NA,NA
"1042","1988BUCKEYE",400,NA,NA
"1043","2003KIBBIE",400,NA,NA
"1044","2004MEADOW",400,NA,NA
"1045","2003SUMMIT",400,NA,NA
"1046","1990AVALANCHE",400,NA,NA
"1047","2001HOOVER",400,NA,NA
"1048","2006BRODER_BECK",400,NA,NA
"1049","1999HIRAM",400,NA,NA
"1050","1999LECONTE",400,64.1419033202394,0.0553071398895212
"1051","2003MOUNTAIN",400,NA,NA
"1052","2006TAMARACK",400,NA,NA
"1053","1985DOUGHERTY",400,NA,NA
"1054","2004BLUFF",400,NA,NA
"1055","1987FROG",400,NA,NA
"1056","1994HORIZON",400,NA,NA
"1057","2010SHEEP",400,NA,NA
"1058","1996BIG_ARROYO",400,NA,NA
"1059","2009GROUSE",400,NA,NA
"1060","2003WILLIAMS",400,NA,NA
"1061","1991FROG",400,NA,NA
"1062","2006FROG",400,NA,NA
"1063","2003WEST_KERN",400,NA,NA
"1064","1988EAST_LECONTE",400,NA,NA
"1065","1985SUGARLOAF",400,NA,NA
"1066","1999ELEANOR",400,NA,NA
"1067","2003MUD",410,NA,NA
"1068","1988BUCKEYE",410,NA,NA
"1069","2003KIBBIE",410,NA,NA
"1070","2004MEADOW",410,NA,NA
"1071","2003SUMMIT",410,NA,NA
"1072","1990AVALANCHE",410,NA,NA
"1073","2001HOOVER",410,NA,NA
"1074","2006BRODER_BECK",410,NA,NA
"1075","1999HIRAM",410,NA,NA
"1076","1999LECONTE",410,59.6630302416473,0.0514451768500344
"1077","2003MOUNTAIN",410,NA,NA
"1078","2006TAMARACK",410,NA,NA
"1079","1985DOUGHERTY",410,NA,NA
"1080","2004BLUFF",410,NA,NA
"1081","1987FROG",410,NA,NA
"1082","1994HORIZON",410,NA,NA
"1083","2010SHEEP",410,NA,NA
"1084","1996BIG_ARROYO",410,NA,NA
"1085","2009GROUSE",410,NA,NA
"1086","2003WILLIAMS",410,NA,NA
"1087","1991FROG",410,NA,NA
"1088","2006FROG",410,NA,NA
"1089","2003WEST_KERN",410,NA,NA
"1090","1988EAST_LECONTE",410,NA,NA
"1091","1985SUGARLOAF",410,NA,NA
"1092","1999ELEANOR",410,NA,NA
"1093","2003MUD",420,NA,NA
"1094","1988BUCKEYE",420,NA,NA
"1095","2003KIBBIE",420,NA,NA
"1096","2004MEADOW",420,NA,NA
"1097","2003SUMMIT",420,NA,NA
"1098","1990AVALANCHE",420,NA,NA
"1099","2001HOOVER",420,NA,NA
"1100","2006BRODER_BECK",420,NA,NA
"1101","1999HIRAM",420,NA,NA
"1102","1999LECONTE",420,55.3756320782113,0.047748315395778
"1103","2003MOUNTAIN",420,NA,NA
"1104","2006TAMARACK",420,NA,NA
"1105","1985DOUGHERTY",420,NA,NA
"1106","2004BLUFF",420,NA,NA
"1107","1987FROG",420,NA,NA
"1108","1994HORIZON",420,NA,NA
"1109","2010SHEEP",420,NA,NA
"1110","1996BIG_ARROYO",420,NA,NA
"1111","2009GROUSE",420,NA,NA
"1112","2003WILLIAMS",420,NA,NA
"1113","1991FROG",420,NA,NA
"1114","2006FROG",420,NA,NA
"1115","2003WEST_KERN",420,NA,NA
"1116","1988EAST_LECONTE",420,NA,NA
"1117","1985SUGARLOAF",420,NA,NA
"1118","1999ELEANOR",420,NA,NA
"1119","2003MUD",430,NA,NA
"1120","1988BUCKEYE",430,NA,NA
"1121","2003KIBBIE",430,NA,NA
"1122","2004MEADOW",430,NA,NA
"1123","2003SUMMIT",430,NA,NA
"1124","1990AVALANCHE",430,NA,NA
"1125","2001HOOVER",430,NA,NA
"1126","2006BRODER_BECK",430,NA,NA
"1127","1999HIRAM",430,NA,NA
"1128","1999LECONTE",430,51.2769396013073,0.0442141677255338
"1129","2003MOUNTAIN",430,NA,NA
"1130","2006TAMARACK",430,NA,NA
"1131","1985DOUGHERTY",430,NA,NA
"1132","2004BLUFF",430,NA,NA
"1133","1987FROG",430,NA,NA
"1134","1994HORIZON",430,NA,NA
"1135","2010SHEEP",430,NA,NA
"1136","1996BIG_ARROYO",430,NA,NA
"1137","2009GROUSE",430,NA,NA
"1138","2003WILLIAMS",430,NA,NA
"1139","1991FROG",430,NA,NA
"1140","2006FROG",430,NA,NA
"1141","2003WEST_KERN",430,NA,NA
"1142","1988EAST_LECONTE",430,NA,NA
"1143","1985SUGARLOAF",430,NA,NA
"1144","1999ELEANOR",430,NA,NA
"1145","2003MUD",440,NA,NA
"1146","1988BUCKEYE",440,NA,NA
"1147","2003KIBBIE",440,NA,NA
"1148","2004MEADOW",440,NA,NA
"1149","2003SUMMIT",440,NA,NA
"1150","1990AVALANCHE",440,NA,NA
"1151","2001HOOVER",440,NA,NA
"1152","2006BRODER_BECK",440,NA,NA
"1153","1999HIRAM",440,NA,NA
"1154","1999LECONTE",440,47.3546884241703,0.0408321587219546
"1155","2003MOUNTAIN",440,NA,NA
"1156","2006TAMARACK",440,NA,NA
"1157","1985DOUGHERTY",440,NA,NA
"1158","2004BLUFF",440,NA,NA
"1159","1987FROG",440,NA,NA
"1160","1994HORIZON",440,NA,NA
"1161","2010SHEEP",440,NA,NA
"1162","1996BIG_ARROYO",440,NA,NA
"1163","2009GROUSE",440,NA,NA
"1164","2003WILLIAMS",440,NA,NA
"1165","1991FROG",440,NA,NA
"1166","2006FROG",440,NA,NA
"1167","2003WEST_KERN",440,NA,NA
"1168","1988EAST_LECONTE",440,NA,NA
"1169","1985SUGARLOAF",440,NA,NA
"1170","1999ELEANOR",440,NA,NA
"1171","2003MUD",450,NA,NA
"1172","1988BUCKEYE",450,NA,NA
"1173","2003KIBBIE",450,NA,NA
"1174","2004MEADOW",450,NA,NA
"1175","2003SUMMIT",450,NA,NA
"1176","1990AVALANCHE",450,NA,NA
"1177","2001HOOVER",450,NA,NA
"1178","2006BRODER_BECK",450,NA,NA
"1179","1999HIRAM",450,NA,NA
"1180","1999LECONTE",450,43.6152536807591,0.0376077854221943
"1181","2003MOUNTAIN",450,NA,NA
"1182","2006TAMARACK",450,NA,NA
"1183","1985DOUGHERTY",450,NA,NA
"1184","2004BLUFF",450,NA,NA
"1185","1987FROG",450,NA,NA
"1186","1994HORIZON",450,NA,NA
"1187","2010SHEEP",450,NA,NA
"1188","1996BIG_ARROYO",450,NA,NA
"1189","2009GROUSE",450,NA,NA
"1190","2003WILLIAMS",450,NA,NA
"1191","1991FROG",450,NA,NA
"1192","2006FROG",450,NA,NA
"1193","2003WEST_KERN",450,NA,NA
"1194","1988EAST_LECONTE",450,NA,NA
"1195","1985SUGARLOAF",450,NA,NA
"1196","1999ELEANOR",450,NA,NA
"1197","2003MUD",460,NA,NA
"1198","1988BUCKEYE",460,NA,NA
"1199","2003KIBBIE",460,NA,NA
"1200","2004MEADOW",460,NA,NA
"1201","2003SUMMIT",460,NA,NA
"1202","1990AVALANCHE",460,NA,NA
"1203","2001HOOVER",460,NA,NA
"1204","2006BRODER_BECK",460,NA,NA
"1205","1999HIRAM",460,NA,NA
"1206","1999LECONTE",460,40.2379790677216,0.0346956891200933
"1207","2003MOUNTAIN",460,NA,NA
"1208","2006TAMARACK",460,NA,NA
"1209","1985DOUGHERTY",460,NA,NA
"1210","2004BLUFF",460,NA,NA
"1211","1987FROG",460,NA,NA
"1212","1994HORIZON",460,NA,NA
"1213","2010SHEEP",460,NA,NA
"1214","1996BIG_ARROYO",460,NA,NA
"1215","2009GROUSE",460,NA,NA
"1216","2003WILLIAMS",460,NA,NA
"1217","1991FROG",460,NA,NA
"1218","2006FROG",460,NA,NA
"1219","2003WEST_KERN",460,NA,NA
"1220","1988EAST_LECONTE",460,NA,NA
"1221","1985SUGARLOAF",460,NA,NA
"1222","1999ELEANOR",460,NA,NA
"1223","2003MUD",470,NA,NA
"1224","1988BUCKEYE",470,NA,NA
"1225","2003KIBBIE",470,NA,NA
"1226","2004MEADOW",470,NA,NA
"1227","2003SUMMIT",470,NA,NA
"1228","1990AVALANCHE",470,NA,NA
"1229","2001HOOVER",470,NA,NA
"1230","2006BRODER_BECK",470,NA,NA
"1231","1999HIRAM",470,NA,NA
"1232","1999LECONTE",470,37.1153959754486,0.032003203693854
"1233","2003MOUNTAIN",470,NA,NA
"1234","2006TAMARACK",470,NA,NA
"1235","1985DOUGHERTY",470,NA,NA
"1236","2004BLUFF",470,NA,NA
"1237","1987FROG",470,NA,NA
"1238","1994HORIZON",470,NA,NA
"1239","2010SHEEP",470,NA,NA
"1240","1996BIG_ARROYO",470,NA,NA
"1241","2009GROUSE",470,NA,NA
"1242","2003WILLIAMS",470,NA,NA
"1243","1991FROG",470,NA,NA
"1244","2006FROG",470,NA,NA
"1245","2003WEST_KERN",470,NA,NA
"1246","1988EAST_LECONTE",470,NA,NA
"1247","1985SUGARLOAF",470,NA,NA
"1248","1999ELEANOR",470,NA,NA
"1249","2003MUD",480,NA,NA
"1250","1988BUCKEYE",480,NA,NA
"1251","2003KIBBIE",480,NA,NA
"1252","2004MEADOW",480,NA,NA
"1253","2003SUMMIT",480,NA,NA
"1254","1990AVALANCHE",480,NA,NA
"1255","2001HOOVER",480,NA,NA
"1256","2006BRODER_BECK",480,NA,NA
"1257","1999HIRAM",480,NA,NA
"1258","1999LECONTE",480,34.123229325905,0.0294231714389201
"1259","2003MOUNTAIN",480,NA,NA
"1260","2006TAMARACK",480,NA,NA
"1261","1985DOUGHERTY",480,NA,NA
"1262","2004BLUFF",480,NA,NA
"1263","1987FROG",480,NA,NA
"1264","1994HORIZON",480,NA,NA
"1265","2010SHEEP",480,NA,NA
"1266","1996BIG_ARROYO",480,NA,NA
"1267","2009GROUSE",480,NA,NA
"1268","2003WILLIAMS",480,NA,NA
"1269","1991FROG",480,NA,NA
"1270","2006FROG",480,NA,NA
"1271","2003WEST_KERN",480,NA,NA
"1272","1988EAST_LECONTE",480,NA,NA
"1273","1985SUGARLOAF",480,NA,NA
"1274","1999ELEANOR",480,NA,NA
"1275","2003MUD",490,NA,NA
"1276","1988BUCKEYE",490,NA,NA
"1277","2003KIBBIE",490,NA,NA
"1278","2004MEADOW",490,NA,NA
"1279","2003SUMMIT",490,NA,NA
"1280","1990AVALANCHE",490,NA,NA
"1281","2001HOOVER",490,NA,NA
"1282","2006BRODER_BECK",490,NA,NA
"1283","1999HIRAM",490,NA,NA
"1284","1999LECONTE",490,31.2479683428125,0.0269439425233571
"1285","2003MOUNTAIN",490,NA,NA
"1286","2006TAMARACK",490,NA,NA
"1287","1985DOUGHERTY",490,NA,NA
"1288","2004BLUFF",490,NA,NA
"1289","1987FROG",490,NA,NA
"1290","1994HORIZON",490,NA,NA
"1291","2010SHEEP",490,NA,NA
"1292","1996BIG_ARROYO",490,NA,NA
"1293","2009GROUSE",490,NA,NA
"1294","2003WILLIAMS",490,NA,NA
"1295","1991FROG",490,NA,NA
"1296","2006FROG",490,NA,NA
"1297","2003WEST_KERN",490,NA,NA
"1298","1988EAST_LECONTE",490,NA,NA
"1299","1985SUGARLOAF",490,NA,NA
"1300","1999ELEANOR",490,NA,NA
"1301","2003MUD",500,NA,NA
"1302","1988BUCKEYE",500,NA,NA
"1303","2003KIBBIE",500,NA,NA
"1304","2004MEADOW",500,NA,NA
"1305","2003SUMMIT",500,NA,NA
"1306","1990AVALANCHE",500,NA,NA
"1307","2001HOOVER",500,NA,NA
"1308","2006BRODER_BECK",500,NA,NA
"1309","1999HIRAM",500,NA,NA
"1310","1999LECONTE",500,28.4886920459981,0.0245647228207575
"1311","2003MOUNTAIN",500,NA,NA
"1312","2006TAMARACK",500,NA,NA
"1313","1985DOUGHERTY",500,NA,NA
"1314","2004BLUFF",500,NA,NA
"1315","1987FROG",500,NA,NA
"1316","1994HORIZON",500,NA,NA
"1317","2010SHEEP",500,NA,NA
"1318","1996BIG_ARROYO",500,NA,NA
"1319","2009GROUSE",500,NA,NA
"1320","2003WILLIAMS",500,NA,NA
"1321","1991FROG",500,NA,NA
"1322","2006FROG",500,NA,NA
"1323","2003WEST_KERN",500,NA,NA
"1324","1988EAST_LECONTE",500,NA,NA
"1325","1985SUGARLOAF",500,NA,NA
"1326","1999ELEANOR",500,NA,NA
"1327","2003MUD",510,NA,NA
"1328","1988BUCKEYE",510,NA,NA
"1329","2003KIBBIE",510,NA,NA
"1330","2004MEADOW",510,NA,NA
"1331","2003SUMMIT",510,NA,NA
"1332","1990AVALANCHE",510,NA,NA
"1333","2001HOOVER",510,NA,NA
"1334","2006BRODER_BECK",510,NA,NA
"1335","1999HIRAM",510,NA,NA
"1336","1999LECONTE",510,25.823439083048,0.022266575886656
"1337","2003MOUNTAIN",510,NA,NA
"1338","2006TAMARACK",510,NA,NA
"1339","1985DOUGHERTY",510,NA,NA
"1340","2004BLUFF",510,NA,NA
"1341","1987FROG",510,NA,NA
"1342","1994HORIZON",510,NA,NA
"1343","2010SHEEP",510,NA,NA
"1344","1996BIG_ARROYO",510,NA,NA
"1345","2009GROUSE",510,NA,NA
"1346","2003WILLIAMS",510,NA,NA
"1347","1991FROG",510,NA,NA
"1348","2006FROG",510,NA,NA
"1349","2003WEST_KERN",510,NA,NA
"1350","1988EAST_LECONTE",510,NA,NA
"1351","1985SUGARLOAF",510,NA,NA
"1352","1999ELEANOR",510,NA,NA
"1353","2003MUD",520,NA,NA
"1354","1988BUCKEYE",520,NA,NA
"1355","2003KIBBIE",520,NA,NA
"1356","2004MEADOW",520,NA,NA
"1357","2003SUMMIT",520,NA,NA
"1358","1990AVALANCHE",520,NA,NA
"1359","2001HOOVER",520,NA,NA
"1360","2006BRODER_BECK",520,NA,NA
"1361","1999HIRAM",520,NA,NA
"1362","1999LECONTE",520,23.2468300579636,0.0200448632711219
"1363","2003MOUNTAIN",520,NA,NA
"1364","2006TAMARACK",520,NA,NA
"1365","1985DOUGHERTY",520,NA,NA
"1366","2004BLUFF",520,NA,NA
"1367","1987FROG",520,NA,NA
"1368","1994HORIZON",520,NA,NA
"1369","2010SHEEP",520,NA,NA
"1370","1996BIG_ARROYO",520,NA,NA
"1371","2009GROUSE",520,NA,NA
"1372","2003WILLIAMS",520,NA,NA
"1373","1991FROG",520,NA,NA
"1374","2006FROG",520,NA,NA
"1375","2003WEST_KERN",520,NA,NA
"1376","1988EAST_LECONTE",520,NA,NA
"1377","1985SUGARLOAF",520,NA,NA
"1378","1999ELEANOR",520,NA,NA
"1379","2003MUD",530,NA,NA
"1380","1988BUCKEYE",530,NA,NA
"1381","2003KIBBIE",530,NA,NA
"1382","2004MEADOW",530,NA,NA
"1383","2003SUMMIT",530,NA,NA
"1384","1990AVALANCHE",530,NA,NA
"1385","2001HOOVER",530,NA,NA
"1386","2006BRODER_BECK",530,NA,NA
"1387","1999HIRAM",530,NA,NA
"1388","1999LECONTE",530,20.7590373919144,0.0178997336464154
"1389","2003MOUNTAIN",530,NA,NA
"1390","2006TAMARACK",530,NA,NA
"1391","1985DOUGHERTY",530,NA,NA
"1392","2004BLUFF",530,NA,NA
"1393","1987FROG",530,NA,NA
"1394","1994HORIZON",530,NA,NA
"1395","2010SHEEP",530,NA,NA
"1396","1996BIG_ARROYO",530,NA,NA
"1397","2009GROUSE",530,NA,NA
"1398","2003WILLIAMS",530,NA,NA
"1399","1991FROG",530,NA,NA
"1400","2006FROG",530,NA,NA
"1401","2003WEST_KERN",530,NA,NA
"1402","1988EAST_LECONTE",530,NA,NA
"1403","1985SUGARLOAF",530,NA,NA
"1404","1999ELEANOR",530,NA,NA
"1405","2003MUD",540,NA,NA
"1406","1988BUCKEYE",540,NA,NA
"1407","2003KIBBIE",540,NA,NA
"1408","2004MEADOW",540,NA,NA
"1409","2003SUMMIT",540,NA,NA
"1410","1990AVALANCHE",540,NA,NA
"1411","2001HOOVER",540,NA,NA
"1412","2006BRODER_BECK",540,NA,NA
"1413","1999HIRAM",540,NA,NA
"1414","1999LECONTE",540,18.359937895785,0.0158310807912164
"1415","2003MOUNTAIN",540,NA,NA
"1416","2006TAMARACK",540,NA,NA
"1417","1985DOUGHERTY",540,NA,NA
"1418","2004BLUFF",540,NA,NA
"1419","1987FROG",540,NA,NA
"1420","1994HORIZON",540,NA,NA
"1421","2010SHEEP",540,NA,NA
"1422","1996BIG_ARROYO",540,NA,NA
"1423","2009GROUSE",540,NA,NA
"1424","2003WILLIAMS",540,NA,NA
"1425","1991FROG",540,NA,NA
"1426","2006FROG",540,NA,NA
"1427","2003WEST_KERN",540,NA,NA
"1428","1988EAST_LECONTE",540,NA,NA
"1429","1985SUGARLOAF",540,NA,NA
"1430","1999ELEANOR",540,NA,NA
"1431","2003MUD",550,NA,NA
"1432","1988BUCKEYE",550,NA,NA
"1433","2003KIBBIE",550,NA,NA
"1434","2004MEADOW",550,NA,NA
"1435","2003SUMMIT",550,NA,NA
"1436","1990AVALANCHE",550,NA,NA
"1437","2001HOOVER",550,NA,NA
"1438","2006BRODER_BECK",550,NA,NA
"1439","1999HIRAM",550,NA,NA
"1440","1999LECONTE",550,16.0487747270839,0.0138382521088388
"1441","2003MOUNTAIN",550,NA,NA
"1442","2006TAMARACK",550,NA,NA
"1443","1985DOUGHERTY",550,NA,NA
"1444","2004BLUFF",550,NA,NA
"1445","1987FROG",550,NA,NA
"1446","1994HORIZON",550,NA,NA
"1447","2010SHEEP",550,NA,NA
"1448","1996BIG_ARROYO",550,NA,NA
"1449","2009GROUSE",550,NA,NA
"1450","2003WILLIAMS",550,NA,NA
"1451","1991FROG",550,NA,NA
"1452","2006FROG",550,NA,NA
"1453","2003WEST_KERN",550,NA,NA
"1454","1988EAST_LECONTE",550,NA,NA
"1455","1985SUGARLOAF",550,NA,NA
"1456","1999ELEANOR",550,NA,NA
"1457","2003MUD",560,NA,NA
"1458","1988BUCKEYE",560,NA,NA
"1459","2003KIBBIE",560,NA,NA
"1460","2004MEADOW",560,NA,NA
"1461","2003SUMMIT",560,NA,NA
"1462","1990AVALANCHE",560,NA,NA
"1463","2001HOOVER",560,NA,NA
"1464","2006BRODER_BECK",560,NA,NA
"1465","1999HIRAM",560,NA,NA
"1466","1999LECONTE",560,13.8254535230735,0.0119211662338593
"1467","2003MOUNTAIN",560,NA,NA
"1468","2006TAMARACK",560,NA,NA
"1469","1985DOUGHERTY",560,NA,NA
"1470","2004BLUFF",560,NA,NA
"1471","1987FROG",560,NA,NA
"1472","1994HORIZON",560,NA,NA
"1473","2010SHEEP",560,NA,NA
"1474","1996BIG_ARROYO",560,NA,NA
"1475","2009GROUSE",560,NA,NA
"1476","2003WILLIAMS",560,NA,NA
"1477","1991FROG",560,NA,NA
"1478","2006FROG",560,NA,NA
"1479","2003WEST_KERN",560,NA,NA
"1480","1988EAST_LECONTE",560,NA,NA
"1481","1985SUGARLOAF",560,NA,NA
"1482","1999ELEANOR",560,NA,NA
"1483","2003MUD",570,NA,NA
"1484","1988BUCKEYE",570,NA,NA
"1485","2003KIBBIE",570,NA,NA
"1486","2004MEADOW",570,NA,NA
"1487","2003SUMMIT",570,NA,NA
"1488","1990AVALANCHE",570,NA,NA
"1489","2001HOOVER",570,NA,NA
"1490","2006BRODER_BECK",570,NA,NA
"1491","1999HIRAM",570,NA,NA
"1492","1999LECONTE",570,11.687897964114,0.0100780328342975
"1493","2003MOUNTAIN",570,NA,NA
"1494","2006TAMARACK",570,NA,NA
"1495","1985DOUGHERTY",570,NA,NA
"1496","2004BLUFF",570,NA,NA
"1497","1987FROG",570,NA,NA
"1498","1994HORIZON",570,NA,NA
"1499","2010SHEEP",570,NA,NA
"1500","1996BIG_ARROYO",570,NA,NA
"1501","2009GROUSE",570,NA,NA
"1502","2003WILLIAMS",570,NA,NA
"1503","1991FROG",570,NA,NA
"1504","2006FROG",570,NA,NA
"1505","2003WEST_KERN",570,NA,NA
"1506","1988EAST_LECONTE",570,NA,NA
"1507","1985SUGARLOAF",570,NA,NA
"1508","1999ELEANOR",570,NA,NA
"1509","2003MUD",580,NA,NA
"1510","1988BUCKEYE",580,NA,NA
"1511","2003KIBBIE",580,NA,NA
"1512","2004MEADOW",580,NA,NA
"1513","2003SUMMIT",580,NA,NA
"1514","1990AVALANCHE",580,NA,NA
"1515","2001HOOVER",580,NA,NA
"1516","2006BRODER_BECK",580,NA,NA
"1517","1999HIRAM",580,NA,NA
"1518","1999LECONTE",580,9.62791037499614,0.00830178336453669
"1519","2003MOUNTAIN",580,NA,NA
"1520","2006TAMARACK",580,NA,NA
"1521","1985DOUGHERTY",580,NA,NA
"1522","2004BLUFF",580,NA,NA
"1523","1987FROG",580,NA,NA
"1524","1994HORIZON",580,NA,NA
"1525","2010SHEEP",580,NA,NA
"1526","1996BIG_ARROYO",580,NA,NA
"1527","2009GROUSE",580,NA,NA
"1528","2003WILLIAMS",580,NA,NA
"1529","1991FROG",580,NA,NA
"1530","2006FROG",580,NA,NA
"1531","2003WEST_KERN",580,NA,NA
"1532","1988EAST_LECONTE",580,NA,NA
"1533","1985SUGARLOAF",580,NA,NA
"1534","1999ELEANOR",580,NA,NA
"1535","2003MUD",590,NA,NA
"1536","1988BUCKEYE",590,NA,NA
"1537","2003KIBBIE",590,NA,NA
"1538","2004MEADOW",590,NA,NA
"1539","2003SUMMIT",590,NA,NA
"1540","1990AVALANCHE",590,NA,NA
"1541","2001HOOVER",590,NA,NA
"1542","2006BRODER_BECK",590,NA,NA
"1543","1999HIRAM",590,NA,NA
"1544","1999LECONTE",590,7.64506193853942,0.00659204807172342
"1545","2003MOUNTAIN",590,NA,NA
"1546","2006TAMARACK",590,NA,NA
"1547","1985DOUGHERTY",590,NA,NA
"1548","2004BLUFF",590,NA,NA
"1549","1987FROG",590,NA,NA
"1550","1994HORIZON",590,NA,NA
"1551","2010SHEEP",590,NA,NA
"1552","1996BIG_ARROYO",590,NA,NA
"1553","2009GROUSE",590,NA,NA
"1554","2003WILLIAMS",590,NA,NA
"1555","1991FROG",590,NA,NA
"1556","2006FROG",590,NA,NA
"1557","2003WEST_KERN",590,NA,NA
"1558","1988EAST_LECONTE",590,NA,NA
"1559","1985SUGARLOAF",590,NA,NA
"1560","1999ELEANOR",590,NA,NA
"1561","2003MUD",600,NA,NA
"1562","1988BUCKEYE",600,NA,NA
"1563","2003KIBBIE",600,NA,NA
"1564","2004MEADOW",600,NA,NA
"1565","2003SUMMIT",600,NA,NA
"1566","1990AVALANCHE",600,NA,NA
"1567","2001HOOVER",600,NA,NA
"1568","2006BRODER_BECK",600,NA,NA
"1569","1999HIRAM",600,NA,NA
"1570","1999LECONTE",600,5.75060549010608,0.00495852985064739
"1571","2003MOUNTAIN",600,NA,NA
"1572","2006TAMARACK",600,NA,NA
"1573","1985DOUGHERTY",600,NA,NA
"1574","2004BLUFF",600,NA,NA
"1575","1987FROG",600,NA,NA
"1576","1994HORIZON",600,NA,NA
"1577","2010SHEEP",600,NA,NA
"1578","1996BIG_ARROYO",600,NA,NA
"1579","2009GROUSE",600,NA,NA
"1580","2003WILLIAMS",600,NA,NA
"1581","1991FROG",600,NA,NA
"1582","2006FROG",600,NA,NA
"1583","2003WEST_KERN",600,NA,NA
"1584","1988EAST_LECONTE",600,NA,NA
"1585","1985SUGARLOAF",600,NA,NA
"1586","1999ELEANOR",600,NA,NA
"1587","2003MUD",610,NA,NA
"1588","1988BUCKEYE",610,NA,NA
"1589","2003KIBBIE",610,NA,NA
"1590","2004MEADOW",610,NA,NA
"1591","2003SUMMIT",610,NA,NA
"1592","1990AVALANCHE",610,NA,NA
"1593","2001HOOVER",610,NA,NA
"1594","2006BRODER_BECK",610,NA,NA
"1595","1999HIRAM",610,NA,NA
"1596","1999LECONTE",610,4.14590231663837,0.00357485493141354
"1597","2003MOUNTAIN",610,NA,NA
"1598","2006TAMARACK",610,NA,NA
"1599","1985DOUGHERTY",610,NA,NA
"1600","2004BLUFF",610,NA,NA
"1601","1987FROG",610,NA,NA
"1602","1994HORIZON",610,NA,NA
"1603","2010SHEEP",610,NA,NA
"1604","1996BIG_ARROYO",610,NA,NA
"1605","2009GROUSE",610,NA,NA
"1606","2003WILLIAMS",610,NA,NA
"1607","1991FROG",610,NA,NA
"1608","2006FROG",610,NA,NA
"1609","2003WEST_KERN",610,NA,NA
"1610","1988EAST_LECONTE",610,NA,NA
"1611","1985SUGARLOAF",610,NA,NA
"1612","1999ELEANOR",610,NA,NA
"1613","2003MUD",620,NA,NA
"1614","1988BUCKEYE",620,NA,NA
"1615","2003KIBBIE",620,NA,NA
"1616","2004MEADOW",620,NA,NA
"1617","2003SUMMIT",620,NA,NA
"1618","1990AVALANCHE",620,NA,NA
"1619","2001HOOVER",620,NA,NA
"1620","2006BRODER_BECK",620,NA,NA
"1621","1999HIRAM",620,NA,NA
"1622","1999LECONTE",620,3.09296224624318,0.0026669444898122
"1623","2003MOUNTAIN",620,NA,NA
"1624","2006TAMARACK",620,NA,NA
"1625","1985DOUGHERTY",620,NA,NA
"1626","2004BLUFF",620,NA,NA
"1627","1987FROG",620,NA,NA
"1628","1994HORIZON",620,NA,NA
"1629","2010SHEEP",620,NA,NA
"1630","1996BIG_ARROYO",620,NA,NA
"1631","2009GROUSE",620,NA,NA
"1632","2003WILLIAMS",620,NA,NA
"1633","1991FROG",620,NA,NA
"1634","2006FROG",620,NA,NA
"1635","2003WEST_KERN",620,NA,NA
"1636","1988EAST_LECONTE",620,NA,NA
"1637","1985SUGARLOAF",620,NA,NA
"1638","1999ELEANOR",620,NA,NA
"1639","2003MUD",630,NA,NA
"1640","1988BUCKEYE",630,NA,NA
"1641","2003KIBBIE",630,NA,NA
"1642","2004MEADOW",630,NA,NA
"1643","2003SUMMIT",630,NA,NA
"1644","1990AVALANCHE",630,NA,NA
"1645","2001HOOVER",630,NA,NA
"1646","2006BRODER_BECK",630,NA,NA
"1647","1999HIRAM",630,NA,NA
"1648","1999LECONTE",630,2.26038890132016,0.0019490479499162
"1649","2003MOUNTAIN",630,NA,NA
"1650","2006TAMARACK",630,NA,NA
"1651","1985DOUGHERTY",630,NA,NA
"1652","2004BLUFF",630,NA,NA
"1653","1987FROG",630,NA,NA
"1654","1994HORIZON",630,NA,NA
"1655","2010SHEEP",630,NA,NA
"1656","1996BIG_ARROYO",630,NA,NA
"1657","2009GROUSE",630,NA,NA
"1658","2003WILLIAMS",630,NA,NA
"1659","1991FROG",630,NA,NA
"1660","2006FROG",630,NA,NA
"1661","2003WEST_KERN",630,NA,NA
"1662","1988EAST_LECONTE",630,NA,NA
"1663","1985SUGARLOAF",630,NA,NA
"1664","1999ELEANOR",630,NA,NA
"1665","2003MUD",640,NA,NA
"1666","1988BUCKEYE",640,NA,NA
"1667","2003KIBBIE",640,NA,NA
"1668","2004MEADOW",640,NA,NA
"1669","2003SUMMIT",640,NA,NA
"1670","1990AVALANCHE",640,NA,NA
"1671","2001HOOVER",640,NA,NA
"1672","2006BRODER_BECK",640,NA,NA
"1673","1999HIRAM",640,NA,NA
"1674","1999LECONTE",640,1.54178390290431,0.00132942200937829
"1675","2003MOUNTAIN",640,NA,NA
"1676","2006TAMARACK",640,NA,NA
"1677","1985DOUGHERTY",640,NA,NA
"1678","2004BLUFF",640,NA,NA
"1679","1987FROG",640,NA,NA
"1680","1994HORIZON",640,NA,NA
"1681","2010SHEEP",640,NA,NA
"1682","1996BIG_ARROYO",640,NA,NA
"1683","2009GROUSE",640,NA,NA
"1684","2003WILLIAMS",640,NA,NA
"1685","1991FROG",640,NA,NA
"1686","2006FROG",640,NA,NA
"1687","2003WEST_KERN",640,NA,NA
"1688","1988EAST_LECONTE",640,NA,NA
"1689","1985SUGARLOAF",640,NA,NA
"1690","1999ELEANOR",640,NA,NA
"1691","2003MUD",650,NA,NA
"1692","1988BUCKEYE",650,NA,NA
"1693","2003KIBBIE",650,NA,NA
"1694","2004MEADOW",650,NA,NA
"1695","2003SUMMIT",650,NA,NA
"1696","1990AVALANCHE",650,NA,NA
"1697","2001HOOVER",650,NA,NA
"1698","2006BRODER_BECK",650,NA,NA
"1699","1999HIRAM",650,NA,NA
"1700","1999LECONTE",650,0.952169080919789,0.000821019424602741
"1701","2003MOUNTAIN",650,NA,NA
"1702","2006TAMARACK",650,NA,NA
"1703","1985DOUGHERTY",650,NA,NA
"1704","2004BLUFF",650,NA,NA
"1705","1987FROG",650,NA,NA
"1706","1994HORIZON",650,NA,NA
"1707","2010SHEEP",650,NA,NA
"1708","1996BIG_ARROYO",650,NA,NA
"1709","2009GROUSE",650,NA,NA
"1710","2003WILLIAMS",650,NA,NA
"1711","1991FROG",650,NA,NA
"1712","2006FROG",650,NA,NA
"1713","2003WEST_KERN",650,NA,NA
"1714","1988EAST_LECONTE",650,NA,NA
"1715","1985SUGARLOAF",650,NA,NA
"1716","1999ELEANOR",650,NA,NA
"1717","2003MUD",660,NA,NA
"1718","1988BUCKEYE",660,NA,NA
"1719","2003KIBBIE",660,NA,NA
"1720","2004MEADOW",660,NA,NA
"1721","2003SUMMIT",660,NA,NA
"1722","1990AVALANCHE",660,NA,NA
"1723","2001HOOVER",660,NA,NA
"1724","2006BRODER_BECK",660,NA,NA
"1725","1999HIRAM",660,NA,NA
"1726","1999LECONTE",660,0.505062183010577,0.000435496038669292
"1727","2003MOUNTAIN",660,NA,NA
"1728","2006TAMARACK",660,NA,NA
"1729","1985DOUGHERTY",660,NA,NA
"1730","2004BLUFF",660,NA,NA
"1731","1987FROG",660,NA,NA
"1732","1994HORIZON",660,NA,NA
"1733","2010SHEEP",660,NA,NA
"1734","1996BIG_ARROYO",660,NA,NA
"1735","2009GROUSE",660,NA,NA
"1736","2003WILLIAMS",660,NA,NA
"1737","1991FROG",660,NA,NA
"1738","2006FROG",660,NA,NA
"1739","2003WEST_KERN",660,NA,NA
"1740","1988EAST_LECONTE",660,NA,NA
"1741","1985SUGARLOAF",660,NA,NA
"1742","1999ELEANOR",660,NA,NA
"1743","2003MUD",670,NA,NA
"1744","1988BUCKEYE",670,NA,NA
"1745","2003KIBBIE",670,NA,NA
"1746","2004MEADOW",670,NA,NA
"1747","2003SUMMIT",670,NA,NA
"1748","1990AVALANCHE",670,NA,NA
"1749","2001HOOVER",670,NA,NA
"1750","2006BRODER_BECK",670,NA,NA
"1751","1999HIRAM",670,NA,NA
"1752","1999LECONTE",670,0.200239297964726,0.000172658781399462
"1753","2003MOUNTAIN",670,NA,NA
"1754","2006TAMARACK",670,NA,NA
"1755","1985DOUGHERTY",670,NA,NA
"1756","2004BLUFF",670,NA,NA
"1757","1987FROG",670,NA,NA
"1758","1994HORIZON",670,NA,NA
"1759","2010SHEEP",670,NA,NA
"1760","1996BIG_ARROYO",670,NA,NA
"1761","2009GROUSE",670,NA,NA
"1762","2003WILLIAMS",670,NA,NA
"1763","1991FROG",670,NA,NA
"1764","2006FROG",670,NA,NA
"1765","2003WEST_KERN",670,NA,NA
"1766","1988EAST_LECONTE",670,NA,NA
"1767","1985SUGARLOAF",670,NA,NA
"1768","1999ELEANOR",670,NA,NA
"1769","2003MUD",680,NA,NA
"1770","1988BUCKEYE",680,NA,NA
"1771","2003KIBBIE",680,NA,NA
"1772","2004MEADOW",680,NA,NA
"1773","2003SUMMIT",680,NA,NA
"1774","1990AVALANCHE",680,NA,NA
"1775","2001HOOVER",680,NA,NA
"1776","2006BRODER_BECK",680,NA,NA
"1777","1999HIRAM",680,NA,NA
"1778","1999LECONTE",680,0.0348487728810075,3.00487802347434e-05
"1779","2003MOUNTAIN",680,NA,NA
"1780","2006TAMARACK",680,NA,NA
"1781","1985DOUGHERTY",680,NA,NA
"1782","2004BLUFF",680,NA,NA
"1783","1987FROG",680,NA,NA
"1784","1994HORIZON",680,NA,NA
"1785","2010SHEEP",680,NA,NA
"1786","1996BIG_ARROYO",680,NA,NA
"1787","2009GROUSE",680,NA,NA
"1788","2003WILLIAMS",680,NA,NA
"1789","1991FROG",680,NA,NA
"1790","2006FROG",680,NA,NA
"1791","2003WEST_KERN",680,NA,NA
"1792","1988EAST_LECONTE",680,NA,NA
"1793","1985SUGARLOAF",680,NA,NA
"1794","1999ELEANOR",680,NA,NA
"1795","2003MUD",690,NA,NA
"1796","1988BUCKEYE",690,NA,NA
"1797","2003KIBBIE",690,NA,NA
"1798","2004MEADOW",690,NA,NA
"1799","2003SUMMIT",690,NA,NA
"1800","1990AVALANCHE",690,NA,NA
"1801","2001HOOVER",690,NA,NA
"1802","2006BRODER_BECK",690,NA,NA
"1803","1999HIRAM",690,NA,NA
"1804","1999LECONTE",690,NA,NA
"1805","2003MOUNTAIN",690,NA,NA
"1806","2006TAMARACK",690,NA,NA
"1807","1985DOUGHERTY",690,NA,NA
"1808","2004BLUFF",690,NA,NA
"1809","1987FROG",690,NA,NA
"1810","1994HORIZON",690,NA,NA
"1811","2010SHEEP",690,NA,NA
"1812","1996BIG_ARROYO",690,NA,NA
"1813","2009GROUSE",690,NA,NA
"1814","2003WILLIAMS",690,NA,NA
"1815","1991FROG",690,NA,NA
"1816","2006FROG",690,NA,NA
"1817","2003WEST_KERN",690,NA,NA
"1818","1988EAST_LECONTE",690,NA,NA
"1819","1985SUGARLOAF",690,NA,NA
"1820","1999ELEANOR",690,NA,NA
"1821","2003MUD",700,NA,NA
"1822","1988BUCKEYE",700,NA,NA
"1823","2003KIBBIE",700,NA,NA
"1824","2004MEADOW",700,NA,NA
"1825","2003SUMMIT",700,NA,NA
"1826","1990AVALANCHE",700,NA,NA
"1827","2001HOOVER",700,NA,NA
"1828","2006BRODER_BECK",700,NA,NA
"1829","1999HIRAM",700,NA,NA
"1830","1999LECONTE",700,NA,NA
"1831","2003MOUNTAIN",700,NA,NA
"1832","2006TAMARACK",700,NA,NA
"1833","1985DOUGHERTY",700,NA,NA
"1834","2004BLUFF",700,NA,NA
"1835","1987FROG",700,NA,NA
"1836","1994HORIZON",700,NA,NA
"1837","2010SHEEP",700,NA,NA
"1838","1996BIG_ARROYO",700,NA,NA
"1839","2009GROUSE",700,NA,NA
"1840","2003WILLIAMS",700,NA,NA
"1841","1991FROG",700,NA,NA
"1842","2006FROG",700,NA,NA
"1843","2003WEST_KERN",700,NA,NA
"1844","1988EAST_LECONTE",700,NA,NA
"1845","1985SUGARLOAF",700,NA,NA
"1846","1999ELEANOR",700,NA,NA
"1847","2003MUD",710,NA,NA
"1848","1988BUCKEYE",710,NA,NA
"1849","2003KIBBIE",710,NA,NA
"1850","2004MEADOW",710,NA,NA
"1851","2003SUMMIT",710,NA,NA
"1852","1990AVALANCHE",710,NA,NA
"1853","2001HOOVER",710,NA,NA
"1854","2006BRODER_BECK",710,NA,NA
"1855","1999HIRAM",710,NA,NA
"1856","1999LECONTE",710,NA,NA
"1857","2003MOUNTAIN",710,NA,NA
"1858","2006TAMARACK",710,NA,NA
"1859","1985DOUGHERTY",710,NA,NA
"1860","2004BLUFF",710,NA,NA
"1861","1987FROG",710,NA,NA
"1862","1994HORIZON",710,NA,NA
"1863","2010SHEEP",710,NA,NA
"1864","1996BIG_ARROYO",710,NA,NA
"1865","2009GROUSE",710,NA,NA
"1866","2003WILLIAMS",710,NA,NA
"1867","1991FROG",710,NA,NA
"1868","2006FROG",710,NA,NA
"1869","2003WEST_KERN",710,NA,NA
"1870","1988EAST_LECONTE",710,NA,NA
"1871","1985SUGARLOAF",710,NA,NA
"1872","1999ELEANOR",710,NA,NA
"1873","2003MUD",720,NA,NA
"1874","1988BUCKEYE",720,NA,NA
"1875","2003KIBBIE",720,NA,NA
"1876","2004MEADOW",720,NA,NA
"1877","2003SUMMIT",720,NA,NA
"1878","1990AVALANCHE",720,NA,NA
"1879","2001HOOVER",720,NA,NA
"1880","2006BRODER_BECK",720,NA,NA
"1881","1999HIRAM",720,NA,NA
"1882","1999LECONTE",720,NA,NA
"1883","2003MOUNTAIN",720,NA,NA
"1884","2006TAMARACK",720,NA,NA
"1885","1985DOUGHERTY",720,NA,NA
"1886","2004BLUFF",720,NA,NA
"1887","1987FROG",720,NA,NA
"1888","1994HORIZON",720,NA,NA
"1889","2010SHEEP",720,NA,NA
"1890","1996BIG_ARROYO",720,NA,NA
"1891","2009GROUSE",720,NA,NA
"1892","2003WILLIAMS",720,NA,NA
"1893","1991FROG",720,NA,NA
"1894","2006FROG",720,NA,NA
"1895","2003WEST_KERN",720,NA,NA
"1896","1988EAST_LECONTE",720,NA,NA
"1897","1985SUGARLOAF",720,NA,NA
"1898","1999ELEANOR",720,NA,NA
"1899","2003MUD",730,NA,NA
"1900","1988BUCKEYE",730,NA,NA
"1901","2003KIBBIE",730,NA,NA
"1902","2004MEADOW",730,NA,NA
"1903","2003SUMMIT",730,NA,NA
"1904","1990AVALANCHE",730,NA,NA
"1905","2001HOOVER",730,NA,NA
"1906","2006BRODER_BECK",730,NA,NA
"1907","1999HIRAM",730,NA,NA
"1908","1999LECONTE",730,NA,NA
"1909","2003MOUNTAIN",730,NA,NA
"1910","2006TAMARACK",730,NA,NA
"1911","1985DOUGHERTY",730,NA,NA
"1912","2004BLUFF",730,NA,NA
"1913","1987FROG",730,NA,NA
"1914","1994HORIZON",730,NA,NA
"1915","2010SHEEP",730,NA,NA
"1916","1996BIG_ARROYO",730,NA,NA
"1917","2009GROUSE",730,NA,NA
"1918","2003WILLIAMS",730,NA,NA
"1919","1991FROG",730,NA,NA
"1920","2006FROG",730,NA,NA
"1921","2003WEST_KERN",730,NA,NA
"1922","1988EAST_LECONTE",730,NA,NA
"1923","1985SUGARLOAF",730,NA,NA
"1924","1999ELEANOR",730,NA,NA
"1925","2003MUD",740,NA,NA
"1926","1988BUCKEYE",740,NA,NA
"1927","2003KIBBIE",740,NA,NA
"1928","2004MEADOW",740,NA,NA
"1929","2003SUMMIT",740,NA,NA
"1930","1990AVALANCHE",740,NA,NA
"1931","2001HOOVER",740,NA,NA
"1932","2006BRODER_BECK",740,NA,NA
"1933","1999HIRAM",740,NA,NA
"1934","1999LECONTE",740,NA,NA
"1935","2003MOUNTAIN",740,NA,NA
"1936","2006TAMARACK",740,NA,NA
"1937","1985DOUGHERTY",740,NA,NA
"1938","2004BLUFF",740,NA,NA
"1939","1987FROG",740,NA,NA
"1940","1994HORIZON",740,NA,NA
"1941","2010SHEEP",740,NA,NA
"1942","1996BIG_ARROYO",740,NA,NA
"1943","2009GROUSE",740,NA,NA
"1944","2003WILLIAMS",740,NA,NA
"1945","1991FROG",740,NA,NA
"1946","2006FROG",740,NA,NA
"1947","2003WEST_KERN",740,NA,NA
"1948","1988EAST_LECONTE",740,NA,NA
"1949","1985SUGARLOAF",740,NA,NA
"1950","1999ELEANOR",740,NA,NA
"1951","2003MUD",750,NA,NA
"1952","1988BUCKEYE",750,NA,NA
"1953","2003KIBBIE",750,NA,NA
"1954","2004MEADOW",750,NA,NA
"1955","2003SUMMIT",750,NA,NA
"1956","1990AVALANCHE",750,NA,NA
"1957","2001HOOVER",750,NA,NA
"1958","2006BRODER_BECK",750,NA,NA
"1959","1999HIRAM",750,NA,NA
"1960","1999LECONTE",750,NA,NA
"1961","2003MOUNTAIN",750,NA,NA
"1962","2006TAMARACK",750,NA,NA
"1963","1985DOUGHERTY",750,NA,NA
"1964","2004BLUFF",750,NA,NA
"1965","1987FROG",750,NA,NA
"1966","1994HORIZON",750,NA,NA
"1967","2010SHEEP",750,NA,NA
"1968","1996BIG_ARROYO",750,NA,NA
"1969","2009GROUSE",750,NA,NA
"1970","2003WILLIAMS",750,NA,NA
"1971","1991FROG",750,NA,NA
"1972","2006FROG",750,NA,NA
"1973","2003WEST_KERN",750,NA,NA
"1974","1988EAST_LECONTE",750,NA,NA
"1975","1985SUGARLOAF",750,NA,NA
"1976","1999ELEANOR",750,NA,NA
"1977","2003MUD",760,NA,NA
"1978","1988BUCKEYE",760,NA,NA
"1979","2003KIBBIE",760,NA,NA
"1980","2004MEADOW",760,NA,NA
"1981","2003SUMMIT",760,NA,NA
"1982","1990AVALANCHE",760,NA,NA
"1983","2001HOOVER",760,NA,NA
"1984","2006BRODER_BECK",760,NA,NA
"1985","1999HIRAM",760,NA,NA
"1986","1999LECONTE",760,NA,NA
"1987","2003MOUNTAIN",760,NA,NA
"1988","2006TAMARACK",760,NA,NA
"1989","1985DOUGHERTY",760,NA,NA
"1990","2004BLUFF",760,NA,NA
"1991","1987FROG",760,NA,NA
"1992","1994HORIZON",760,NA,NA
"1993","2010SHEEP",760,NA,NA
"1994","1996BIG_ARROYO",760,NA,NA
"1995","2009GROUSE",760,NA,NA
"1996","2003WILLIAMS",760,NA,NA
"1997","1991FROG",760,NA,NA
"1998","2006FROG",760,NA,NA
"1999","2003WEST_KERN",760,NA,NA
"2000","1988EAST_LECONTE",760,NA,NA
"2001","1985SUGARLOAF",760,NA,NA
"2002","1999ELEANOR",760,NA,NA
"2003","2003MUD",770,NA,NA
"2004","1988BUCKEYE",770,NA,NA
"2005","2003KIBBIE",770,NA,NA
"2006","2004MEADOW",770,NA,NA
"2007","2003SUMMIT",770,NA,NA
"2008","1990AVALANCHE",770,NA,NA
"2009","2001HOOVER",770,NA,NA
"2010","2006BRODER_BECK",770,NA,NA
"2011","1999HIRAM",770,NA,NA
"2012","1999LECONTE",770,NA,NA
"2013","2003MOUNTAIN",770,NA,NA
"2014","2006TAMARACK",770,NA,NA
"2015","1985DOUGHERTY",770,NA,NA
"2016","2004BLUFF",770,NA,NA
"2017","1987FROG",770,NA,NA
"2018","1994HORIZON",770,NA,NA
"2019","2010SHEEP",770,NA,NA
"2020","1996BIG_ARROYO",770,NA,NA
"2021","2009GROUSE",770,NA,NA
"2022","2003WILLIAMS",770,NA,NA
"2023","1991FROG",770,NA,NA
"2024","2006FROG",770,NA,NA
"2025","2003WEST_KERN",770,NA,NA
"2026","1988EAST_LECONTE",770,NA,NA
"2027","1985SUGARLOAF",770,NA,NA
"2028","1999ELEANOR",770,NA,NA
"2029","2003MUD",780,NA,NA
"2030","1988BUCKEYE",780,NA,NA
"2031","2003KIBBIE",780,NA,NA
"2032","2004MEADOW",780,NA,NA
"2033","2003SUMMIT",780,NA,NA
"2034","1990AVALANCHE",780,NA,NA
"2035","2001HOOVER",780,NA,NA
"2036","2006BRODER_BECK",780,NA,NA
"2037","1999HIRAM",780,NA,NA
"2038","1999LECONTE",780,NA,NA
"2039","2003MOUNTAIN",780,NA,NA
"2040","2006TAMARACK",780,NA,NA
"2041","1985DOUGHERTY",780,NA,NA
"2042","2004BLUFF",780,NA,NA
"2043","1987FROG",780,NA,NA
"2044","1994HORIZON",780,NA,NA
"2045","2010SHEEP",780,NA,NA
"2046","1996BIG_ARROYO",780,NA,NA
"2047","2009GROUSE",780,NA,NA
"2048","2003WILLIAMS",780,NA,NA
"2049","1991FROG",780,NA,NA
"2050","2006FROG",780,NA,NA
"2051","2003WEST_KERN",780,NA,NA
"2052","1988EAST_LECONTE",780,NA,NA
"2053","1985SUGARLOAF",780,NA,NA
"2054","1999ELEANOR",780,NA,NA
"2055","2003MUD",790,NA,NA
"2056","1988BUCKEYE",790,NA,NA
"2057","2003KIBBIE",790,NA,NA
"2058","2004MEADOW",790,NA,NA
"2059","2003SUMMIT",790,NA,NA
"2060","1990AVALANCHE",790,NA,NA
"2061","2001HOOVER",790,NA,NA
"2062","2006BRODER_BECK",790,NA,NA
"2063","1999HIRAM",790,NA,NA
"2064","1999LECONTE",790,NA,NA
"2065","2003MOUNTAIN",790,NA,NA
"2066","2006TAMARACK",790,NA,NA
"2067","1985DOUGHERTY",790,NA,NA
"2068","2004BLUFF",790,NA,NA
"2069","1987FROG",790,NA,NA
"2070","1994HORIZON",790,NA,NA
"2071","2010SHEEP",790,NA,NA
"2072","1996BIG_ARROYO",790,NA,NA
"2073","2009GROUSE",790,NA,NA
"2074","2003WILLIAMS",790,NA,NA
"2075","1991FROG",790,NA,NA
"2076","2006FROG",790,NA,NA
"2077","2003WEST_KERN",790,NA,NA
"2078","1988EAST_LECONTE",790,NA,NA
"2079","1985SUGARLOAF",790,NA,NA
"2080","1999ELEANOR",790,NA,NA
"2081","2003MUD",800,NA,NA
"2082","1988BUCKEYE",800,NA,NA
"2083","2003KIBBIE",800,NA,NA
"2084","2004MEADOW",800,NA,NA
"2085","2003SUMMIT",800,NA,NA
"2086","1990AVALANCHE",800,NA,NA
"2087","2001HOOVER",800,NA,NA
"2088","2006BRODER_BECK",800,NA,NA
"2089","1999HIRAM",800,NA,NA
"2090","1999LECONTE",800,NA,NA
"2091","2003MOUNTAIN",800,NA,NA
"2092","2006TAMARACK",800,NA,NA
"2093","1985DOUGHERTY",800,NA,NA
"2094","2004BLUFF",800,NA,NA
"2095","1987FROG",800,NA,NA
"2096","1994HORIZON",800,NA,NA
"2097","2010SHEEP",800,NA,NA
"2098","1996BIG_ARROYO",800,NA,NA
"2099","2009GROUSE",800,NA,NA
"2100","2003WILLIAMS",800,NA,NA
"2101","1991FROG",800,NA,NA
"2102","2006FROG",800,NA,NA
"2103","2003WEST_KERN",800,NA,NA
"2104","1988EAST_LECONTE",800,NA,NA
"2105","1985SUGARLOAF",800,NA,NA
"2106","1999ELEANOR",800,NA,NA
"2107","2003MUD",810,NA,NA
"2108","1988BUCKEYE",810,NA,NA
"2109","2003KIBBIE",810,NA,NA
"2110","2004MEADOW",810,NA,NA
"2111","2003SUMMIT",810,NA,NA
"2112","1990AVALANCHE",810,NA,NA
"2113","2001HOOVER",810,NA,NA
"2114","2006BRODER_BECK",810,NA,NA
"2115","1999HIRAM",810,NA,NA
"2116","1999LECONTE",810,NA,NA
"2117","2003MOUNTAIN",810,NA,NA
"2118","2006TAMARACK",810,NA,NA
"2119","1985DOUGHERTY",810,NA,NA
"2120","2004BLUFF",810,NA,NA
"2121","1987FROG",810,NA,NA
"2122","1994HORIZON",810,NA,NA
"2123","2010SHEEP",810,NA,NA
"2124","1996BIG_ARROYO",810,NA,NA
"2125","2009GROUSE",810,NA,NA
"2126","2003WILLIAMS",810,NA,NA
"2127","1991FROG",810,NA,NA
"2128","2006FROG",810,NA,NA
"2129","2003WEST_KERN",810,NA,NA
"2130","1988EAST_LECONTE",810,NA,NA
"2131","1985SUGARLOAF",810,NA,NA
"2132","1999ELEANOR",810,NA,NA
"2133","2003MUD",820,NA,NA
"2134","1988BUCKEYE",820,NA,NA
"2135","2003KIBBIE",820,NA,NA
"2136","2004MEADOW",820,NA,NA
"2137","2003SUMMIT",820,NA,NA
"2138","1990AVALANCHE",820,NA,NA
"2139","2001HOOVER",820,NA,NA
"2140","2006BRODER_BECK",820,NA,NA
"2141","1999HIRAM",820,NA,NA
"2142","1999LECONTE",820,NA,NA
"2143","2003MOUNTAIN",820,NA,NA
"2144","2006TAMARACK",820,NA,NA
"2145","1985DOUGHERTY",820,NA,NA
"2146","2004BLUFF",820,NA,NA
"2147","1987FROG",820,NA,NA
"2148","1994HORIZON",820,NA,NA
"2149","2010SHEEP",820,NA,NA
"2150","1996BIG_ARROYO",820,NA,NA
"2151","2009GROUSE",820,NA,NA
"2152","2003WILLIAMS",820,NA,NA
"2153","1991FROG",820,NA,NA
"2154","2006FROG",820,NA,NA
"2155","2003WEST_KERN",820,NA,NA
"2156","1988EAST_LECONTE",820,NA,NA
"2157","1985SUGARLOAF",820,NA,NA
"2158","1999ELEANOR",820,NA,NA
"2159","2003MUD",830,NA,NA
"2160","1988BUCKEYE",830,NA,NA
"2161","2003KIBBIE",830,NA,NA
"2162","2004MEADOW",830,NA,NA
"2163","2003SUMMIT",830,NA,NA
"2164","1990AVALANCHE",830,NA,NA
"2165","2001HOOVER",830,NA,NA
"2166","2006BRODER_BECK",830,NA,NA
"2167","1999HIRAM",830,NA,NA
"2168","1999LECONTE",830,NA,NA
"2169","2003MOUNTAIN",830,NA,NA
"2170","2006TAMARACK",830,NA,NA
"2171","1985DOUGHERTY",830,NA,NA
"2172","2004BLUFF",830,NA,NA
"2173","1987FROG",830,NA,NA
"2174","1994HORIZON",830,NA,NA
"2175","2010SHEEP",830,NA,NA
"2176","1996BIG_ARROYO",830,NA,NA
"2177","2009GROUSE",830,NA,NA
"2178","2003WILLIAMS",830,NA,NA
"2179","1991FROG",830,NA,NA
"2180","2006FROG",830,NA,NA
"2181","2003WEST_KERN",830,NA,NA
"2182","1988EAST_LECONTE",830,NA,NA
"2183","1985SUGARLOAF",830,NA,NA
"2184","1999ELEANOR",830,NA,NA
"2185","2003MUD",840,NA,NA
"2186","1988BUCKEYE",840,NA,NA
"2187","2003KIBBIE",840,NA,NA
"2188","2004MEADOW",840,NA,NA
"2189","2003SUMMIT",840,NA,NA
"2190","1990AVALANCHE",840,NA,NA
"2191","2001HOOVER",840,NA,NA
"2192","2006BRODER_BECK",840,NA,NA
"2193","1999HIRAM",840,NA,NA
"2194","1999LECONTE",840,NA,NA
"2195","2003MOUNTAIN",840,NA,NA
"2196","2006TAMARACK",840,NA,NA
"2197","1985DOUGHERTY",840,NA,NA
"2198","2004BLUFF",840,NA,NA
"2199","1987FROG",840,NA,NA
"2200","1994HORIZON",840,NA,NA
"2201","2010SHEEP",840,NA,NA
"2202","1996BIG_ARROYO",840,NA,NA
"2203","2009GROUSE",840,NA,NA
"2204","2003WILLIAMS",840,NA,NA
"2205","1991FROG",840,NA,NA
"2206","2006FROG",840,NA,NA
"2207","2003WEST_KERN",840,NA,NA
"2208","1988EAST_LECONTE",840,NA,NA
"2209","1985SUGARLOAF",840,NA,NA
"2210","1999ELEANOR",840,NA,NA
"2211","2003MUD",850,NA,NA
"2212","1988BUCKEYE",850,NA,NA
"2213","2003KIBBIE",850,NA,NA
"2214","2004MEADOW",850,NA,NA
"2215","2003SUMMIT",850,NA,NA
"2216","1990AVALANCHE",850,NA,NA
"2217","2001HOOVER",850,NA,NA
"2218","2006BRODER_BECK",850,NA,NA
"2219","1999HIRAM",850,NA,NA
"2220","1999LECONTE",850,NA,NA
"2221","2003MOUNTAIN",850,NA,NA
"2222","2006TAMARACK",850,NA,NA
"2223","1985DOUGHERTY",850,NA,NA
"2224","2004BLUFF",850,NA,NA
"2225","1987FROG",850,NA,NA
"2226","1994HORIZON",850,NA,NA
"2227","2010SHEEP",850,NA,NA
"2228","1996BIG_ARROYO",850,NA,NA
"2229","2009GROUSE",850,NA,NA
"2230","2003WILLIAMS",850,NA,NA
"2231","1991FROG",850,NA,NA
"2232","2006FROG",850,NA,NA
"2233","2003WEST_KERN",850,NA,NA
"2234","1988EAST_LECONTE",850,NA,NA
"2235","1985SUGARLOAF",850,NA,NA
"2236","1999ELEANOR",850,NA,NA
"2237","2003MUD",860,NA,NA
"2238","1988BUCKEYE",860,NA,NA
"2239","2003KIBBIE",860,NA,NA
"2240","2004MEADOW",860,NA,NA
"2241","2003SUMMIT",860,NA,NA
"2242","1990AVALANCHE",860,NA,NA
"2243","2001HOOVER",860,NA,NA
"2244","2006BRODER_BECK",860,NA,NA
"2245","1999HIRAM",860,NA,NA
"2246","1999LECONTE",860,NA,NA
"2247","2003MOUNTAIN",860,NA,NA
"2248","2006TAMARACK",860,NA,NA
"2249","1985DOUGHERTY",860,NA,NA
"2250","2004BLUFF",860,NA,NA
"2251","1987FROG",860,NA,NA
"2252","1994HORIZON",860,NA,NA
"2253","2010SHEEP",860,NA,NA
"2254","1996BIG_ARROYO",860,NA,NA
"2255","2009GROUSE",860,NA,NA
"2256","2003WILLIAMS",860,NA,NA
"2257","1991FROG",860,NA,NA
"2258","2006FROG",860,NA,NA
"2259","2003WEST_KERN",860,NA,NA
"2260","1988EAST_LECONTE",860,NA,NA
"2261","1985SUGARLOAF",860,NA,NA
"2262","1999ELEANOR",860,NA,NA
"2263","2003MUD",870,NA,NA
"2264","1988BUCKEYE",870,NA,NA
"2265","2003KIBBIE",870,NA,NA
"2266","2004MEADOW",870,NA,NA
"2267","2003SUMMIT",870,NA,NA
"2268","1990AVALANCHE",870,NA,NA
"2269","2001HOOVER",870,NA,NA
"2270","2006BRODER_BECK",870,NA,NA
"2271","1999HIRAM",870,NA,NA
"2272","1999LECONTE",870,NA,NA
"2273","2003MOUNTAIN",870,NA,NA
"2274","2006TAMARACK",870,NA,NA
"2275","1985DOUGHERTY",870,NA,NA
"2276","2004BLUFF",870,NA,NA
"2277","1987FROG",870,NA,NA
"2278","1994HORIZON",870,NA,NA
"2279","2010SHEEP",870,NA,NA
"2280","1996BIG_ARROYO",870,NA,NA
"2281","2009GROUSE",870,NA,NA
"2282","2003WILLIAMS",870,NA,NA
"2283","1991FROG",870,NA,NA
"2284","2006FROG",870,NA,NA
"2285","2003WEST_KERN",870,NA,NA
"2286","1988EAST_LECONTE",870,NA,NA
"2287","1985SUGARLOAF",870,NA,NA
"2288","1999ELEANOR",870,NA,NA
"2289","2003MUD",880,NA,NA
"2290","1988BUCKEYE",880,NA,NA
"2291","2003KIBBIE",880,NA,NA
"2292","2004MEADOW",880,NA,NA
"2293","2003SUMMIT",880,NA,NA
"2294","1990AVALANCHE",880,NA,NA
"2295","2001HOOVER",880,NA,NA
"2296","2006BRODER_BECK",880,NA,NA
"2297","1999HIRAM",880,NA,NA
"2298","1999LECONTE",880,NA,NA
"2299","2003MOUNTAIN",880,NA,NA
"2300","2006TAMARACK",880,NA,NA
"2301","1985DOUGHERTY",880,NA,NA
"2302","2004BLUFF",880,NA,NA
"2303","1987FROG",880,NA,NA
"2304","1994HORIZON",880,NA,NA
"2305","2010SHEEP",880,NA,NA
"2306","1996BIG_ARROYO",880,NA,NA
"2307","2009GROUSE",880,NA,NA
"2308","2003WILLIAMS",880,NA,NA
"2309","1991FROG",880,NA,NA
"2310","2006FROG",880,NA,NA
"2311","2003WEST_KERN",880,NA,NA
"2312","1988EAST_LECONTE",880,NA,NA
"2313","1985SUGARLOAF",880,NA,NA
"2314","1999ELEANOR",880,NA,NA
"2315","2003MUD",890,NA,NA
"2316","1988BUCKEYE",890,NA,NA
"2317","2003KIBBIE",890,NA,NA
"2318","2004MEADOW",890,NA,NA
"2319","2003SUMMIT",890,NA,NA
"2320","1990AVALANCHE",890,NA,NA
"2321","2001HOOVER",890,NA,NA
"2322","2006BRODER_BECK",890,NA,NA
"2323","1999HIRAM",890,NA,NA
"2324","1999LECONTE",890,NA,NA
"2325","2003MOUNTAIN",890,NA,NA
"2326","2006TAMARACK",890,NA,NA
"2327","1985DOUGHERTY",890,NA,NA
"2328","2004BLUFF",890,NA,NA
"2329","1987FROG",890,NA,NA
"2330","1994HORIZON",890,NA,NA
"2331","2010SHEEP",890,NA,NA
"2332","1996BIG_ARROYO",890,NA,NA
"2333","2009GROUSE",890,NA,NA
"2334","2003WILLIAMS",890,NA,NA
"2335","1991FROG",890,NA,NA
"2336","2006FROG",890,NA,NA
"2337","2003WEST_KERN",890,NA,NA
"2338","1988EAST_LECONTE",890,NA,NA
"2339","1985SUGARLOAF",890,NA,NA
"2340","1999ELEANOR",890,NA,NA
"2341","2003MUD",900,NA,NA
"2342","1988BUCKEYE",900,NA,NA
"2343","2003KIBBIE",900,NA,NA
"2344","2004MEADOW",900,NA,NA
"2345","2003SUMMIT",900,NA,NA
"2346","1990AVALANCHE",900,NA,NA
"2347","2001HOOVER",900,NA,NA
"2348","2006BRODER_BECK",900,NA,NA
"2349","1999HIRAM",900,NA,NA
"2350","1999LECONTE",900,NA,NA
"2351","2003MOUNTAIN",900,NA,NA
"2352","2006TAMARACK",900,NA,NA
"2353","1985DOUGHERTY",900,NA,NA
"2354","2004BLUFF",900,NA,NA
"2355","1987FROG",900,NA,NA
"2356","1994HORIZON",900,NA,NA
"2357","2010SHEEP",900,NA,NA
"2358","1996BIG_ARROYO",900,NA,NA
"2359","2009GROUSE",900,NA,NA
"2360","2003WILLIAMS",900,NA,NA
"2361","1991FROG",900,NA,NA
"2362","2006FROG",900,NA,NA
"2363","2003WEST_KERN",900,NA,NA
"2364","1988EAST_LECONTE",900,NA,NA
"2365","1985SUGARLOAF",900,NA,NA
"2366","1999ELEANOR",900,NA,NA
"2367","2003MUD",910,NA,NA
"2368","1988BUCKEYE",910,NA,NA
"2369","2003KIBBIE",910,NA,NA
"2370","2004MEADOW",910,NA,NA
"2371","2003SUMMIT",910,NA,NA
"2372","1990AVALANCHE",910,NA,NA
"2373","2001HOOVER",910,NA,NA
"2374","2006BRODER_BECK",910,NA,NA
"2375","1999HIRAM",910,NA,NA
"2376","1999LECONTE",910,NA,NA
"2377","2003MOUNTAIN",910,NA,NA
"2378","2006TAMARACK",910,NA,NA
"2379","1985DOUGHERTY",910,NA,NA
"2380","2004BLUFF",910,NA,NA
"2381","1987FROG",910,NA,NA
"2382","1994HORIZON",910,NA,NA
"2383","2010SHEEP",910,NA,NA
"2384","1996BIG_ARROYO",910,NA,NA
"2385","2009GROUSE",910,NA,NA
"2386","2003WILLIAMS",910,NA,NA
"2387","1991FROG",910,NA,NA
"2388","2006FROG",910,NA,NA
"2389","2003WEST_KERN",910,NA,NA
"2390","1988EAST_LECONTE",910,NA,NA
"2391","1985SUGARLOAF",910,NA,NA
"2392","1999ELEANOR",910,NA,NA
"2393","2003MUD",920,NA,NA
"2394","1988BUCKEYE",920,NA,NA
"2395","2003KIBBIE",920,NA,NA
"2396","2004MEADOW",920,NA,NA
"2397","2003SUMMIT",920,NA,NA
"2398","1990AVALANCHE",920,NA,NA
"2399","2001HOOVER",920,NA,NA
"2400","2006BRODER_BECK",920,NA,NA
"2401","1999HIRAM",920,NA,NA
"2402","1999LECONTE",920,NA,NA
"2403","2003MOUNTAIN",920,NA,NA
"2404","2006TAMARACK",920,NA,NA
"2405","1985DOUGHERTY",920,NA,NA
"2406","2004BLUFF",920,NA,NA
"2407","1987FROG",920,NA,NA
"2408","1994HORIZON",920,NA,NA
"2409","2010SHEEP",920,NA,NA
"2410","1996BIG_ARROYO",920,NA,NA
"2411","2009GROUSE",920,NA,NA
"2412","2003WILLIAMS",920,NA,NA
"2413","1991FROG",920,NA,NA
"2414","2006FROG",920,NA,NA
"2415","2003WEST_KERN",920,NA,NA
"2416","1988EAST_LECONTE",920,NA,NA
"2417","1985SUGARLOAF",920,NA,NA
"2418","1999ELEANOR",920,NA,NA
"2419","2003MUD",930,NA,NA
"2420","1988BUCKEYE",930,NA,NA
"2421","2003KIBBIE",930,NA,NA
"2422","2004MEADOW",930,NA,NA
"2423","2003SUMMIT",930,NA,NA
"2424","1990AVALANCHE",930,NA,NA
"2425","2001HOOVER",930,NA,NA
"2426","2006BRODER_BECK",930,NA,NA
"2427","1999HIRAM",930,NA,NA
"2428","1999LECONTE",930,NA,NA
"2429","2003MOUNTAIN",930,NA,NA
"2430","2006TAMARACK",930,NA,NA
"2431","1985DOUGHERTY",930,NA,NA
"2432","2004BLUFF",930,NA,NA
"2433","1987FROG",930,NA,NA
"2434","1994HORIZON",930,NA,NA
"2435","2010SHEEP",930,NA,NA
"2436","1996BIG_ARROYO",930,NA,NA
"2437","2009GROUSE",930,NA,NA
"2438","2003WILLIAMS",930,NA,NA
"2439","1991FROG",930,NA,NA
"2440","2006FROG",930,NA,NA
"2441","2003WEST_KERN",930,NA,NA
"2442","1988EAST_LECONTE",930,NA,NA
"2443","1985SUGARLOAF",930,NA,NA
"2444","1999ELEANOR",930,NA,NA
"2445","2003MUD",940,NA,NA
"2446","1988BUCKEYE",940,NA,NA
"2447","2003KIBBIE",940,NA,NA
"2448","2004MEADOW",940,NA,NA
"2449","2003SUMMIT",940,NA,NA
"2450","1990AVALANCHE",940,NA,NA
"2451","2001HOOVER",940,NA,NA
"2452","2006BRODER_BECK",940,NA,NA
"2453","1999HIRAM",940,NA,NA
"2454","1999LECONTE",940,NA,NA
"2455","2003MOUNTAIN",940,NA,NA
"2456","2006TAMARACK",940,NA,NA
"2457","1985DOUGHERTY",940,NA,NA
"2458","2004BLUFF",940,NA,NA
"2459","1987FROG",940,NA,NA
"2460","1994HORIZON",940,NA,NA
"2461","2010SHEEP",940,NA,NA
"2462","1996BIG_ARROYO",940,NA,NA
"2463","2009GROUSE",940,NA,NA
"2464","2003WILLIAMS",940,NA,NA
"2465","1991FROG",940,NA,NA
"2466","2006FROG",940,NA,NA
"2467","2003WEST_KERN",940,NA,NA
"2468","1988EAST_LECONTE",940,NA,NA
"2469","1985SUGARLOAF",940,NA,NA
"2470","1999ELEANOR",940,NA,NA
"2471","2003MUD",950,NA,NA
"2472","1988BUCKEYE",950,NA,NA
"2473","2003KIBBIE",950,NA,NA
"2474","2004MEADOW",950,NA,NA
"2475","2003SUMMIT",950,NA,NA
"2476","1990AVALANCHE",950,NA,NA
"2477","2001HOOVER",950,NA,NA
"2478","2006BRODER_BECK",950,NA,NA
"2479","1999HIRAM",950,NA,NA
"2480","1999LECONTE",950,NA,NA
"2481","2003MOUNTAIN",950,NA,NA
"2482","2006TAMARACK",950,NA,NA
"2483","1985DOUGHERTY",950,NA,NA
"2484","2004BLUFF",950,NA,NA
"2485","1987FROG",950,NA,NA
"2486","1994HORIZON",950,NA,NA
"2487","2010SHEEP",950,NA,NA
"2488","1996BIG_ARROYO",950,NA,NA
"2489","2009GROUSE",950,NA,NA
"2490","2003WILLIAMS",950,NA,NA
"2491","1991FROG",950,NA,NA
"2492","2006FROG",950,NA,NA
"2493","2003WEST_KERN",950,NA,NA
"2494","1988EAST_LECONTE",950,NA,NA
"2495","1985SUGARLOAF",950,NA,NA
"2496","1999ELEANOR",950,NA,NA
"2497","2003MUD",960,NA,NA
"2498","1988BUCKEYE",960,NA,NA
"2499","2003KIBBIE",960,NA,NA
"2500","2004MEADOW",960,NA,NA
"2501","2003SUMMIT",960,NA,NA
"2502","1990AVALANCHE",960,NA,NA
"2503","2001HOOVER",960,NA,NA
"2504","2006BRODER_BECK",960,NA,NA
"2505","1999HIRAM",960,NA,NA
"2506","1999LECONTE",960,NA,NA
"2507","2003MOUNTAIN",960,NA,NA
"2508","2006TAMARACK",960,NA,NA
"2509","1985DOUGHERTY",960,NA,NA
"2510","2004BLUFF",960,NA,NA
"2511","1987FROG",960,NA,NA
"2512","1994HORIZON",960,NA,NA
"2513","2010SHEEP",960,NA,NA
"2514","1996BIG_ARROYO",960,NA,NA
"2515","2009GROUSE",960,NA,NA
"2516","2003WILLIAMS",960,NA,NA
"2517","1991FROG",960,NA,NA
"2518","2006FROG",960,NA,NA
"2519","2003WEST_KERN",960,NA,NA
"2520","1988EAST_LECONTE",960,NA,NA
"2521","1985SUGARLOAF",960,NA,NA
"2522","1999ELEANOR",960,NA,NA
"2523","2003MUD",970,NA,NA
"2524","1988BUCKEYE",970,NA,NA
"2525","2003KIBBIE",970,NA,NA
"2526","2004MEADOW",970,NA,NA
"2527","2003SUMMIT",970,NA,NA
"2528","1990AVALANCHE",970,NA,NA
"2529","2001HOOVER",970,NA,NA
"2530","2006BRODER_BECK",970,NA,NA
"2531","1999HIRAM",970,NA,NA
"2532","1999LECONTE",970,NA,NA
"2533","2003MOUNTAIN",970,NA,NA
"2534","2006TAMARACK",970,NA,NA
"2535","1985DOUGHERTY",970,NA,NA
"2536","2004BLUFF",970,NA,NA
"2537","1987FROG",970,NA,NA
"2538","1994HORIZON",970,NA,NA
"2539","2010SHEEP",970,NA,NA
"2540","1996BIG_ARROYO",970,NA,NA
"2541","2009GROUSE",970,NA,NA
"2542","2003WILLIAMS",970,NA,NA
"2543","1991FROG",970,NA,NA
"2544","2006FROG",970,NA,NA
"2545","2003WEST_KERN",970,NA,NA
"2546","1988EAST_LECONTE",970,NA,NA
"2547","1985SUGARLOAF",970,NA,NA
"2548","1999ELEANOR",970,NA,NA
"2549","2003MUD",980,NA,NA
"2550","1988BUCKEYE",980,NA,NA
"2551","2003KIBBIE",980,NA,NA
"2552","2004MEADOW",980,NA,NA
"2553","2003SUMMIT",980,NA,NA
"2554","1990AVALANCHE",980,NA,NA
"2555","2001HOOVER",980,NA,NA
"2556","2006BRODER_BECK",980,NA,NA
"2557","1999HIRAM",980,NA,NA
"2558","1999LECONTE",980,NA,NA
"2559","2003MOUNTAIN",980,NA,NA
"2560","2006TAMARACK",980,NA,NA
"2561","1985DOUGHERTY",980,NA,NA
"2562","2004BLUFF",980,NA,NA
"2563","1987FROG",980,NA,NA
"2564","1994HORIZON",980,NA,NA
"2565","2010SHEEP",980,NA,NA
"2566","1996BIG_ARROYO",980,NA,NA
"2567","2009GROUSE",980,NA,NA
"2568","2003WILLIAMS",980,NA,NA
"2569","1991FROG",980,NA,NA
"2570","2006FROG",980,NA,NA
"2571","2003WEST_KERN",980,NA,NA
"2572","1988EAST_LECONTE",980,NA,NA
"2573","1985SUGARLOAF",980,NA,NA
"2574","1999ELEANOR",980,NA,NA
"2575","2003MUD",990,NA,NA
"2576","1988BUCKEYE",990,NA,NA
"2577","2003KIBBIE",990,NA,NA
"2578","2004MEADOW",990,NA,NA
"2579","2003SUMMIT",990,NA,NA
"2580","1990AVALANCHE",990,NA,NA
"2581","2001HOOVER",990,NA,NA
"2582","2006BRODER_BECK",990,NA,NA
"2583","1999HIRAM",990,NA,NA
"2584","1999LECONTE",990,NA,NA
"2585","2003MOUNTAIN",990,NA,NA
"2586","2006TAMARACK",990,NA,NA
"2587","1985DOUGHERTY",990,NA,NA
"2588","2004BLUFF",990,NA,NA
"2589","1987FROG",990,NA,NA
"2590","1994HORIZON",990,NA,NA
"2591","2010SHEEP",990,NA,NA
"2592","1996BIG_ARROYO",990,NA,NA
"2593","2009GROUSE",990,NA,NA
"2594","2003WILLIAMS",990,NA,NA
"2595","1991FROG",990,NA,NA
"2596","2006FROG",990,NA,NA
"2597","2003WEST_KERN",990,NA,NA
"2598","1988EAST_LECONTE",990,NA,NA
"2599","1985SUGARLOAF",990,NA,NA
"2600","1999ELEANOR",990,NA,NA
"2601","2003MUD",1000,NA,NA
"2602","1988BUCKEYE",1000,NA,NA
"2603","2003KIBBIE",1000,NA,NA
"2604","2004MEADOW",1000,NA,NA
"2605","2003SUMMIT",1000,NA,NA
"2606","1990AVALANCHE",1000,NA,NA
"2607","2001HOOVER",1000,NA,NA
"2608","2006BRODER_BECK",1000,NA,NA
"2609","1999HIRAM",1000,NA,NA
"2610","1999LECONTE",1000,NA,NA
"2611","2003MOUNTAIN",1000,NA,NA
"2612","2006TAMARACK",1000,NA,NA
"2613","1985DOUGHERTY",1000,NA,NA
"2614","2004BLUFF",1000,NA,NA
"2615","1987FROG",1000,NA,NA
"2616","1994HORIZON",1000,NA,NA
"2617","2010SHEEP",1000,NA,NA
"2618","1996BIG_ARROYO",1000,NA,NA
"2619","2009GROUSE",1000,NA,NA
"2620","2003WILLIAMS",1000,NA,NA
"2621","1991FROG",1000,NA,NA
"2622","2006FROG",1000,NA,NA
"2623","2003WEST_KERN",1000,NA,NA
"2624","1988EAST_LECONTE",1000,NA,NA
"2625","1985SUGARLOAF",1000,NA,NA
"2626","1999ELEANOR",1000,NA,NA
